Date,Name,Round,Venue,Result,Squad,Opponent,Start,Pos,Min,SoTA,Goals Against,Saves,Save Percentage,Clean Sheets,Post-Shot Expected Goals,Penalty Kicks Attempted,Penalty Kicks Allowed,Penalty Kicks Saved,Penalty Kicks Missed,Cmp,Att,Cmp%,Att.1,Thr,Launch%,AvgLen,Att.2,Launch%.1,AvgLen.1,Opp,Stp,Stp%,#OPA,AvgDist,Passes Completed (Passes longer than 40 yards),Passes Attempted (Passes longer than 40 yards),Pass Completion Percentage (Passes longer than 40 yards),Passes Attempted,Throws Attempted,Percentage of Passes that were Launched,"Average length of passes, in yards",Goal Kick Passes Attempted,Percentage of Goal Kicks that were Launched,Average length of goal kicks,Opponent's attempted crosses into penalty area,Number of crosses into penalty area successfully stopped,Percentage of crosses into penalty area successfully stopped,Number of defensive actions outside of penalty area,Average distance from goal to perform defensive actions
2020-09-20,Wojciech Szczęsny,Matchweek 1,Home,W 3–0,Juventus,Sampdoria,Y,GK,90,1,0,1,1.000,1,0.0,0,0,0,0,5,9,55.6,38,4,15.8,29.8,9,33.3,25.4,7,0,0.0,1,15.2,,,,,,,,,,,,,,,
2020-09-27,Wojciech Szczęsny,Matchweek 2,Away,D 2–2,Juventus,Roma,Y,GK,90,4,2,3,.750,0,2.0,1,1,0,0,7,7,100.0,41,5,17.1,24.9,4,0.0,17.3,5,0,0.0,1,16.6,,,,,,,,,,,,,,,
2020-10-25,Wojciech Szczęsny,Matchweek 5,Home,D 1–1,Juventus,Hellas Verona,Y,GK,90,2,1,1,.500,0,0.2,0,0,0,0,4,7,57.1,30,4,23.3,28.9,5,0.0,16.8,12,0,0.0,1,17.2,,,,,,,,,,,,,,,
2020-11-08,Wojciech Szczęsny,Matchweek 7,Away,D 1–1,Juventus,Lazio,Y,GK,90,3,1,2,.667,0,1.3,0,0,0,0,4,6,66.7,21,5,23.8,27.9,11,9.1,21.2,12,0,0.0,0,13.3,,,,,,,,,,,,,,,
2020-11-28,Wojciech Szczęsny,Matchweek 9,Away,D 1–1,Juventus,Benevento,Y,GK,90,3,1,2,.667,0,1.1,0,0,0,0,3,4,75.0,12,3,25.0,34.1,4,25.0,33.8,10,1,10.0,2,13.8,,,,,,,,,,,,,,,
2020-12-05,Wojciech Szczęsny,Matchweek 10,Home,W 2–1,Juventus,Torino,Y,GK,90,2,1,1,.500,0,0.9,0,0,0,0,0,1,0.0,18,2,5.6,27.7,4,0.0,19.3,5,1,20.0,1,22.5,,,,,,,,,,,,,,,
2020-12-13,Wojciech Szczęsny,Matchweek 11,Away,W 3–1,Juventus,Genoa,Y,GK,90,2,1,1,.500,0,0.6,0,0,0,0,2,2,100.0,27,3,7.4,25.4,1,0.0,14.0,1,0,0.0,1,13.8,,,,,,,,,,,,,,,
2020-12-16,Wojciech Szczęsny,Matchweek 12,Home,D 1–1,Juventus,Atalanta,Y,GK,90,6,1,5,.833,0,1.1,0,0,0,0,4,9,44.4,27,4,22.2,30.4,9,33.3,31.2,4,0,0.0,2,17.2,,,,,,,,,,,,,,,
2020-12-22,Wojciech Szczęsny,Matchweek 14,Home,L 0–3,Juventus,Fiorentina,Y,GK,90,5,3,3,.400,0,2.0,0,0,0,0,0,0,,25,7,0.0,23.5,4,0.0,15.3,11,0,0.0,0,11.5,,,,,,,,,,,,,,,
2021-01-03,Wojciech Szczęsny,Matchweek 15,Home,W 4–1,Juventus,Udinese,Y,GK,90,3,1,2,.667,0,1.2,0,0,0,0,2,3,66.7,24,6,12.5,26.2,6,0.0,19.3,8,1,12.5,1,25.5,,,,,,,,,,,,,,,
2021-01-06,Wojciech Szczęsny,Matchweek 16,Away,W 3–1,Juventus,Milan,Y,GK,90,8,1,7,.875,0,1.8,0,0,0,0,4,11,36.4,32,6,31.3,33.0,14,7.1,20.3,7,0,0.0,0,10.8,,,,,,,,,,,,,,,
2021-01-10,Wojciech Szczęsny,Matchweek 17,Home,W 3–1,Juventus,Sassuolo,Y,GK,90,2,1,1,.500,0,0.9,0,0,0,0,1,3,33.3,35,5,8.6,23.7,7,0.0,21.3,5,0,0.0,1,11.8,,,,,,,,,,,,,,,
2021-01-17,Wojciech Szczęsny,Matchweek 18,Away,L 0–2,Juventus,Inter,Y,GK,90,6,2,4,.667,0,1.9,0,0,0,0,2,3,66.7,20,4,10.0,24.8,8,12.5,22.8,8,0,0.0,1,14.8,,,,,,,,,,,,,,,
2021-01-24,Wojciech Szczęsny,Matchweek 19,Home,W 2–0,Juventus,Bologna,Y,GK,90,2,0,2,1.000,1,0.0,0,0,0,0,6,12,50.0,39,5,30.8,33.8,2,0.0,35.0,9,2,22.2,0,4.2,,,,,,,,,,,,,,,
2021-01-30,Wojciech Szczęsny,Matchweek 20,Away,W 2–0,Juventus,Sampdoria,Y,GK,90,1,0,1,1.000,1,0.0,0,0,0,0,5,6,83.3,26,2,23.1,29.3,4,0.0,9.5,17,2,11.8,0,9.2,,,,,,,,,,,,,,,
2021-02-06,Wojciech Szczęsny,Matchweek 21,Home,W 2–0,Juventus,Roma,Y,GK,90,3,0,3,1.000,1,0.0,0,0,0,0,4,10,40.0,42,8,16.7,26.6,13,23.1,30.0,11,1,9.1,0,6.2,,,,,,,,,,,,,,,
2020-09-19,Bartłomiej Drągowski,Matchweek 1,Home,W 1–0,Fiorentina,Torino,Y,GK,90,3,0,3,1.0,1,0.8,0,0,0,0,5,9,55.6,20,7,40.0,36.7,3,33.3,36.3,4,0,0.0,0,14.3
2020-09-26,Bartłomiej Drągowski,Matchweek 2,Away,L 3–4,Fiorentina,Inter,Y,GK,90,7,4,4,0.429,0,2.0,0,0,0,0,9,25,36.0,33,6,63.6,46.9,11,36.4,31.7,16,1,6.3,2,19.7
2020-10-02,Bartłomiej Drągowski,Matchweek 3,Home,L 1–2,Fiorentina,Sampdoria,Y,GK,90,7,2,6,0.857,0,1.6,1,1,0,0,4,8,50.0,26,10,26.9,32.8,6,16.7,23.5,6,1,16.7,1,15.4
2020-10-18,Bartłomiej Drągowski,Matchweek 4,Away,D 2–2,Fiorentina,Spezia,Y,GK,90,2,2,0,0.0,0,1.4,0,0,0,0,9,17,52.9,30,4,50.0,41.0,4,50.0,40.3,5,0,0.0,0,9.7
2020-10-25,Bartłomiej Drągowski,Matchweek 5,Home,W 3–2,Fiorentina,Udinese,Y,GK,90,6,2,4,0.667,0,2.1,0,0,0,0,6,16,37.5,23,7,52.2,43.1,9,44.4,37.9,19,1,5.3,0,6.2
2020-11-01,Bartłomiej Drągowski,Matchweek 6,Away,L 0–2,Fiorentina,Roma,Y,GK,90,6,2,4,0.667,0,2.4,0,0,0,0,2,7,28.6,23,6,30.4,31.0,8,0.0,19.6,6,1,16.7,0,11.5
2020-11-07,Bartłomiej Drągowski,Matchweek 7,Away,D 0–0,Fiorentina,Parma,Y,GK,90,0,0,0,,1,0.0,0,0,0,0,3,4,75.0,16,5,18.8,26.2,7,14.3,20.6,9,0,0.0,0,8.3
2020-11-22,Bartłomiej Drągowski,Matchweek 8,Home,L 0–1,Fiorentina,Benevento,Y,GK,90,4,1,3,0.75,0,1.3,0,0,0,0,5,10,50.0,27,4,33.3,32.1,10,10.0,15.7,10,0,0.0,1,16.7
2020-11-29,Bartłomiej Drągowski,Matchweek 9,Away,L 0–2,Fiorentina,Milan,Y,GK,90,2,2,1,0.5,0,2.8,2,1,1,0,5,10,50.0,23,7,30.4,33.4,9,33.3,33.0,9,2,22.2,0,10.4
2020-12-07,Bartłomiej Drągowski,Matchweek 10,Home,D 1–1,Fiorentina,Genoa,Y,GK,90,3,1,2,0.667,0,1.0,0,0,0,0,1,4,25.0,17,6,23.5,28.9,1,0.0,13.0,11,0,0.0,0,14.0
2020-12-13,Bartłomiej Drągowski,Matchweek 11,Away,L 0–3,Fiorentina,Atalanta,Y,GK,90,7,3,4,0.5710000000000001,0,2.9,0,0,0,0,1,10,10.0,28,5,35.7,37.1,8,0.0,20.4,10,0,0.0,0,8.5
2020-12-16,Bartłomiej Drągowski,Matchweek 12,Home,D 1–1,Fiorentina,Sassuolo,Y,GK,90,5,1,4,0.8,0,1.0,0,0,0,0,15,32,46.9,35,5,71.4,51.3,10,70.0,47.2,7,0,0.0,0,14.5
2020-12-19,Bartłomiej Drągowski,Matchweek 13,Home,D 1–1,Fiorentina,Hellas Verona,Y,GK,90,2,1,2,1.0,0,1.3,1,1,0,0,12,36,33.3,36,1,86.1,54.7,5,100.0,71.2,9,1,11.1,0,15.5
2020-12-22,Bartłomiej Drągowski,Matchweek 14,Away,W 3–0,Fiorentina,Juventus,Y,GK,90,3,0,3,1.0,1,0.0,0,0,0,0,8,15,53.3,22,6,50.0,40.7,6,66.7,53.8,7,0,0.0,2,16.0
2021-01-03,Bartłomiej Drągowski,Matchweek 15,Home,D 0–0,Fiorentina,Bologna,Y,GK,90,3,0,3,1.0,1,0.6,0,0,0,0,4,10,40.0,17,4,41.2,33.1,4,75.0,55.8,6,0,0.0,0,12.4
2021-01-06,Bartłomiej Drągowski,Matchweek 16,Away,L 1–2,Fiorentina,Lazio,Y,GK,90,3,2,1,0.33299999999999996,0,1.6,0,0,0,0,2,5,40.0,19,4,26.3,32.8,5,0.0,23.4,4,0,0.0,2,23.3
2021-01-10,Bartłomiej Drągowski,Matchweek 17,Home,W 1–0,Fiorentina,Cagliari,Y,GK,90,1,0,1,1.0,1,1.0,1,0,1,0,4,8,50.0,12,2,41.7,33.5,9,33.3,31.1,11,1,9.1,1,46.0
2021-01-17,Bartłomiej Drągowski,Matchweek 18,Away,L 0–6,Fiorentina,Napoli,Y,GK,90,6,6,1,0.16699999999999998,0,4.2,1,1,0,0,2,5,40.0,19,1,26.3,28.0,3,0.0,17.3,3,0,0.0,1,20.5
2021-01-23,Bartłomiej Drągowski,Matchweek 19,Home,W 2–1,Fiorentina,Crotone,Y,GK,90,3,1,2,0.667,0,0.4,0,0,0,0,6,13,46.2,23,8,43.5,41.7,5,60.0,46.2,13,2,15.4,0,12.4
2021-01-29,Bartłomiej Drągowski,Matchweek 20,Away,D 1–1,Fiorentina,Torino,Y,GK,90,3,1,2,0.667,0,0.8,0,0,0,0,8,21,38.1,20,6,55.0,46.3,15,66.7,51.2,20,2,10.0,0,13.5
2021-02-05,Bartłomiej Drągowski,Matchweek 21,Home,L 0–2,Fiorentina,Inter,Y,GK,90,6,2,4,0.667,0,2.6,0,0,0,0,3,5,60.0,13,6,15.4,26.8,8,37.5,37.9,4,0,0.0,1,15.5
2020-09-21,Gianluigi Donnarumma,Matchweek 1,Home,W 2–0,Milan,Bologna,Y*,GK,90.0,4.0,0.0,4.0,1.0,1.0,1.2,0.0,0.0,0.0,0.0,5.0,12.0,41.7,31.0,4.0,35.5,30.1,2.0,50.0,44.5,4.0,0.0,0.0,0.0,11.5
2020-09-27,Gianluigi Donnarumma,Matchweek 2,Away,W 2–0,Milan,Crotone,Y*,GK,90.0,0.0,0.0,0.0,,1.0,0.0,0.0,0.0,0.0,0.0,5.0,18.0,27.8,25.0,3.0,48.0,40.7,9.0,66.7,47.8,12.0,1.0,8.3,1.0,17.0
2020-10-04,Gianluigi Donnarumma,Matchweek 3,Home,W 3–0,Milan,Spezia,Y*,GK,90.0,2.0,0.0,2.0,1.0,1.0,0.3,0.0,0.0,0.0,0.0,5.0,15.0,33.3,42.0,0.0,33.3,29.9,1.0,100.0,59.0,4.0,0.0,0.0,0.0,8.0
2020-10-17,Gianluigi Donnarumma,Matchweek 4,Away,W 2–1,Milan,Inter,Y,GK,90.0,5.0,1.0,4.0,0.8,0.0,1.2,0.0,0.0,0.0,0.0,5.0,17.0,29.4,24.0,3.0,45.8,39.6,7.0,85.7,56.3,7.0,0.0,0.0,0.0,12.8
2020-11-01,Gianluigi Donnarumma,Matchweek 6,Away,W 2–1,Milan,Udinese,Y,GK,90.0,1.0,1.0,1.0,1.0,0.0,0.9,1.0,1.0,0.0,0.0,2.0,5.0,40.0,17.0,4.0,29.4,32.4,6.0,0.0,21.0,12.0,3.0,25.0,1.0,15.3
2020-11-08,Gianluigi Donnarumma,Matchweek 7,Home,D 2–2,Milan,Hellas Verona,Y*,GK,90.0,2.0,2.0,1.0,0.0,0.0,1.5,0.0,0.0,0.0,0.0,4.0,15.0,26.7,29.0,1.0,51.7,39.8,5.0,0.0,11.4,4.0,0.0,0.0,2.0,31.3
2020-11-22,Gianluigi Donnarumma,Matchweek 8,Away,W 3–1,Milan,Napoli,Y,GK,90.0,7.0,1.0,6.0,0.857,0.0,2.6,0.0,0.0,0.0,0.0,9.0,17.0,52.9,21.0,4.0,47.6,37.2,8.0,87.5,51.1,10.0,3.0,30.0,0.0,18.7
2020-11-29,Gianluigi Donnarumma,Matchweek 9,Home,W 2–0,Milan,Fiorentina,Y,GK,90.0,2.0,0.0,2.0,1.0,1.0,0.6,0.0,0.0,0.0,0.0,4.0,14.0,28.6,25.0,4.0,48.0,43.0,4.0,50.0,40.8,14.0,1.0,7.1,0.0,10.0
2020-12-06,Gianluigi Donnarumma,Matchweek 10,Away,W 2–1,Milan,Sampdoria,Y,GK,90.0,3.0,1.0,2.0,0.667,0.0,0.7,0.0,0.0,0.0,0.0,5.0,13.0,38.5,33.0,4.0,30.3,32.0,5.0,60.0,37.2,13.0,1.0,7.7,2.0,21.0
2020-12-13,Gianluigi Donnarumma,Matchweek 11,Home,D 2–2,Milan,Parma,Y,GK,90.0,2.0,2.0,0.0,0.0,0.0,1.4,0.0,0.0,0.0,0.0,2.0,3.0,66.7,16.0,3.0,18.8,26.6,2.0,0.0,25.5,4.0,1.0,25.0,0.0,9.0
2020-12-16,Gianluigi Donnarumma,Matchweek 12,Away,D 2–2,Milan,Genoa,Y,GK,90.0,4.0,2.0,2.0,0.5,0.0,1.4,0.0,0.0,0.0,0.0,2.0,7.0,28.6,25.0,2.0,24.0,30.6,3.0,33.3,32.3,3.0,0.0,0.0,0.0,12.5
2020-12-20,Gianluigi Donnarumma,Matchweek 13,Away,W 2–1,Milan,Sassuolo,Y,GK,90.0,5.0,1.0,4.0,0.8,0.0,1.1,0.0,0.0,0.0,0.0,5.0,15.0,33.3,31.0,3.0,41.9,34.9,6.0,33.3,25.8,7.0,0.0,0.0,0.0,14.1
2020-12-23,Gianluigi Donnarumma,Matchweek 14,Home,W 3–2,Milan,Lazio,Y,GK,90.0,6.0,2.0,4.0,0.667,0.0,2.2,1.0,0.0,1.0,0.0,3.0,9.0,33.3,18.0,6.0,38.9,35.4,5.0,40.0,32.8,15.0,0.0,0.0,1.0,12.0
2021-01-03,Gianluigi Donnarumma,Matchweek 15,Away,W 2–0,Milan,Benevento,Y,GK,90.0,5.0,0.0,5.0,1.0,1.0,0.5,1.0,0.0,0.0,1.0,3.0,25.0,12.0,30.0,5.0,50.0,39.3,11.0,90.9,55.4,22.0,2.0,9.1,0.0,8.9
2021-01-06,Gianluigi Donnarumma,Matchweek 16,Home,L 1–3,Milan,Juventus,Y,GK,90.0,6.0,3.0,3.0,0.5,0.0,2.5,0.0,0.0,0.0,0.0,3.0,9.0,33.3,27.0,7.0,33.3,30.1,2.0,0.0,24.5,7.0,0.0,0.0,0.0,7.2
2021-01-09,Gianluigi Donnarumma,Matchweek 17,Home,W 2–0,Milan,Torino,Y,GK,90.0,2.0,0.0,2.0,1.0,1.0,0.2,0.0,0.0,0.0,0.0,1.0,4.0,25.0,27.0,6.0,14.8,25.8,2.0,0.0,11.5,9.0,2.0,22.2,0.0,14.3
2021-01-18,Gianluigi Donnarumma,Matchweek 18,Away,W 2–0,Milan,Cagliari,Y,GK,90.0,2.0,0.0,2.0,1.0,1.0,0.2,0.0,0.0,0.0,0.0,9.0,14.0,64.3,33.0,6.0,30.3,29.3,12.0,33.3,32.4,13.0,2.0,15.4,0.0,18.5
2021-01-23,Gianluigi Donnarumma,Matchweek 19,Home,L 0–3,Milan,Atalanta,Y*,GK,90.0,7.0,3.0,5.0,0.7140000000000001,0.0,2.3,1.0,1.0,0.0,0.0,9.0,17.0,52.9,32.0,5.0,46.9,34.3,8.0,25.0,30.9,7.0,2.0,28.6,2.0,24.8
2021-01-30,Gianluigi Donnarumma,Matchweek 20,Away,W 2–1,Milan,Bologna,Y,GK,90.0,5.0,1.0,4.0,0.8,0.0,2.0,0.0,0.0,0.0,0.0,13.0,23.0,56.5,39.0,2.0,46.2,36.1,5.0,100.0,60.4,10.0,0.0,0.0,0.0,8.8
2021-02-07,Gianluigi Donnarumma,Matchweek 21,Home,W 4–0,Milan,Crotone,Y,GK,90.0,2.0,0.0,2.0,1.0,1.0,0.2,0.0,0.0,0.0,0.0,4.0,7.0,57.1,24.0,2.0,25.0,29.0,8.0,12.5,23.6,11.0,0.0,0.0,1.0,34.0
2020-09-19,Marco Silvestri,Matchweek 1,Home,W 3–0,Hellas Verona,Roma,Y,GK,90,4,,4,,1,0.6,0,0,0,0,11,33,33.3,26,1,92.3,53.8,9,100.0,65.1,8,1,12.5,1,14.2
2020-09-27,Marco Silvestri,Matchweek 2,Home,W 1–0,Hellas Verona,Udinese,Y,GK,90,4,0.0,3,1.0,1,0.2,0,0,0,0,9,26,34.6,21,1,66.7,47.0,12,100.0,62.1,14,1,7.1,1,15.4
2020-10-04,Marco Silvestri,Matchweek 3,Away,L 0–1,Hellas Verona,Parma,Y,GK,90,4,1.0,3,0.75,0,1.1,0,0,0,0,2,3,66.7,22,5,13.6,21.7,7,0.0,20.1,5,0,0.0,0,12.0
2020-10-19,Marco Silvestri,Matchweek 4,Home,D 0–0,Hellas Verona,Genoa,Y,GK,90,2,0.0,2,1.0,1,0.2,0,0,0,0,1,7,14.3,13,2,15.4,25.5,5,100.0,62.4,6,0,0.0,0,13.5
2020-10-25,Marco Silvestri,Matchweek 5,Away,D 1–1,Hellas Verona,Juventus,Y,GK,90,6,1.0,5,0.833,0,1.3,0,0,0,0,7,28,25.0,20,1,85.0,54.2,12,91.7,63.5,7,0,0.0,0,11.7
2020-11-02,Marco Silvestri,Matchweek 6,Home,W 3–1,Hellas Verona,Benevento,Y,GK,90,5,1.0,4,0.8,0,1.1,0,0,0,0,3,20,15.0,17,4,70.6,48.2,8,100.0,62.1,9,1,11.1,0,12.0
2020-11-08,Marco Silvestri,Matchweek 7,Away,D 2–2,Hellas Verona,Milan,Y,GK,90,8,2.0,7,0.75,0,1.6,1,0,0,1,10,33,30.3,20,0,85.0,56.9,16,100.0,65.1,16,0,0.0,0,8.2
2020-11-22,Marco Silvestri,Matchweek 8,Home,L 0–2,Hellas Verona,Sassuolo,Y,GK,90,4,2.0,2,0.5,0,0.3,0,0,0,0,6,20,30.0,24,3,62.5,45.8,6,83.3,52.3,1,0,0.0,1,17.2
2020-11-28,Marco Silvestri,Matchweek 9,Away,W 2–0,Hellas Verona,Atalanta,Y,GK,90,5,0.0,5,1.0,1,0.7,0,0,0,0,11,33,33.3,27,2,85.2,51.5,11,90.9,55.4,12,0,0.0,0,15.3
2020-12-06,Marco Silvestri,Matchweek 10,Home,D 1–1,Hellas Verona,Cagliari,Y,GK,90,3,1.0,1,0.667,0,1.4,0,0,0,0,12,24,50.0,23,3,65.2,42.3,10,90.0,56.9,17,1,5.9,0,9.5
2020-12-12,Marco Silvestri,Matchweek 11,Away,W 2–1,Hellas Verona,Lazio,Y,GK,90,4,1.0,3,0.75,0,0.7,0,0,0,0,5,19,26.3,18,1,72.2,54.9,6,100.0,64.2,14,0,0.0,0,11.4
2020-12-16,Marco Silvestri,Matchweek 12,Home,L 1–2,Hellas Verona,Sampdoria,Y,GK,90,3,2.0,1,0.33299999999999996,0,1.1,0,0,0,0,8,15,53.3,15,0,73.3,44.2,6,66.7,46.5,11,0,0.0,0,14.5
2020-12-19,Marco Silvestri,Matchweek 13,Away,D 1–1,Hellas Verona,Fiorentina,Y,GK,90,0,1.0,0,,0,0.9,1,1,0,0,4,21,19.0,18,1,83.3,51.1,6,100.0,65.2,13,1,7.7,1,15.1
2020-12-23,Marco Silvestri,Matchweek 14,Home,L 1–2,Hellas Verona,Inter,Y,GK,90,6,2.0,4,0.667,0,2.2,0,0,0,0,7,32,21.9,31,3,74.2,52.5,9,100.0,60.7,12,0,0.0,1,11.6
2021-01-03,Marco Silvestri,Matchweek 15,Away,W 1–0,Hellas Verona,Spezia,Y,GK,90,1,0.0,1,1.0,1,0.1,0,0,0,0,4,25,16.0,31,1,61.3,45.7,6,100.0,60.5,9,0,0.0,3,18.9
2021-01-06,Marco Silvestri,Matchweek 16,Away,D 1–1,Hellas Verona,Torino,Y,GK,90,2,1.0,1,0.5,0,0.6,0,0,0,0,5,19,26.3,22,5,63.6,46.7,5,100.0,63.6,8,0,0.0,0,9.3
2021-01-10,Marco Silvestri,Matchweek 17,Home,W 2–1,Hellas Verona,Crotone,Y,GK,90,2,1.0,1,0.5,0,0.9,0,0,0,0,4,23,17.4,22,2,86.4,54.1,4,100.0,62.8,5,0,0.0,0,9.7
2021-01-16,Marco Silvestri,Matchweek 18,Away,L 0–1,Hellas Verona,Bologna,Y,GK,90,4,1.0,4,1.0,0,1.5,1,1,0,0,4,18,22.2,23,4,47.8,40.5,9,77.8,49.7,7,0,0.0,1,14.9
2021-01-24,Marco Silvestri,Matchweek 19,Home,W 3–1,Hellas Verona,Napoli,Y,GK,90,2,1.0,1,0.5,0,0.3,0,0,0,0,10,25,40.0,12,1,91.7,48.3,14,100.0,60.2,5,0,0.0,0,7.3
2021-01-31,Marco Silvestri,Matchweek 20,Away,L 1–3,Hellas Verona,Roma,Y,GK,90,7,3.0,4,0.5710000000000001,0,1.6,0,0,0,0,4,18,22.2,22,2,54.5,41.4,7,85.7,60.9,3,0,0.0,1,18.1
2021-02-07,Marco Silvestri,Matchweek 21,Away,L 0–2,Hellas Verona,Udinese,Y,GK,90,7,2.0,6,0.7140000000000001,0,3.0,0,0,0,0,7,20,35.0,14,0,78.6,52.2,10,90.0,57.0,7,0,0.0,0,7.5
2020-09-19,Salvatore Sirigu,Matchweek 1,Away,L 0–1,Torino,Fiorentina,Y,GK,90,6,1,5,.833,0,2.0,0,0,0,0,6,11,54.5,32,5,25.0,29.9,7,42.9,29.0,14,0,0.0,0,7.8
2020-09-26,Salvatore Sirigu,Matchweek 2,Home,L 2–4,Torino,Atalanta,Y,GK,90,7,4,3,.429,0,1.7,0,0,0,0,5,17,29.4,41,5,36.6,35.1,9,22.2,28.1,12,0,0.0,2,17.2
2020-11-04,Salvatore Sirigu,Matchweek 3,Away,W 2–1,Torino,Genoa,Y,GK,90,2,1,1,.500,0,0.4,0,0,0,0,3,12,25.0,29,4,27.6,30.3,7,57.1,37.1,12,0,0.0,0,11.7
2020-10-18,Salvatore Sirigu,Matchweek 4,Home,L 2–3,Torino,Cagliari,Y,GK,90,6,3,3,.500,0,2.5,0,0,0,0,2,4,50.0,22,3,13.6,21.3,5,20.0,25.8,9,1,11.1,0,9.5
2020-10-23,Salvatore Sirigu,Matchweek 5,Away,D 3–3,Torino,Sassuolo,Y,GK,90,6,3,3,.500,0,1.6,0,0,0,0,5,11,45.5,15,4,46.7,34.5,8,50.0,36.5,5,0,0.0,0,8.0
2020-11-01,Salvatore Sirigu,Matchweek 6,Home,L 3–4,Torino,Lazio,Y,GK,90,3,4,0,.000,0,2.4,1,1,0,0,1,5,20.0,18,5,16.7,27.4,10,20.0,24.2,14,0,0.0,0,14.3
2020-11-08,Salvatore Sirigu,Matchweek 7,Home,D 0–0,Torino,Crotone,Y,GK,90,2,0,2,1.000,1,0.4,0,0,0,0,7,14,50.0,22,3,36.4,29.2,9,66.7,42.6,4,1,25.0,0,15.0
2020-11-22,Salvatore Sirigu,Matchweek 8,Away,L 2–4,Torino,Inter,Y,GK,90,3,4,0,.000,0,3.4,1,1,0,0,3,5,60.0,26,2,19.2,31.0,12,0.0,15.4,10,0,0.0,0,10.5
2020-11-30,Salvatore Sirigu,Matchweek 9,Home,D 2–2,Torino,Sampdoria,Y,GK,90,2,2,0,.000,0,1.0,0,0,0,0,3,6,50.0,28,5,17.9,24.8,6,16.7,17.3,12,1,8.3,0,8.8
2020-12-05,Salvatore Sirigu,Matchweek 10,Away,L 1–2,Torino,Juventus,Y,GK,90,4,2,2,.500,0,1.1,0,0,0,0,14,30,46.7,40,4,60.0,41.6,9,66.7,41.2,16,1,6.3,0,9.0
2020-12-12,Salvatore Sirigu,Matchweek 11,Home,L 2–3,Torino,Udinese,Y,GK,90,3,3,0,.000,0,1.9,0,0,0,0,5,10,50.0,26,5,30.8,33.8,3,66.7,41.7,4,0,0.0,0,10.3
2020-12-23,Salvatore Sirigu,Matchweek 14,Away,D 1–1,Torino,Napoli,Y,GK,90,6,1,5,.833,0,1.1,0,0,0,0,18,34,52.9,37,5,67.6,45.6,11,81.8,50.5,15,2,13.3,0,14.3
2021-01-03,Salvatore Sirigu,Matchweek 15,Away,W 3–0,Torino,Parma,Y,GK,90,4,0,4,1.000,1,1.1,0,0,0,0,4,15,26.7,24,5,41.7,33.3,13,38.5,34.1,12,1,8.3,0,11.7
2021-01-06,Salvatore Sirigu,Matchweek 16,Home,D 1–1,Torino,Hellas Verona,Y,GK,90,2,1,1,.500,0,0.6,0,0,0,0,9,19,47.4,22,1,68.2,45.7,7,57.1,44.3,6,0,0.0,0,16.6
2021-01-09,Salvatore Sirigu,Matchweek 17,Away,L 0–2,Torino,Milan,Y,GK,90,3,2,2,.667,0,1.0,1,1,0,0,7,13,53.8,28,2,42.9,33.8,5,20.0,22.2,9,0,0.0,1,24.0
2021-01-16,Salvatore Sirigu,Matchweek 18,Home,D 0–0,Torino,Spezia,Y,GK,90,3,0,3,1.000,1,0.2,0,0,0,0,2,3,66.7,21,1,14.3,22.0,3,0.0,21.3,4,0,0.0,2,20.0
2021-01-22,Salvatore Sirigu,Matchweek 19,Away,D 2–2,Torino,Benevento,Y,GK,90,2,2,1,.500,0,1.5,1,1,0,0,1,4,25.0,10,2,30.0,30.7,6,16.7,29.2,4,1,25.0,1,16.8
2021-01-29,Salvatore Sirigu,Matchweek 20,Home,D 1–1,Torino,Fiorentina,Y,GK,90,1,1,0,.000,0,0.6,0,0,0,0,2,7,28.6,11,1,54.5,38.3,7,14.3,27.1,6,0,0.0,1,14.5
2021-02-06,Salvatore Sirigu,Matchweek 21,Away,D 3–3,Torino,Atalanta,Y,GK,90,4,3,2,.250,0,1.7,0,0,0,0,9,21,42.9,20,1,80.0,46.6,6,83.3,56.8,2,0,0.0,0,11.0
2020-12-16,Angelo da Costa Júnior,Matchweek 12,Away,D 2–2,Bologna,Spezia,Y,GK,90,4,2,1,.500,0,2.1,0,0,0,0,10,16,62.5,52,3,28.8,29.3,8,12.5,20.4,8,0,0.0,2,21.2
2020-12-20,Angelo da Costa Júnior,Matchweek 13,Away,D 1–1,Bologna,Torino,Y,GK,90,4,1,3,.750,0,0.2,0,0,0,0,6,10,60.0,31,4,25.8,30.4,6,33.3,28.8,5,0,0.0,1,17.0
2020-12-23,Angelo da Costa Júnior,Matchweek 14,Home,D 2–2,Bologna,Atalanta,Y,GK,90,5,2,4,.800,0,2.7,1,1,0,0,4,9,44.4,54,8,14.8,28.6,6,16.7,20.8,4,0,0.0,0,9.2
2021-01-03,Angelo da Costa Júnior,Matchweek 15,Away,D 0–0,Bologna,Fiorentina,Y,GK,90,0,0,0,,1,0.0,0,0,0,0,2,7,28.6,39,2,15.4,25.1,12,8.3,13.9,10,0,0.0,2,19.8
2021-01-06,Angelo da Costa Júnior,Matchweek 16,Home,D 2–2,Bologna,Udinese,Y,GK,90,6,2,4,.667,0,1.5,0,0,0,0,11,22,50.0,29,3,58.6,46.6,7,71.4,48.3,17,0,0.0,0,11.3
2021-01-09,Angelo da Costa Júnior,Matchweek 17,Away,L 0–2,Bologna,Genoa,Y,GK,90,7,2,5,.714,0,2.8,0,0,0,0,2,6,33.3,40,3,15.0,26.9,3,0.0,19.3,4,0,0.0,2,30.0
2020-11-08,Pau López,Matchweek 7,Away,W 3–1,Roma,Genoa,Y,GK,90,5,1,4,.800,0,1.5,0,0,0,0,6,16,37.5,39,5,38.5,34.1,3,33.3,31.3,4,1,25.0,0,16.3
2020-12-13,Pau López,Matchweek 11,Away,W 5–1,Roma,Bologna,Y,GK,90,1,1,1,.000,0,0.1,0,0,0,0,5,12,41.7,19,4,42.1,38.7,5,80.0,50.6,9,0,0.0,0,14.0
2020-12-17,Pau López,Matchweek 12,Home,W 3–1,Roma,Torino,Y,GK,90,5,1,4,.800,0,1.1,0,0,0,0,2,5,40.0,15,6,20.0,30.1,5,40.0,43.4,5,2,40.0,0,13.0
2020-12-23,Pau López,Matchweek 14,Home,W 3–2,Roma,Cagliari,N,GK,17,0,1,0,,0,0.9,1,1,0,0,1,3,33.3,10,1,30.0,31.2,0,,,1,0,0.0,0,13.3
2021-01-03,Pau López,Matchweek 15,Home,W 1–0,Roma,Sampdoria,Y,GK,90,2,0,2,1.000,1,0.2,0,0,0,0,6,9,66.7,29,8,31.0,32.3,1,0.0,9.0,5,0,0.0,1,17.1
2021-01-06,Pau López,Matchweek 16,Away,W 3–1,Roma,Crotone,Y,GK,90,4,1,3,.750,0,1.1,0,0,0,0,8,26,30.8,32,4,50.0,36.0,13,76.9,51.5,10,0,0.0,0,11.1
2021-01-10,Pau López,Matchweek 17,Home,D 2–2,Roma,Inter,Y,GK,90,6,2,4,.667,0,2.5,0,0,0,0,3,10,30.0,24,4,25.0,30.5,8,50.0,36.5,7,0,0.0,1,16.5
2021-01-15,Pau López,Matchweek 18,Away,L 0–3,Roma,Lazio,Y,GK,90,8,3,5,.625,0,2.8,0,0,0,0,4,6,66.7,33,8,18.2,26.8,0,,,4,0,0.0,0,7.6
2021-01-23,Pau López,Matchweek 19,Home,W 4–3,Roma,Spezia,Y,GK,90,3,3,0,.000,0,1.4,0,0,0,0,5,9,55.6,31,6,29.0,29.3,5,0.0,10.6,5,0,0.0,2,14.9
2021-01-31,Pau López,Matchweek 20,Home,W 3–1,Roma,Hellas Verona,Y,GK,90,1,1,0,.000,0,0.3,0,0,0,0,8,25,32.0,42,3,52.4,41.5,3,100.0,79.0,8,1,12.5,2,17.3
2021-02-06,Pau López,Matchweek 21,Away,L 0–2,Roma,Juventus,Y,GK,90,2,2,1,.000,0,0.7,0,0,0,0,2,3,66.7,20,3,15.0,27.6,1,0.0,33.0,1,1,100.0,1,18.3
2020-10-18,Ivan Provedel,Matchweek 4,Home,D 2–2,Spezia,Fiorentina,Y,GK,90,3,2,1,0.33299999999999996,0,1.5,0,0,0,0,8,17,47.1,36,4,38.9,38.9,6,50.0,35.7,9,0,0.0,2,20.6
2020-10-25,Ivan Provedel,Matchweek 5,Away,D 2–2,Spezia,Parma,Y,GK,90,5,2,4,0.8,0,2.2,1,1,0,0,14,20,70.0,35,6,45.7,35.9,9,44.4,43.2,10,0,0.0,0,17.0
2020-11-01,Ivan Provedel,Matchweek 6,Home,L 1–4,Spezia,Juventus,Y,GK,90,3,4,0,0.0,0,3.2,1,1,0,0,15,24,62.5,41,5,51.2,37.1,7,42.9,39.9,3,0,0.0,1,12.9
2020-11-07,Ivan Provedel,Matchweek 7,Away,W 3–0,Spezia,Benevento,Y,GK,90,1,0,1,1.0,1,0.1,0,0,0,0,8,18,44.4,40,4,42.5,37.5,1,100.0,64.0,4,0,0.0,1,15.2
2020-11-21,Ivan Provedel,Matchweek 8,Home,D 0–0,Spezia,Atalanta,Y,GK,90,4,0,4,1.0,1,1.4,0,0,0,0,13,31,41.9,64,6,43.8,40.0,8,37.5,37.5,8,0,0.0,2,14.6
2020-11-29,Ivan Provedel,Matchweek 9,Away,D 2–2,Spezia,Cagliari,Y,GK,90,5,2,3,0.6,0,2.0,0,0,0,0,15,24,62.5,46,2,45.7,37.0,8,37.5,41.0,7,0,0.0,0,9.0
2020-12-05,Ivan Provedel,Matchweek 10,Home,L 1–2,Spezia,Lazio,Y,GK,90,2,2,0,0.0,0,0.7,0,0,0,0,4,5,80.0,38,2,13.2,27.7,2,0.0,18.0,6,0,0.0,1,21.2
2020-12-12,Ivan Provedel,Matchweek 11,Away,L 1–4,Spezia,Crotone,Y,GK,90,7,4,3,0.429,0,2.7,0,0,0,0,7,18,38.9,42,4,38.1,37.3,5,40.0,48.4,6,2,33.3,2,17.9
2020-12-16,Ivan Provedel,Matchweek 12,Home,D 2–2,Spezia,Bologna,Y,GK,90,5,2,3,0.6,0,1.0,1,0,1,0,14,37,37.8,53,7,60.4,44.7,9,55.6,47.4,9,2,22.2,1,14.8
2020-12-20,Ivan Provedel,Matchweek 13,Away,L 1–2,Spezia,Inter,Y,GK,90,4,2,3,0.75,0,1.8,1,1,0,0,8,15,53.3,48,5,31.3,36.1,5,0.0,28.8,7,0,0.0,1,21.3
2020-12-23,Ivan Provedel,Matchweek 14,Home,L 1–2,Spezia,Genoa,Y,GK,90,4,2,3,0.75,0,1.5,1,1,0,0,12,26,46.2,55,5,43.6,37.6,2,100.0,76.5,2,0,0.0,1,17.4
2021-01-03,Ivan Provedel,Matchweek 15,Home,L 0–1,Spezia,Hellas Verona,Y,GK,90,3,1,2,0.667,0,1.2,0,0,0,0,19,44,43.2,52,2,76.9,53.2,5,80.0,59.6,8,2,25.0,3,23.5
2021-01-06,Ivan Provedel,Matchweek 16,Away,W 2–1,Spezia,Napoli,Y,GK,90,9,1,8,0.889,0,2.0,0,0,0,0,15,34,44.1,55,9,49.1,37.8,10,70.0,52.2,13,1,7.7,0,12.9
2021-01-11,Ivan Provedel,Matchweek 17,Home,W 2–1,Spezia,Sampdoria,Y,GK,90,3,1,2,0.667,0,0.8,0,0,0,0,13,25,52.0,49,3,44.9,38.3,3,100.0,63.7,16,3,18.8,0,13.0
2021-01-16,Ivan Provedel,Matchweek 18,Away,D 0–0,Spezia,Torino,Y,GK,90,1,0,1,1.0,1,0.2,0,0,0,0,7,17,41.2,35,3,37.1,37.4,5,80.0,58.2,11,0,0.0,0,11.3
2021-01-23,Ivan Provedel,Matchweek 19,Away,L 3–4,Spezia,Roma,Y,GK,90,7,4,3,0.429,0,3.7,0,0,0,0,4,13,30.8,47,3,25.5,30.2,6,16.7,26.5,8,2,25.0,1,17.7
2021-01-31,Ivan Provedel,Matchweek 20,Home,L 0–1,Spezia,Udinese,Y,GK,90,2,1,2,1.0,0,1.0,1,1,0,0,8,16,50.0,40,6,37.5,36.9,5,20.0,32.2,3,0,0.0,2,19.7
2021-02-06,Ivan Provedel,Matchweek 21,Away,W 2–1,Spezia,Sassuolo,Y,GK,90,4,1,3,0.75,0,1.5,0,0,0,0,10,24,41.7,36,2,58.3,42.2,4,75.0,43.5,3,0,0.0,1,17.8
2020-09-19,Antonio Mirante,Matchweek 1,Away,L 0–3,Roma,Hellas Verona,Y,GK,90,3,,2,,0,0.3,0,0,0,0,3,11,27.3,30,6,33.3,31.1,5,20.0,28.2,8,1,12.5,0,14.7
2020-09-27,Antonio Mirante,Matchweek 2,Home,D 2–2,Roma,Juventus,Y,GK,90,2,2,1,.500,0,2.0,1,1,0,0,8,12,66.7,25,3,40.0,34.6,6,33.3,41.3,5,0,0.0,0,15.0
2020-10-03,Antonio Mirante,Matchweek 3,Away,W 1–0,Roma,Udinese,Y,GK,90,4,0,4,1.000,1,0.6,0,0,0,0,6,12,50.0,29,6,34.5,33.8,8,25.0,26.5,10,0,0.0,1,16.4
2020-10-18,Antonio Mirante,Matchweek 4,Home,W 5–2,Roma,Benevento,Y,GK,90,3,2,1,.333,0,1.5,1,0,1,0,4,8,50.0,20,5,25.0,29.2,6,50.0,36.3,6,0,0.0,1,10.7
2020-10-26,Antonio Mirante,Matchweek 5,Away,D 3–3,Roma,Milan,Y,GK,90,7,3,5,.714,0,3.0,1,1,0,0,12,19,63.2,27,5,55.6,41.3,4,100.0,58.0,10,0,0.0,0,12.2
2020-11-01,Antonio Mirante,Matchweek 6,Home,W 2–0,Roma,Fiorentina,Y,GK,90,1,0,1,1.000,1,0.0,0,0,0,0,11,19,57.9,25,3,60.0,40.7,5,80.0,44.0,7,0,0.0,2,21.7
2020-11-22,Antonio Mirante,Matchweek 8,Home,W 3–0,Roma,Parma,Y,GK,90,1,0,1,1.000,1,0.0,0,0,0,0,2,3,66.7,25,6,12.0,26.4,3,0.0,20.3,5,0,0.0,1,13.0
2020-11-29,Antonio Mirante,Matchweek 9,Away,L 0–4,Roma,Napoli,Y,GK,90,8,4,4,.500,0,2.0,0,0,0,0,3,5,60.0,25,6,20.0,30.5,11,0.0,20.7,11,1,9.1,3,23.9
2020-12-06,Antonio Mirante,Matchweek 10,Home,D 0–0,Roma,Sassuolo,Y,GK,90,1,0,1,1.000,1,0.1,0,0,0,0,2,7,28.6,27,9,18.5,27.4,7,28.6,27.7,6,0,0.0,0,14.2
2020-12-20,Antonio Mirante,Matchweek 13,Away,L 1–4,Roma,Atalanta,Y,GK,90,8,4,4,.500,0,2.5,0,0,0,0,8,13,61.5,30,10,40.0,34.2,5,20.0,30.8,10,0,0.0,0,10.5
2020-12-23,Antonio Mirante,Matchweek 14,Home,W 3–2,Roma,Cagliari,Y,GK,73,1,1,0,.000,0,0.6,0,0,0,0,2,6,33.3,21,2,28.6,32.5,5,0.0,10.2,6,0,0.0,4,26.2
2020-10-18,Nícolas Andrade,Matchweek 4,Home,W 3–2,Udinese,Parma,Y,GK,90,4,2,2,.500,0,1.5,0,0,0,0,5,9,55.6,15,2,40.0,36.5,6,50.0,42.5,10,0,0.0,0,16.3
2020-10-25,Nícolas Andrade,Matchweek 5,Away,L 2–3,Udinese,Fiorentina,Y,GK,90,3,3,0,.000,0,2.6,0,0,0,0,1,4,25.0,16,3,12.5,28.0,3,66.7,57.3,6,0,0.0,0,13.0
2020-09-30,Thomas Strakosha,Matchweek 1,Home,L 1–4,Lazio,Atalanta,Y,GK,90,6,4,2,.333,0,2.6,0,0,0,0,6,14,42.9,52,5,25.0,27.5,3,33.3,24.3,4,0,0.0,0,15.0
2020-09-26,Thomas Strakosha,Matchweek 2,Away,W 2–0,Lazio,Cagliari,Y,GK,90,2,0,2,1.000,1,1.0,0,0,0,0,8,17,47.1,28,5,57.1,41.6,10,10.0,16.8,7,0,0.0,0,8.7
2020-10-04,Thomas Strakosha,Matchweek 3,Home,D 1–1,Lazio,Inter,Y,GK,90,4,1,3,.750,0,1.1,0,0,0,0,6,20,30.0,42,9,40.5,33.5,9,33.3,38.6,15,1,6.7,0,5.8
2020-10-17,Thomas Strakosha,Matchweek 4,Away,L 0–3,Lazio,Sampdoria,Y,GK,90,7,3,4,.571,0,2.4,0,0,0,0,7,11,63.6,32,5,34.4,29.7,4,0.0,21.3,15,2,13.3,0,13.3
2020-11-29,Thomas Strakosha,Matchweek 9,Home,L 1–3,Lazio,Udinese,Y,GK,90,4,3,1,.250,0,1.8,0,0,0,0,1,6,16.7,25,5,24.0,28.3,5,0.0,24.8,2,0,0.0,0,13.3
2021-01-06,Thomas Strakosha,Matchweek 16,Home,W 2–1,Lazio,Fiorentina,Y,GK,90,4,1,4,1.000,0,1.7,1,1,0,0,13,18,72.2,41,6,43.9,35.4,1,0.0,36.0,17,1,5.9,1,12.6
2020-09-20,Luigi Sepe,Matchweek 1,Home,L 0–2,Parma,Napoli,Y,GK,90,6,2,4,0.667,0,1.8,0,0,0,0,9,11,81.8,27,4,33.3,34.4,12,16.7,19.9,11,1,9.1,0,13.1
2020-09-28,Luigi Sepe,Matchweek 2,Away,L 1–4,Parma,Bologna,Y,GK,90,8,4,4,0.5,0,2.4,0,0,0,0,2,9,22.2,24,6,20.8,27.0,6,66.7,48.5,8,0,0.0,0,9.8
2020-10-04,Luigi Sepe,Matchweek 3,Home,W 1–0,Parma,Hellas Verona,Y,GK,90,2,0,2,1.0,1,0.3,0,0,0,0,16,30,53.3,32,2,78.1,52.9,8,62.5,44.9,18,1,5.6,0,
2020-10-18,Luigi Sepe,Matchweek 4,Away,L 2–3,Parma,Udinese,Y,GK,90,4,3,2,0.25,0,0.6,0,0,0,0,7,14,50.0,29,6,41.4,38.3,7,28.6,36.4,14,1,7.1,0,11.3
2020-10-25,Luigi Sepe,Matchweek 5,Home,D 2–2,Parma,Spezia,Y,GK,90,6,2,4,0.667,0,1.9,0,0,0,0,0,7,0.0,19,5,36.8,38.9,9,0.0,27.1,4,0,0.0,0,
2020-10-31,Luigi Sepe,Matchweek 6,Away,D 2–2,Parma,Inter,Y,GK,90,9,2,7,0.778,0,1.9,0,0,0,0,15,26,57.7,29,6,51.7,43.9,16,68.8,49.4,21,1,4.8,0,12.7
2020-11-07,Luigi Sepe,Matchweek 7,Home,D 0–0,Parma,Fiorentina,Y,GK,90,4,0,4,1.0,1,0.3,0,0,0,0,3,6,50.0,16,5,25.0,34.8,4,50.0,39.5,6,0,0.0,0,13.3
2020-11-22,Luigi Sepe,Matchweek 8,Away,L 0–3,Parma,Roma,Y,GK,90,7,3,3,0.5710000000000001,0,3.0,0,0,0,0,3,6,50.0,29,7,20.7,29.5,7,0.0,23.6,8,0,0.0,1,10.8
2020-11-30,Luigi Sepe,Matchweek 9,Away,W 2–1,Parma,Genoa,Y,GK,90,5,1,4,0.8,0,1.6,0,0,0,0,23,37,62.2,38,6,68.4,46.6,13,84.6,56.5,17,1,5.9,1,18.9
2020-12-06,Luigi Sepe,Matchweek 10,Home,D 0–0,Parma,Benevento,Y,GK,90,2,0,2,1.0,1,0.1,0,0,0,0,3,4,75.0,22,5,18.2,26.0,6,0.0,17.7,14,1,7.1,0,9.0
2020-12-13,Luigi Sepe,Matchweek 11,Away,D 2–2,Parma,Milan,Y,GK,90,6,2,4,0.667,0,1.8,0,0,0,0,10,21,47.6,21,5,61.9,46.3,12,66.7,45.9,16,0,0.0,0,5.4
2020-12-16,Luigi Sepe,Matchweek 12,Home,D 0–0,Parma,Cagliari,Y,GK,90,4,0,4,1.0,1,0.2,0,0,0,0,8,11,72.7,26,5,38.5,35.3,7,14.3,25.0,11,0,0.0,0,10.0
2020-12-19,Luigi Sepe,Matchweek 13,Home,L 0–4,Parma,Juventus,Y,GK,90,7,4,3,0.429,0,3.1,0,0,0,0,9,16,56.3,32,7,46.9,38.3,7,14.3,21.0,14,1,7.1,0,7.3
2020-12-22,Luigi Sepe,Matchweek 14,Away,L 1–2,Parma,Crotone,Y,GK,90,6,2,4,0.667,0,2.3,0,0,0,0,9,21,42.9,33,6,51.5,40.5,4,100.0,61.5,6,0,0.0,1,16.8
2021-01-03,Luigi Sepe,Matchweek 15,Home,L 0–3,Parma,Torino,Y,GK,90,5,3,2,0.4,0,1.8,0,0,0,0,2,2,100.0,24,5,4.2,21.6,7,14.3,20.3,4,0,0.0,0,17.0
2021-01-06,Luigi Sepe,Matchweek 16,Away,L 0–3,Parma,Atalanta,Y,GK,90,6,3,3,0.5,0,2.6,0,0,0,0,17,26,65.4,61,3,41.0,34.2,7,14.3,25.3,8,2,25.0,3,21.1
2021-01-10,Luigi Sepe,Matchweek 17,Home,L 0–2,Parma,Lazio,Y,GK,90,5,2,3,0.6,0,1.9,0,0,0,0,8,16,50.0,40,4,27.5,31.7,12,41.7,35.2,14,1,7.1,2,19.0
2021-01-17,Luigi Sepe,Matchweek 18,Away,D 1–1,Parma,Sassuolo,Y,GK,90,3,1,3,1.0,0,1.9,1,1,0,0,18,33,54.5,33,4,75.8,50.9,9,88.9,59.1,11,0,0.0,0,10.2
2021-01-24,Luigi Sepe,Matchweek 19,Home,L 0–2,Parma,Sampdoria,Y,GK,90,3,2,1,0.33299999999999996,0,1.5,0,0,0,0,6,10,60.0,25,6,40.0,38.6,5,0.0,16.4,11,1,9.1,0,9.8
2021-01-31,Luigi Sepe,Matchweek 20,Away,L 0–2,Parma,Napoli,Y,GK,90,3,2,1,0.33299999999999996,0,1.2,0,0,0,0,13,17,76.5,38,4,42.1,37.2,4,25.0,31.5,7,1,14.3,0,16.5
2021-02-07,Luigi Sepe,Matchweek 21,Home,L 0–3,Parma,Bologna,Y,GK,90,5,3,2,0.4,0,2.1,0,0,0,0,9,14,64.3,37,10,37.8,32.2,5,0.0,23.2,6,0,0.0,0,11.6
2020-09-20,Mattia Perin,Matchweek 1,Home,W 4–1,Genoa,Crotone,Y,GK,90.0,3.0,1.0,2.0,0.667,0.0,1.2,0.0,0.0,0.0,0.0,5.0,17.0,29.4,30.0,3.0,43.3,39.0,7.0,57.1,49.1,7.0,0.0,0.0,0.0,14.4
2020-11-04,Mattia Perin,Matchweek 3,Home,L 1–2,Genoa,Torino,Y*,GK,90.0,1.0,2.0,0.0,-1.0,0.0,0.2,0.0,0.0,0.0,0.0,7.0,10.0,70.0,25.0,3.0,40.0,33.0,11.0,0.0,21.5,7.0,0.0,0.0,0.0,17.0
2020-10-19,Mattia Perin,Matchweek 4,Away,D 0–0,Genoa,Hellas Verona,Y*,GK,90.0,10.0,0.0,10.0,1.0,1.0,1.5,0.0,0.0,0.0,0.0,10.0,23.0,43.5,28.0,6.0,57.1,40.3,11.0,63.6,45.5,20.0,2.0,10.0,0.0,10.8
2020-10-24,Mattia Perin,Matchweek 5,Home,L 0–2,Genoa,Inter,Y*,GK,90.0,4.0,2.0,2.0,0.5,0.0,1.9,0.0,0.0,0.0,0.0,8.0,24.0,33.3,43.0,7.0,48.8,38.4,9.0,33.3,33.2,10.0,0.0,0.0,1.0,14.1
2020-11-01,Mattia Perin,Matchweek 6,Away,D 1–1,Genoa,Sampdoria,Y,GK,90.0,3.0,1.0,1.0,0.667,0.0,0.7,0.0,0.0,0.0,0.0,5.0,16.0,31.3,32.0,5.0,37.5,34.1,8.0,50.0,40.6,10.0,0.0,0.0,0.0,13.4
2020-11-08,Mattia Perin,Matchweek 7,Home,L 1–3,Genoa,Roma,Y,GK,90.0,9.0,3.0,5.0,0.667,0.0,2.7,0.0,0.0,0.0,0.0,9.0,17.0,52.9,27.0,4.0,55.6,39.1,6.0,33.3,33.2,8.0,0.0,0.0,1.0,12.0
2020-11-22,Mattia Perin,Matchweek 8,Away,L 0–1,Genoa,Udinese,Y,GK,89.0,2.0,1.0,1.0,0.5,0.0,0.7,0.0,0.0,0.0,0.0,9.0,20.0,45.0,28.0,6.0,60.7,42.2,9.0,33.3,29.9,6.0,0.0,0.0,1.0,14.7
2020-12-13,Mattia Perin,Matchweek 11,Home,L 1–3,Genoa,Juventus,Y*,GK,90.0,8.0,3.0,7.0,0.875,0.0,3.5,2.0,2.0,0.0,0.0,10.0,24.0,41.7,25.0,1.0,72.0,50.0,10.0,60.0,41.4,14.0,0.0,0.0,0.0,7.9
2020-12-16,Mattia Perin,Matchweek 12,Home,D 2–2,Genoa,Milan,Y*,GK,90.0,4.0,2.0,2.0,0.5,0.0,1.2,0.0,0.0,0.0,0.0,12.0,23.0,52.2,28.0,3.0,71.4,45.0,5.0,60.0,40.0,11.0,0.0,0.0,0.0,13.4
2020-12-20,Mattia Perin,Matchweek 13,Away,L 0–2,Genoa,Benevento,Y*,GK,90.0,2.0,2.0,1.0,0.5,0.0,1.5,1.0,1.0,0.0,0.0,6.0,12.0,50.0,16.0,2.0,50.0,38.0,10.0,40.0,27.7,9.0,1.0,11.1,0.0,10.5
2020-12-23,Mattia Perin,Matchweek 14,Away,W 2–1,Genoa,Spezia,Y,GK,90.0,4.0,1.0,3.0,0.75,0.0,0.7,0.0,0.0,0.0,0.0,12.0,33.0,36.4,36.0,5.0,80.6,51.1,6.0,66.7,44.3,8.0,1.0,12.5,0.0,13.6
2021-01-03,Mattia Perin,Matchweek 15,Home,D 1–1,Genoa,Lazio,Y,GK,90.0,2.0,1.0,2.0,1.0,0.0,1.0,1.0,1.0,0.0,0.0,4.0,16.0,25.0,17.0,0.0,82.4,52.1,8.0,25.0,25.8,12.0,0.0,0.0,0.0,
2021-01-06,Mattia Perin,Matchweek 16,Away,L 1–2,Genoa,Sassuolo,Y,GK,90.0,3.0,2.0,1.0,0.33299999999999996,0.0,1.6,0.0,0.0,0.0,0.0,10.0,23.0,43.5,26.0,5.0,73.1,45.7,6.0,66.7,48.0,7.0,0.0,0.0,0.0,10.0
2021-01-09,Mattia Perin,Matchweek 17,Home,W 2–0,Genoa,Bologna,Y,GK,90.0,3.0,0.0,3.0,1.0,1.0,0.2,0.0,0.0,0.0,0.0,6.0,22.0,27.3,24.0,2.0,66.7,45.5,9.0,66.7,46.2,15.0,1.0,6.7,0.0,9.0
2021-01-17,Mattia Perin,Matchweek 18,Away,D 0–0,Genoa,Atalanta,Y,GK,90.0,2.0,0.0,2.0,1.0,1.0,0.9,0.0,0.0,0.0,0.0,8.0,40.0,20.0,37.0,2.0,73.0,46.2,13.0,100.0,62.2,13.0,0.0,0.0,0.0,13.0
2021-01-24,Mattia Perin,Matchweek 19,Home,W 1–0,Genoa,Cagliari,Y,GK,90.0,4.0,0.0,4.0,1.0,1.0,0.2,0.0,0.0,0.0,0.0,10.0,24.0,41.7,24.0,4.0,66.7,41.7,15.0,53.3,39.9,20.0,1.0,5.0,0.0,11.1
2021-01-31,Mattia Perin,Matchweek 20,Away,W 3–0,Genoa,Crotone,Y,GK,90.0,4.0,0.0,3.0,1.0,1.0,0.5,0.0,0.0,0.0,0.0,4.0,18.0,22.2,30.0,8.0,40.0,38.3,7.0,85.7,52.6,11.0,3.0,27.3,0.0,11.5
2021-02-06,Mattia Perin,Matchweek 21,Home,W 2–1,Genoa,Napoli,Y,GK,90.0,9.0,1.0,8.0,0.889,0.0,2.4,0.0,0.0,0.0,0.0,12.0,26.0,46.2,26.0,2.0,69.2,46.9,11.0,72.7,51.4,17.0,0.0,0.0,2.0,17.7
2020-09-20,Emil Audero,Matchweek 1,Away,L 0–3,Sampdoria,Juventus,Y,GK,90,8,3,5,0.625,0,2.7,0,0,0,0,4,13,30.8,24,6,50.0,37.9,8,12.5,31.1,7,1,14.3,0,13.2
2020-09-26,Emil Audero,Matchweek 2,Home,L 2–3,Sampdoria,Benevento,Y,GK,90,5,3,2,0.4,0,1.9,0,0,0,0,8,21,38.1,22,4,59.1,39.3,10,80.0,51.8,12,3,25.0,0,13.0
2020-10-02,Emil Audero,Matchweek 3,Away,W 2–1,Sampdoria,Fiorentina,Y,GK,90,5,1,4,0.8,0,1.1,0,0,0,0,9,22,40.9,26,6,46.2,39.8,14,71.4,50.0,17,0,0.0,1,15.8
2020-10-17,Emil Audero,Matchweek 4,Home,W 3–0,Sampdoria,Lazio,Y,GK,90,0,0,0,,1,0.0,0,0,0,0,8,17,47.1,36,3,38.9,34.0,10,30.0,32.9,7,0,0.0,0,5.0
2020-10-24,Emil Audero,Matchweek 5,Away,W 3–1,Sampdoria,Atalanta,Y,GK,90,4,1,4,1.0,0,1.1,1,1,0,0,7,17,41.2,22,6,59.1,41.9,9,44.4,37.9,12,0,0.0,0,12.5
2020-11-01,Emil Audero,Matchweek 6,Home,D 1–1,Sampdoria,Genoa,Y,GK,90,4,1,3,0.75,0,0.8,0,0,0,0,2,5,40.0,24,6,12.5,28.0,5,40.0,30.2,5,0,0.0,0,9.5
2020-11-07,Emil Audero,Matchweek 7,Away,L 0–2,Sampdoria,Cagliari,Y,GK,90,4,2,3,0.75,0,1.3,1,1,0,0,6,15,40.0,36,6,38.9,34.5,4,25.0,30.0,6,2,33.3,1,13.4
2020-11-22,Emil Audero,Matchweek 8,Home,L 1–2,Sampdoria,Bologna,Y,GK,90,3,2,2,0.33299999999999996,0,1.5,0,0,0,0,7,20,35.0,27,1,63.0,42.6,3,100.0,64.3,10,0,0.0,0,12.7
2020-11-30,Emil Audero,Matchweek 9,Away,D 2–2,Sampdoria,Torino,Y,GK,90,7,2,5,0.7140000000000001,0,2.1,0,0,0,0,4,6,66.7,18,8,22.2,31.4,6,33.3,29.5,23,0,0.0,1,11.9
2020-12-06,Emil Audero,Matchweek 10,Home,L 1–2,Sampdoria,Milan,Y,GK,90,4,2,3,0.75,0,1.5,1,1,0,0,6,20,30.0,22,5,59.1,44.2,7,100.0,64.6,5,1,20.0,0,10.2
2020-12-13,Emil Audero,Matchweek 11,Away,L 1–2,Sampdoria,Napoli,Y,GK,90,6,2,4,0.667,0,1.6,0,0,0,0,2,8,25.0,22,6,27.3,35.5,11,18.2,25.3,17,0,0.0,1,13.0
2020-12-16,Emil Audero,Matchweek 12,Away,W 2–1,Sampdoria,Hellas Verona,Y,GK,90,2,1,2,1.0,0,1.7,1,1,0,0,8,23,34.8,24,1,83.3,50.7,4,75.0,53.0,13,3,23.1,0,6.3
2020-12-19,Emil Audero,Matchweek 13,Home,W 3–1,Sampdoria,Crotone,Y,GK,90,1,1,1,1.0,0,0.9,1,1,0,0,13,21,61.9,25,5,56.0,42.3,7,100.0,61.1,4,1,25.0,0,13.4
2020-12-23,Emil Audero,Matchweek 14,Home,L 2–3,Sampdoria,Sassuolo,Y,GK,90,8,3,5,0.625,0,1.8,0,0,0,0,7,17,41.2,28,5,42.9,38.0,6,83.3,54.0,6,0,0.0,1,14.1
2021-01-03,Emil Audero,Matchweek 15,Away,L 0–1,Sampdoria,Roma,Y,GK,90,6,1,5,0.833,0,1.5,0,0,0,0,13,28,46.4,21,1,90.5,55.0,9,100.0,60.4,14,1,7.1,0,11.3
2021-01-06,Emil Audero,Matchweek 16,Home,W 2–1,Sampdoria,Inter,Y,GK,90,6,1,5,0.833,0,3.0,1,0,1,0,12,28,42.9,29,5,55.2,43.9,15,80.0,50.3,13,0,0.0,0,8.8
2021-01-11,Emil Audero,Matchweek 17,Away,L 1–2,Sampdoria,Spezia,Y,GK,90,3,2,2,0.667,0,1.3,1,1,0,0,5,20,25.0,30,5,56.7,43.3,4,75.0,52.0,7,1,14.3,1,14.5
2021-01-16,Emil Audero,Matchweek 18,Home,W 2–1,Sampdoria,Udinese,Y,GK,90,5,1,4,0.8,0,1.6,0,0,0,0,2,7,28.6,16,2,31.3,34.8,6,33.3,35.2,11,1,9.1,0,3.0
2021-01-24,Emil Audero,Matchweek 19,Away,W 2–0,Sampdoria,Parma,Y,GK,90,4,0,4,1.0,1,0.5,0,0,0,0,8,14,57.1,18,9,38.9,35.0,9,77.8,49.4,8,0,0.0,1,13.3
2021-01-30,Emil Audero,Matchweek 20,Home,L 0–2,Sampdoria,Juventus,Y,GK,90,3,2,1,0.33299999999999996,0,1.5,0,0,0,0,6,13,46.2,27,10,33.3,33.8,5,80.0,51.8,6,1,16.7,2,16.4
2021-02-07,Emil Audero,Matchweek 21,Away,D 1–1,Sampdoria,Benevento,Y,GK,90,3,1,2,0.667,0,0.2,0,0,0,0,5,9,55.6,24,7,25.0,32.6,4,75.0,52.0,9,2,22.2,0,8.2
2020-12-13,Federico Ravaglia,Matchweek 11,Home,L 1–5,Bologna,Roma,Y,GK,90,7,5,3,.286,0,3.3,0,0,0,0,1,2,50.0,25,1,4.0,19.2,6,16.7,18.7,6,0,0.0,2,23.5
2020-09-30,Samir Handanović,Matchweek 1,Away,W 5–2,Inter,Benevento,Y*,GK,90,6,2,4,0.667,0,2.2,0,0,0,0,1,3,33.3,28,4,7.1,23.4,6,16.7,26.2,9,0,0.0,2,18.7
2020-09-26,Samir Handanović,Matchweek 2,Home,W 4–3,Inter,Fiorentina,Y*,GK,90,4,3,1,0.25,0,3.0,0,0,0,0,1,2,50.0,22,1,9.1,23.1,4,0.0,22.8,4,0,0.0,0,8.0
2020-10-04,Samir Handanović,Matchweek 3,Away,D 1–1,Inter,Lazio,Y*,GK,90,4,1,3,0.75,0,0.4,0,0,0,0,1,1,100.0,14,3,7.1,22.7,8,0.0,24.8,7,0,0.0,0,10.3
2020-10-17,Samir Handanović,Matchweek 4,Home,L 1–2,Inter,Milan,Y*,GK,90,3,2,1,0.33299999999999996,0,1.4,1,0,1,0,9,14,64.3,32,5,37.5,32.9,5,40.0,38.8,6,0,0.0,1,14.4
2020-10-24,Samir Handanović,Matchweek 5,Away,W 2–0,Inter,Genoa,Y*,GK,90,0,0,0,,1,0.0,0,0,0,0,3,6,50.0,26,0,23.1,29.9,1,0.0,30.0,6,0,0.0,0,8.0
2020-10-31,Samir Handanović,Matchweek 6,Home,D 2–2,Inter,Parma,Y*,GK,90,3,2,1,0.33299999999999996,0,1.2,0,0,0,0,0,0,,12,5,0.0,21.2,1,0.0,9.0,1,0,0.0,2,22.3
2020-11-08,Samir Handanović,Matchweek 7,Away,D 1–1,Inter,Atalanta,Y*,GK,90,2,1,1,0.5,0,0.7,0,0,0,0,3,6,50.0,22,3,22.7,26.5,4,25.0,22.3,9,2,22.2,0,5.7
2020-11-22,Samir Handanović,Matchweek 8,Home,W 4–2,Inter,Torino,Y*,GK,90,5,2,4,0.8,0,2.5,1,1,0,0,2,5,40.0,18,6,27.8,33.1,6,0.0,16.5,7,0,0.0,0,10.8
2020-11-28,Samir Handanović,Matchweek 9,Away,W 3–0,Inter,Sassuolo,Y*,GK,90,3,0,3,1.0,1,0.1,0,0,0,0,6,13,46.2,27,5,33.3,31.7,5,80.0,55.6,6,0,0.0,0,8.0
2020-12-05,Samir Handanović,Matchweek 10,Home,W 3–1,Inter,Bologna,Y*,GK,90,7,1,6,0.857,0,1.6,0,0,0,0,4,17,23.5,27,5,51.9,41.9,4,75.0,50.0,9,0,0.0,0,5.0
2020-12-13,Samir Handanović,Matchweek 11,Away,W 3–1,Inter,Cagliari,Y*,GK,90,3,1,2,0.667,0,0.5,0,0,0,0,2,3,66.7,26,7,7.7,22.7,5,20.0,31.6,9,1,11.1,0,4.5
2020-12-16,Samir Handanović,Matchweek 12,Home,W 1–0,Inter,Napoli,Y*,GK,90,3,0,3,1.0,1,0.6,0,0,0,0,2,6,33.3,22,6,13.6,27.7,6,50.0,37.5,14,0,0.0,1,14.9
2020-12-20,Samir Handanović,Matchweek 13,Home,W 2–1,Inter,Spezia,Y*,GK,90,1,1,0,0.0,0,0.6,0,0,0,0,5,11,45.5,34,4,29.4,30.7,4,25.0,35.5,5,0,0.0,0,5.0
2020-12-23,Samir Handanović,Matchweek 14,Away,W 2–1,Inter,Hellas Verona,Y*,GK,90,2,1,1,0.5,0,0.8,0,0,0,0,7,12,58.3,32,1,34.4,30.9,5,20.0,25.2,4,0,0.0,0,8.0
2021-01-03,Samir Handanović,Matchweek 15,Home,W 6–2,Inter,Crotone,Y*,GK,90,2,2,1,0.5,0,1.7,1,1,0,0,4,8,50.0,29,5,24.1,29.8,2,50.0,29.5,4,1,25.0,1,12.6
2021-01-06,Samir Handanović,Matchweek 16,Away,L 1–2,Inter,Sampdoria,Y*,GK,90,2,2,1,0.5,0,1.5,1,1,0,0,2,4,50.0,25,5,12.0,25.2,1,100.0,41.0,1,0,0.0,2,28.5
2021-01-10,Samir Handanović,Matchweek 17,Away,D 2–2,Inter,Roma,Y,GK,90,8,2,6,0.75,0,1.4,0,0,0,0,3,6,50.0,40,10,15.0,25.0,4,0.0,15.0,10,1,10.0,1,14.5
2021-01-17,Samir Handanović,Matchweek 18,Home,W 2–0,Inter,Juventus,Y*,GK,90,4,0,4,1.0,1,1.0,0,0,0,0,2,11,18.2,31,4,35.5,35.2,2,0.0,15.0,18,1,5.6,0,12.7
2021-01-23,Samir Handanović,Matchweek 19,Away,D 0–0,Inter,Udinese,Y*,GK,90,1,0,1,1.0,1,0.0,0,0,0,0,1,3,33.3,18,2,11.1,24.9,4,25.0,37.0,3,0,0.0,0,14.0
2021-01-30,Samir Handanović,Matchweek 20,Home,W 4–0,Inter,Benevento,Y*,GK,90,0,0,0,,1,0.0,0,0,0,0,1,2,50.0,22,2,9.1,22.3,4,0.0,19.3,2,1,50.0,0,9.0
2021-02-05,Samir Handanović,Matchweek 21,Away,W 2–0,Inter,Fiorentina,Y*,GK,90,3,0,2,1.0,1,0.1,0,0,0,0,1,9,11.1,22,3,22.7,27.8,13,30.8,33.2,15,2,13.3,1,20.0
2020-09-20,David Ospina,Matchweek 1,Away,W 2–0,Napoli,Parma,Y,GK,90,2,0,2,1.000,1,0.1,0,0,0,0,4,7,57.1,23,6,26.1,34.1,3,33.3,31.0,6,2,33.3,2,27.0
2020-10-17,David Ospina,Matchweek 4,Home,W 4–1,Napoli,Atalanta,Y,GK,90,4,1,3,.750,0,0.3,0,0,0,0,7,17,41.2,37,2,45.9,38.8,2,0.0,26.0,3,1,33.3,0,9.8
2020-11-01,David Ospina,Matchweek 6,Home,L 0–2,Napoli,Sassuolo,Y,GK,90,3,2,2,.667,0,1.4,1,1,0,0,4,5,80.0,19,3,26.3,31.7,1,0.0,18.0,1,0,0.0,2,20.0
2020-11-08,David Ospina,Matchweek 7,Away,W 1–0,Napoli,Bologna,Y,GK,90,3,0,3,1.000,1,0.2,0,0,0,0,6,16,37.5,32,3,43.8,37.7,2,100.0,64.5,8,0,0.0,1,22.0
2020-12-06,David Ospina,Matchweek 10,Away,W 4–0,Napoli,Crotone,Y,GK,90,1,0,1,1.000,1,0.2,0,0,0,0,6,10,60.0,31,2,29.0,28.5,3,33.3,36.0,7,3,42.9,2,22.4
2020-12-16,David Ospina,Matchweek 12,Away,L 0–1,Napoli,Inter,Y,GK,90,1,1,1,1.000,0,1.2,1,1,0,0,7,9,77.8,29,1,31.0,34.6,4,0.0,15.3,7,1,14.3,1,14.9
2020-12-20,David Ospina,Matchweek 13,Away,L 0–2,Napoli,Lazio,Y,GK,90,2,2,0,.000,0,1.4,0,0,0,0,0,1,0.0,18,1,5.6,23.7,7,0.0,14.4,7,0,0.0,0,10.0
2021-01-03,David Ospina,Matchweek 15,Away,W 4–1,Napoli,Cagliari,Y,GK,90,1,1,0,.000,0,0.8,0,0,0,0,1,3,33.3,25,0,8.0,20.6,5,20.0,27.0,4,0,0.0,1,15.5
2021-01-06,David Ospina,Matchweek 16,Home,L 1–2,Napoli,Spezia,Y,GK,90,2,2,1,.500,0,2.1,1,1,0,0,6,8,75.0,47,6,17.0,25.4,5,0.0,20.2,2,0,0.0,0,13.5
2021-01-17,David Ospina,Matchweek 18,Home,W 6–0,Napoli,Fiorentina,Y,GK,90,1,0,1,1.000,1,0.3,0,0,0,0,8,18,44.4,44,5,38.6,31.3,3,33.3,20.0,9,1,11.1,0,8.0
2021-01-31,David Ospina,Matchweek 20,Home,W 2–0,Napoli,Parma,Y,GK,90,1,0,1,1.000,1,0.0,0,0,0,0,2,11,18.2,33,3,33.3,34.8,0,,,7,0,0.0,0,13.3
2021-02-06,David Ospina,Matchweek 21,Away,L 1–2,Napoli,Genoa,Y,GK,90,2,2,0,.000,0,1.3,0,0,0,0,2,7,28.6,31,2,22.6,31.1,1,0.0,16.0,5,0,0.0,1,15.0
2020-09-20,Andrea Consigli,Matchweek 1,Home,D 1–1,Sassuolo,Cagliari,Y,GK,90.0,4.0,1.0,3.0,0.75,0.0,1.1,0.0,0.0,0.0,0.0,2.0,4.0,50.0,19.0,3.0,15.8,22.3,5.0,20.0,24.2,5.0,0.0,0.0,0.0,17.0
2020-09-27,Andrea Consigli,Matchweek 2,Away,W 4–1,Sassuolo,Spezia,Y,GK,90.0,5.0,1.0,4.0,0.8,0.0,0.7,0.0,0.0,0.0,0.0,12.0,15.0,80.0,34.0,3.0,41.2,28.6,4.0,25.0,18.8,6.0,0.0,0.0,1.0,16.0
2020-10-03,Andrea Consigli,Matchweek 3,Home,W 4–1,Sassuolo,Crotone,Y,GK,90.0,4.0,1.0,4.0,1.0,0.0,1.5,1.0,1.0,0.0,0.0,8.0,28.0,28.6,43.0,7.0,55.8,42.4,5.0,80.0,56.2,10.0,0.0,0.0,2.0,21.6
2020-10-18,Andrea Consigli,Matchweek 4,Away,W 4–3,Sassuolo,Bologna,Y,GK,90.0,6.0,3.0,3.0,0.5,0.0,2.0,0.0,0.0,0.0,0.0,9.0,22.0,40.9,32.0,6.0,59.4,42.6,7.0,42.9,31.1,7.0,1.0,14.3,0.0,13.3
2020-10-23,Andrea Consigli,Matchweek 5,Home,D 3–3,Sassuolo,Torino,Y,GK,90.0,10.0,3.0,7.0,0.7,0.0,3.2,0.0,0.0,0.0,0.0,5.0,7.0,71.4,29.0,4.0,24.1,26.1,4.0,0.0,28.0,11.0,1.0,9.1,1.0,14.3
2020-11-01,Andrea Consigli,Matchweek 6,Away,W 2–0,Sassuolo,Napoli,Y,GK,90.0,6.0,0.0,6.0,1.0,1.0,1.6,0.0,0.0,0.0,0.0,10.0,13.0,76.9,37.0,13.0,27.0,25.2,13.0,23.1,23.7,12.0,1.0,8.3,1.0,11.2
2020-11-06,Andrea Consigli,Matchweek 7,Home,D 0–0,Sassuolo,Udinese,Y,GK,90.0,0.0,0.0,0.0,,1.0,0.0,0.0,0.0,0.0,0.0,2.0,6.0,33.3,21.0,4.0,28.6,31.1,2.0,0.0,20.0,10.0,3.0,30.0,0.0,9.0
2020-11-22,Andrea Consigli,Matchweek 8,Away,W 2–0,Sassuolo,Hellas Verona,Y,GK,90.0,3.0,0.0,3.0,1.0,1.0,0.2,0.0,0.0,0.0,0.0,9.0,20.0,45.0,32.0,1.0,50.0,41.7,10.0,40.0,31.6,15.0,1.0,6.7,0.0,15.0
2020-11-28,Andrea Consigli,Matchweek 9,Home,L 0–3,Sassuolo,Inter,Y,GK,90.0,4.0,3.0,2.0,0.25,0.0,2.1,0.0,0.0,0.0,0.0,1.0,4.0,25.0,15.0,2.0,26.7,28.7,5.0,0.0,22.4,4.0,0.0,0.0,1.0,25.0
2020-12-11,Andrea Consigli,Matchweek 11,Home,W 1–0,Sassuolo,Benevento,Y,GK,90.0,4.0,0.0,4.0,1.0,1.0,0.7,0.0,0.0,0.0,0.0,6.0,15.0,40.0,17.0,2.0,41.2,36.9,16.0,50.0,35.0,13.0,1.0,7.7,0.0,8.8
2020-12-16,Andrea Consigli,Matchweek 12,Away,D 1–1,Sassuolo,Fiorentina,Y,GK,90.0,4.0,1.0,3.0,1.0,0.0,1.5,1.0,1.0,0.0,0.0,5.0,7.0,71.4,35.0,5.0,17.1,24.9,6.0,16.7,18.8,7.0,0.0,0.0,0.0,15.0
2020-12-20,Andrea Consigli,Matchweek 13,Home,L 1–2,Sassuolo,Milan,Y,GK,90.0,5.0,2.0,3.0,0.6,0.0,1.1,0.0,0.0,0.0,0.0,3.0,5.0,60.0,30.0,5.0,13.3,23.6,5.0,20.0,22.2,5.0,0.0,0.0,1.0,22.8
2020-12-23,Andrea Consigli,Matchweek 14,Away,W 3–2,Sassuolo,Sampdoria,Y,GK,90.0,6.0,2.0,4.0,0.667,0.0,1.9,0.0,0.0,0.0,0.0,3.0,10.0,30.0,18.0,3.0,38.9,32.9,13.0,23.1,25.2,21.0,1.0,4.8,1.0,13.0
2021-01-03,Andrea Consigli,Matchweek 15,Away,L 1–5,Sassuolo,Atalanta,Y,GK,90.0,7.0,5.0,2.0,0.28600000000000003,0.0,2.9,0.0,0.0,0.0,0.0,7.0,17.0,41.2,38.0,2.0,26.3,29.6,18.0,38.9,31.4,8.0,0.0,0.0,0.0,10.8
2021-01-06,Andrea Consigli,Matchweek 16,Home,W 2–1,Sassuolo,Genoa,Y,GK,90.0,2.0,1.0,1.0,0.5,0.0,1.2,0.0,0.0,0.0,0.0,4.0,9.0,44.4,28.0,5.0,32.1,34.8,4.0,0.0,9.5,9.0,2.0,22.2,2.0,21.3
2021-01-10,Andrea Consigli,Matchweek 17,Away,L 1–3,Sassuolo,Juventus,Y,GK,90.0,8.0,3.0,5.0,0.625,0.0,2.4,0.0,0.0,0.0,0.0,7.0,15.0,46.7,22.0,2.0,45.5,35.0,11.0,45.5,33.4,8.0,1.0,12.5,0.0,14.5
2021-01-17,Andrea Consigli,Matchweek 18,Home,D 1–1,Sassuolo,Parma,Y,GK,90.0,2.0,1.0,1.0,0.5,0.0,0.9,0.0,0.0,0.0,0.0,1.0,1.0,100.0,16.0,4.0,0.0,19.0,7.0,14.3,18.1,11.0,2.0,18.2,2.0,24.4
2021-01-24,Andrea Consigli,Matchweek 19,Away,L 1–2,Sassuolo,Lazio,Y,GK,90.0,6.0,2.0,4.0,0.667,0.0,1.7,0.0,0.0,0.0,0.0,4.0,13.0,30.8,35.0,7.0,31.4,32.2,4.0,50.0,46.3,15.0,0.0,0.0,1.0,13.8
2021-01-31,Andrea Consigli,Matchweek 20,Away,D 1–1,Sassuolo,Cagliari,Y,GK,90.0,3.0,1.0,2.0,0.667,0.0,0.8,0.0,0.0,0.0,0.0,1.0,3.0,33.3,36.0,4.0,8.3,21.6,2.0,0.0,16.0,6.0,1.0,16.7,2.0,24.0
2021-02-06,Andrea Consigli,Matchweek 21,Home,L 1–2,Sassuolo,Spezia,Y,GK,90.0,5.0,2.0,2.0,0.6,0.0,1.8,0.0,0.0,0.0,0.0,5.0,20.0,25.0,57.0,1.0,33.3,33.7,3.0,33.3,31.0,5.0,0.0,0.0,0.0,17.0
2020-09-27,Alex Meret,Matchweek 2,Home,W 6–0,Napoli,Genoa,Y,GK,90,0,0,0,,1,0.0,0,0,0,0,0,1,0.0,22,2,4.5,26.6,3,0.0,14.7,5,0,0.0,0,7.8
2020-10-25,Alex Meret,Matchweek 5,Away,W 2–1,Napoli,Benevento,Y,GK,90,3,1,2,.667,0,0.9,0,0,0,0,3,4,75.0,19,5,15.8,27.0,6,16.7,26.5,7,1,14.3,0,11.4
2020-11-22,Alex Meret,Matchweek 8,Home,L 1–3,Napoli,Milan,Y,GK,90,7,3,4,.571,0,2.6,0,0,0,0,0,2,0.0,45,8,4.4,20.8,5,0.0,15.6,4,1,25.0,1,14.8
2020-11-29,Alex Meret,Matchweek 9,Home,W 4–0,Napoli,Roma,Y,GK,90,1,0,1,1.000,1,0.0,0,0,0,0,1,2,50.0,25,4,8.0,22.6,5,0.0,18.4,4,0,0.0,0,10.3
2020-12-13,Alex Meret,Matchweek 11,Home,W 2–1,Napoli,Sampdoria,Y,GK,90,3,1,2,.667,0,1.4,0,0,0,0,1,2,50.0,25,4,8.0,21.7,2,0.0,10.0,5,1,20.0,0,11.6
2020-12-23,Alex Meret,Matchweek 14,Home,D 1–1,Napoli,Torino,Y,GK,90,3,1,2,.667,0,0.8,0,0,0,0,1,2,50.0,19,8,10.5,21.7,4,0.0,13.3,9,2,22.2,0,8.0
2021-01-10,Alex Meret,Matchweek 17,Away,W 2–1,Napoli,Udinese,Y,GK,90,8,1,7,.875,0,1.4,0,0,0,0,6,7,85.7,16,5,12.5,24.6,8,62.5,41.9,4,0,0.0,0,10.7
2021-01-24,Alex Meret,Matchweek 19,Away,L 1–3,Napoli,Hellas Verona,Y,GK,90,7,3,4,.571,0,2.7,0,0,0,0,6,13,46.2,29,6,44.8,35.2,2,0.0,13.5,7,1,14.3,1,16.6
2020-11-30,Alberto Paleari,Matchweek 9,Home,L 1–2,Genoa,Parma,Y,GK,90,3,2,0,.333,0,0.9,0,0,0,0,6,15,40.0,26,5,57.7,41.7,7,0.0,11.6,5,0,0.0,0,12.3
2020-12-07,Alberto Paleari,Matchweek 10,Away,D 1–1,Genoa,Fiorentina,N,GK,26,5,1,4,.800,0,1.7,0,0,0,0,1,10,10.0,8,0,87.5,57.0,3,100.0,75.0,3,0,0.0,0,11.0
2020-10-18,Vanja Milinković-Savić,Matchweek 4,Home,L 2–3,Torino,Cagliari,N,,,,,,,,,,,,,,,,,,,,,,,,,,,
2020-12-17,Vanja Milinković-Savić,Matchweek 12,Away,L 1–3,Torino,Roma,Y,GK,90,4,3,2,.500,0,2.3,1,1,0,0,2,10,20.0,28,2,32.1,35.1,2,50.0,41.0,7,0,0.0,0,8.0
2020-12-20,Vanja Milinković-Savić,Matchweek 13,Home,D 1–1,Torino,Bologna,Y,GK,90,6,1,5,.833,0,0.7,0,0,0,0,3,8,37.5,29,7,13.8,27.0,5,80.0,59.2,8,0,0.0,1,16.6
2020-09-30,Juan Musso,Matchweek 1,Home,L 0–2,Udinese,Spezia,Y,GK,90.0,2.0,2.0,0.0,0.0,0.0,0.3,0.0,0.0,0.0,0.0,1.0,5.0,20.0,22.0,1.0,22.7,30.1,4.0,0.0,14.5,2.0,0.0,0.0,0.0,9.0
2020-09-27,Juan Musso,Matchweek 2,Away,L 0–1,Udinese,Hellas Verona,Y,GK,90.0,2.0,1.0,1.0,0.5,0.0,1.2,0.0,0.0,0.0,0.0,2.0,9.0,22.2,26.0,6.0,26.9,35.1,10.0,20.0,31.5,6.0,2.0,33.3,2.0,20.0
2020-10-03,Juan Musso,Matchweek 3,Home,L 0–1,Udinese,Roma,Y,GK,90.0,3.0,1.0,2.0,0.667,0.0,0.1,0.0,0.0,0.0,0.0,4.0,17.0,23.5,30.0,7.0,46.7,37.5,7.0,42.9,29.6,9.0,0.0,0.0,0.0,10.6
2020-11-01,Juan Musso,Matchweek 6,Home,L 1–2,Udinese,Milan,Y,GK,90.0,4.0,2.0,2.0,0.5,0.0,1.9,0.0,0.0,0.0,0.0,8.0,20.0,40.0,23.0,2.0,65.2,43.2,9.0,55.6,45.0,4.0,0.0,0.0,3.0,14.5
2020-11-06,Juan Musso,Matchweek 7,Away,D 0–0,Udinese,Sassuolo,Y,GK,90.0,1.0,0.0,1.0,1.0,1.0,0.0,0.0,0.0,0.0,0.0,2.0,10.0,20.0,21.0,6.0,28.6,33.3,5.0,80.0,49.4,4.0,0.0,0.0,0.0,10.5
2020-11-22,Juan Musso,Matchweek 8,Home,W 1–0,Udinese,Genoa,Y,GK,90.0,1.0,0.0,1.0,1.0,1.0,0.8,0.0,0.0,0.0,0.0,7.0,16.0,43.8,27.0,4.0,44.4,37.6,7.0,57.1,42.4,5.0,1.0,20.0,0.0,17.0
2020-11-29,Juan Musso,Matchweek 9,Away,W 3–1,Udinese,Lazio,Y,GK,90.0,5.0,1.0,5.0,1.0,0.0,2.0,1.0,1.0,0.0,0.0,8.0,13.0,61.5,28.0,8.0,42.9,39.2,4.0,25.0,39.0,13.0,3.0,23.1,0.0,12.6
2021-01-20,Juan Musso,Matchweek 10,Home,D 1–1,Udinese,Atalanta,Y,GK,90.0,4.0,1.0,3.0,0.75,0.0,1.5,0.0,0.0,0.0,0.0,8.0,22.0,36.4,21.0,2.0,66.7,46.1,10.0,80.0,55.0,9.0,1.0,11.1,1.0,12.3
2020-12-12,Juan Musso,Matchweek 11,Away,W 3–2,Udinese,Torino,Y,GK,90.0,3.0,2.0,1.0,0.33299999999999996,0.0,1.4,0.0,0.0,0.0,0.0,4.0,13.0,30.8,27.0,10.0,40.7,37.2,4.0,50.0,45.5,7.0,0.0,0.0,0.0,10.8
2020-12-15,Juan Musso,Matchweek 12,Home,D 0–0,Udinese,Crotone,Y,GK,90.0,2.0,0.0,2.0,1.0,1.0,0.1,0.0,0.0,0.0,0.0,6.0,11.0,54.5,18.0,1.0,50.0,33.0,6.0,33.3,27.5,2.0,0.0,0.0,2.0,20.5
2020-12-20,Juan Musso,Matchweek 13,Away,D 1–1,Udinese,Cagliari,Y,GK,90.0,3.0,1.0,2.0,0.667,0.0,0.5,0.0,0.0,0.0,0.0,4.0,9.0,44.4,19.0,3.0,36.8,35.1,6.0,33.3,28.8,10.0,0.0,0.0,1.0,11.2
2020-12-23,Juan Musso,Matchweek 14,Home,L 0–2,Udinese,Benevento,Y,GK,90.0,4.0,2.0,2.0,0.5,0.0,1.1,0.0,0.0,0.0,0.0,4.0,5.0,80.0,20.0,5.0,25.0,24.1,1.0,0.0,7.0,3.0,0.0,0.0,2.0,17.5
2021-01-03,Juan Musso,Matchweek 15,Away,L 1–4,Udinese,Juventus,Y,GK,90.0,10.0,4.0,6.0,0.6,0.0,5.1,0.0,0.0,0.0,0.0,8.0,13.0,61.5,23.0,1.0,52.2,39.0,5.0,20.0,18.6,9.0,0.0,0.0,0.0,10.0
2021-01-06,Juan Musso,Matchweek 16,Away,D 2–2,Udinese,Bologna,Y,GK,90.0,6.0,2.0,4.0,0.667,0.0,2.1,0.0,0.0,0.0,0.0,2.0,6.0,33.3,16.0,4.0,31.3,30.4,5.0,20.0,23.0,3.0,0.0,0.0,0.0,21.0
2021-01-10,Juan Musso,Matchweek 17,Home,L 1–2,Udinese,Napoli,Y,GK,90.0,5.0,2.0,4.0,0.8,0.0,3.1,1.0,1.0,0.0,0.0,3.0,7.0,42.9,11.0,6.0,36.4,31.8,11.0,27.3,32.6,9.0,0.0,0.0,0.0,9.5
2021-01-16,Juan Musso,Matchweek 18,Away,L 1–2,Udinese,Sampdoria,Y,GK,90.0,5.0,2.0,4.0,0.8,0.0,2.4,1.0,1.0,0.0,0.0,4.0,9.0,44.4,19.0,4.0,47.4,33.4,4.0,0.0,21.8,12.0,1.0,8.3,1.0,20.5
2021-01-23,Juan Musso,Matchweek 19,Home,D 0–0,Udinese,Inter,Y,GK,90.0,4.0,0.0,4.0,1.0,1.0,0.4,0.0,0.0,0.0,0.0,6.0,22.0,27.3,26.0,4.0,61.5,43.7,9.0,66.7,48.6,9.0,2.0,22.2,0.0,11.5
2021-01-31,Juan Musso,Matchweek 20,Away,W 1–0,Udinese,Spezia,Y,GK,90.0,5.0,0.0,5.0,1.0,1.0,1.2,0.0,0.0,0.0,0.0,7.0,22.0,31.8,28.0,8.0,60.7,42.1,5.0,100.0,60.4,13.0,1.0,7.7,0.0,13.4
2021-02-07,Juan Musso,Matchweek 21,Home,W 2–0,Udinese,Hellas Verona,Y,GK,90.0,0.0,0.0,0.0,,1.0,0.0,0.0,0.0,0.0,0.0,11.0,23.0,47.8,25.0,1.0,64.0,47.4,9.0,77.8,52.9,6.0,1.0,16.7,0.0,16.0
2020-09-21,Łukasz Skorupski,Matchweek 1,Away,L 0–2,Bologna,Milan,Y,GK,90.0,4.0,2.0,3.0,0.75,0.0,1.3,1.0,1.0,0.0,0.0,12.0,21.0,57.1,34.0,3.0,52.9,37.6,10.0,30.0,32.5,8.0,0.0,0.0,0.0,14.8
2020-09-28,Łukasz Skorupski,Matchweek 2,Home,W 4–1,Bologna,Parma,Y,GK,90.0,3.0,1.0,2.0,0.667,0.0,1.0,0.0,0.0,0.0,0.0,5.0,12.0,41.7,34.0,4.0,32.4,33.4,5.0,20.0,19.6,8.0,1.0,12.5,1.0,13.1
2020-10-04,Łukasz Skorupski,Matchweek 3,Away,L 0–1,Bologna,Benevento,Y,GK,90.0,2.0,1.0,1.0,0.5,0.0,1.3,0.0,0.0,0.0,0.0,2.0,6.0,33.3,22.0,2.0,27.3,28.8,4.0,0.0,15.8,3.0,2.0,66.7,1.0,19.3
2020-10-18,Łukasz Skorupski,Matchweek 4,Home,L 3–4,Bologna,Sassuolo,Y,GK,90.0,13.0,4.0,10.0,0.6920000000000001,0.0,3.4,0.0,0.0,0.0,0.0,9.0,23.0,39.1,23.0,3.0,69.6,44.0,11.0,63.6,42.1,4.0,1.0,25.0,0.0,13.0
2020-10-24,Łukasz Skorupski,Matchweek 5,Away,L 1–2,Bologna,Lazio,Y,GK,90.0,4.0,2.0,2.0,0.5,0.0,1.3,0.0,0.0,0.0,0.0,1.0,5.0,20.0,20.0,5.0,20.0,30.1,3.0,33.3,23.0,7.0,1.0,14.3,1.0,21.0
2020-10-31,Łukasz Skorupski,Matchweek 6,Home,W 3–2,Bologna,Cagliari,Y,GK,90.0,3.0,2.0,1.0,0.33299999999999996,0.0,1.0,0.0,0.0,0.0,0.0,3.0,7.0,42.9,26.0,5.0,19.2,27.2,7.0,28.6,24.4,8.0,0.0,0.0,1.0,13.0
2020-11-08,Łukasz Skorupski,Matchweek 7,Home,L 0–1,Bologna,Napoli,Y,GK,90.0,4.0,1.0,3.0,0.75,0.0,0.7,0.0,0.0,0.0,0.0,2.0,7.0,28.6,28.0,7.0,21.4,31.0,10.0,10.0,17.7,5.0,1.0,20.0,0.0,12.4
2020-11-22,Łukasz Skorupski,Matchweek 8,Away,W 2–1,Bologna,Sampdoria,Y,GK,90.0,4.0,1.0,3.0,0.75,0.0,0.3,0.0,0.0,0.0,0.0,2.0,10.0,20.0,32.0,4.0,21.9,31.3,8.0,37.5,31.6,9.0,2.0,22.2,0.0,12.3
2020-11-29,Łukasz Skorupski,Matchweek 9,Home,W 1–0,Bologna,Crotone,Y,GK,90.0,1.0,0.0,1.0,1.0,1.0,0.1,0.0,0.0,0.0,0.0,10.0,20.0,50.0,30.0,5.0,56.7,40.9,9.0,33.3,27.3,12.0,3.0,25.0,1.0,16.6
2020-12-05,Łukasz Skorupski,Matchweek 10,Away,L 1–3,Bologna,Inter,Y,GK,90.0,7.0,3.0,4.0,0.5710000000000001,0.0,2.7,0.0,0.0,0.0,0.0,0.0,6.0,0.0,27.0,10.0,14.8,26.7,4.0,50.0,36.0,14.0,2.0,14.3,0.0,12.4
2021-01-16,Łukasz Skorupski,Matchweek 18,Home,W 1–0,Bologna,Hellas Verona,Y,GK,90.0,1.0,0.0,1.0,1.0,1.0,0.3,0.0,0.0,0.0,0.0,3.0,9.0,33.3,15.0,7.0,26.7,32.9,12.0,41.7,27.8,9.0,2.0,22.2,1.0,12.5
2021-01-24,Łukasz Skorupski,Matchweek 19,Away,L 0–2,Bologna,Juventus,Y,GK,90.0,11.0,2.0,9.0,0.818,0.0,3.0,0.0,0.0,0.0,0.0,4.0,6.0,66.7,16.0,3.0,25.0,29.6,10.0,20.0,21.4,7.0,0.0,0.0,0.0,8.0
2021-01-30,Łukasz Skorupski,Matchweek 20,Home,L 1–2,Bologna,Milan,Y,GK,90.0,8.0,2.0,7.0,0.875,0.0,3.2,2.0,1.0,1.0,0.0,2.0,4.0,50.0,25.0,5.0,16.0,25.8,4.0,0.0,11.0,5.0,0.0,0.0,0.0,13.5
2021-02-07,Łukasz Skorupski,Matchweek 21,Away,W 3–0,Bologna,Parma,Y,GK,90.0,5.0,0.0,5.0,1.0,1.0,1.0,0.0,0.0,0.0,0.0,1.0,12.0,8.3,23.0,7.0,47.8,38.4,8.0,12.5,17.6,11.0,1.0,9.1,0.0,10.0
2020-09-30,Marco Sportiello,Matchweek 1,Away,W 4–1,Atalanta,Lazio,Y,GK,90,5,1,4,.800,0,1.3,0,0,0,0,4,11,36.4,24,4,29.2,36.0,4,100.0,68.0,10,1,10.0,1,16.1
2020-09-26,Marco Sportiello,Matchweek 2,Away,W 4–2,Atalanta,Torino,Y,GK,90,4,2,2,.500,0,0.7,0,0,0,0,4,8,50.0,19,5,21.1,30.4,4,100.0,63.8,10,1,10.0,1,20.5
2020-10-04,Marco Sportiello,Matchweek 3,Home,W 5–2,Atalanta,Cagliari,Y,GK,90,3,2,1,.333,0,1.7,0,0,0,0,3,5,60.0,22,3,18.2,30.8,9,11.1,25.4,7,0,0.0,1,18.0
2020-10-17,Marco Sportiello,Matchweek 4,Away,L 1–4,Atalanta,Napoli,Y,GK,90,13,4,9,.692,0,2.9,0,0,0,0,3,9,33.3,23,13,17.4,25.0,5,100.0,66.6,9,2,22.2,0,11.7
2020-10-24,Marco Sportiello,Matchweek 5,Home,L 1–3,Atalanta,Sampdoria,Y,GK,90,3,3,0,.000,0,2.6,1,0,1,0,2,5,40.0,22,2,18.2,28.4,1,100.0,77.0,5,0,0.0,0,12.3
2020-10-31,Marco Sportiello,Matchweek 6,Away,W 2–1,Atalanta,Crotone,Y,GK,90,1,1,0,.000,0,0.1,0,0,0,0,2,7,28.6,23,5,26.1,32.2,3,33.3,36.0,2,0,0.0,1,15.5
2020-11-08,Marco Sportiello,Matchweek 7,Home,D 1–1,Atalanta,Inter,Y,GK,90,3,1,2,.667,0,0.5,0,0,0,0,3,9,33.3,14,4,21.4,31.8,8,75.0,53.5,6,0,0.0,1,13.6
2020-11-28,Marco Sportiello,Matchweek 9,Home,L 0–2,Atalanta,Hellas Verona,N,GK,25,1,1,0,.000,0,0.8,0,0,0,0,5,7,71.4,17,5,41.2,31.4,3,0.0,18.7,0,0,,1,18.8
2020-10-26,Ciprian Tătărușanu,Matchweek 5,Home,D 3–3,Milan,Roma,Y,GK,90,6,3,4,.667,0,2.9,1,1,0,0,2,5,40.0,23,7,13.0,21.8,4,50.0,30.8,3,1,33.3,0,8.1
2020-09-30,Lorenzo Montipò,Matchweek 1,Home,L 2–5,Benevento,Inter,Y,GK,90,8,5,3,0.375,0,2.9,0,0,0,0,11,25,44.0,31,5,67.7,43.9,7,57.1,41.3,7,0,0.0,1,14.3
2020-09-26,Lorenzo Montipò,Matchweek 2,Away,W 3–2,Benevento,Sampdoria,Y,GK,90,3,2,1,0.33299999999999996,0,1.5,0,0,0,0,9,20,45.0,38,9,44.7,37.2,6,50.0,37.2,7,0,0.0,0,5.9
2020-10-04,Lorenzo Montipò,Matchweek 3,Home,W 1–0,Benevento,Bologna,Y,GK,90,7,0,7,1.0,1,1.3,0,0,0,0,5,23,21.7,24,4,54.2,40.2,10,100.0,67.9,8,0,0.0,0,10.0
2020-10-18,Lorenzo Montipò,Matchweek 4,Away,L 2–5,Benevento,Roma,Y,GK,90,6,5,2,0.33299999999999996,0,4.4,1,1,0,0,10,15,66.7,27,4,33.3,35.4,6,100.0,55.0,7,0,0.0,1,13.3
2020-10-25,Lorenzo Montipò,Matchweek 5,Home,L 1–2,Benevento,Napoli,Y,GK,90,5,2,3,0.6,0,1.9,0,0,0,0,15,31,48.4,32,6,62.5,43.7,11,100.0,59.4,7,1,14.3,0,14.8
2020-11-02,Lorenzo Montipò,Matchweek 6,Away,L 1–3,Benevento,Hellas Verona,Y,GK,90,6,3,3,0.5,0,2.7,0,0,0,0,8,24,33.3,34,7,61.8,43.3,6,50.0,33.2,8,0,0.0,0,13.0
2020-11-07,Lorenzo Montipò,Matchweek 7,Home,L 0–3,Benevento,Spezia,Y,GK,90,6,3,3,0.5,0,2.2,0,0,0,0,7,18,38.9,35,6,48.6,36.1,8,12.5,22.9,5,1,20.0,0,13.5
2020-11-22,Lorenzo Montipò,Matchweek 8,Away,W 1–0,Benevento,Fiorentina,Y,GK,90,2,0,2,1.0,1,0.4,0,0,0,0,10,16,62.5,28,6,42.9,36.0,6,66.7,51.8,13,1,7.7,0,15.4
2020-11-28,Lorenzo Montipò,Matchweek 9,Home,D 1–1,Benevento,Juventus,Y,GK,90,5,1,4,0.8,0,1.9,0,0,0,0,12,25,48.0,30,4,66.7,44.8,10,50.0,38.7,9,1,11.1,0,11.6
2020-12-06,Lorenzo Montipò,Matchweek 10,Away,D 0–0,Benevento,Parma,Y,GK,90,0,0,0,,1,0.0,0,0,0,0,7,12,58.3,22,2,50.0,37.8,11,9.1,20.6,12,0,0.0,0,14.8
2020-12-11,Lorenzo Montipò,Matchweek 11,Away,L 0–1,Benevento,Sassuolo,Y,GK,90,1,1,1,1.0,0,1.0,1,1,0,0,2,3,66.7,23,8,8.7,27.6,2,50.0,44.5,3,0,0.0,3,26.9
2020-12-15,Lorenzo Montipò,Matchweek 12,Home,D 1–1,Benevento,Lazio,Y,GK,90,2,1,1,0.5,0,0.3,0,0,0,0,6,13,46.2,29,6,31.0,31.2,9,44.4,42.2,11,0,0.0,0,12.3
2020-12-20,Lorenzo Montipò,Matchweek 13,Home,W 2–0,Benevento,Genoa,Y,GK,90,2,0,2,1.0,1,0.4,0,0,0,0,5,14,35.7,25,3,48.0,41.8,2,100.0,60.5,11,0,0.0,0,11.5
2020-12-23,Lorenzo Montipò,Matchweek 14,Away,W 2–0,Benevento,Udinese,Y,GK,90,3,0,3,1.0,1,1.2,0,0,0,0,13,22,59.1,25,4,64.0,44.8,10,60.0,41.5,11,1,9.1,0,17.6
2021-01-03,Lorenzo Montipò,Matchweek 15,Home,L 0–2,Benevento,Milan,Y,GK,90,1,2,0,0.0,0,1.5,1,1,0,0,5,9,55.6,17,4,41.2,32.9,7,28.6,26.1,4,0,0.0,0,13.0
2021-01-06,Lorenzo Montipò,Matchweek 16,Away,W 2–1,Benevento,Cagliari,Y,GK,90,5,1,4,0.8,0,1.2,0,0,0,0,10,24,41.7,27,1,59.3,44.2,11,72.7,51.5,15,0,0.0,0,8.7
2021-01-09,Lorenzo Montipò,Matchweek 17,Home,L 1–4,Benevento,Atalanta,Y,GK,90,12,4,8,0.667,0,4.9,0,0,0,0,10,24,41.7,29,3,51.7,42.2,11,81.8,48.2,6,0,0.0,0,11.7
2021-01-17,Lorenzo Montipò,Matchweek 18,Away,L 1–4,Benevento,Crotone,Y,GK,90,3,4,0,-0.33299999999999996,0,1.4,0,0,0,0,2,7,28.6,16,1,43.8,37.4,7,0.0,18.1,2,0,0.0,0,
2021-01-22,Lorenzo Montipò,Matchweek 19,Home,D 2–2,Benevento,Torino,Y,GK,90,5,2,3,0.6,0,1.4,0,0,0,0,5,19,26.3,28,3,50.0,42.1,9,55.6,38.4,19,3,15.8,0,14.0
2021-01-30,Lorenzo Montipò,Matchweek 20,Away,L 0–4,Benevento,Inter,Y,GK,90,6,4,3,0.33299999999999996,0,2.4,0,0,0,0,2,9,22.2,29,5,31.0,33.4,3,0.0,15.7,15,1,6.7,0,6.0
2021-02-07,Lorenzo Montipò,Matchweek 21,Home,D 1–1,Benevento,Sampdoria,Y,GK,90,6,1,5,0.833,0,2.1,0,0,0,0,9,25,36.0,29,7,75.9,54.1,6,50.0,43.8,25,3,12.0,2,15.5
2020-09-30,Jeroen Zoet,Matchweek 1,Away,W 2–0,Spezia,Udinese,Y,GK,63,0,0,0,,1,0.0,0,0,0,0,1,7,14.3,26,2,23.1,32.2,3,33.3,45.3,6,0,0.0,0,7.7
2020-09-27,Jeroen Zoet,Matchweek 2,Home,L 1–4,Spezia,Sassuolo,Y,GK,90,5,4,2,.400,0,3.0,1,1,0,0,8,13,61.5,26,9,46.2,33.8,5,20.0,22.0,10,0,0.0,0,8.3
2020-09-30,Rafael,Matchweek 1,Away,W 2–0,Spezia,Udinese,N,GK,27,4,0,4,1.000,1,0.4,0,0,0,0,2,5,40.0,9,2,44.4,35.0,5,20.0,31.6,11,0,0.0,0,5.0
2020-10-04,Rafael,Matchweek 3,Away,L 0–3,Spezia,Milan,Y,GK,90,5,3,2,.400,0,1.2,0,0,0,0,9,20,45.0,37,5,51.4,38.4,6,16.7,22.3,12,1,8.3,0,9.0
2020-10-24,Pepe Reina,Matchweek 5,Home,W 2–1,Lazio,Bologna,Y,GK,90,6,1,5,.833,0,2.1,0,0,0,0,10,24,41.7,42,0,52.4,37.3,5,40.0,32.2,7,0,0.0,0,23.0
2020-11-01,Pepe Reina,Matchweek 6,Away,W 4–3,Lazio,Torino,Y,GK,90,3,3,1,.333,0,2.0,1,1,0,0,1,3,33.3,17,4,11.8,25.0,5,20.0,24.0,4,0,0.0,1,18.0
2020-11-08,Pepe Reina,Matchweek 7,Home,D 1–1,Lazio,Juventus,Y,GK,90,5,1,4,.800,0,1.4,0,0,0,0,9,10,90.0,26,4,34.6,35.8,7,14.3,24.0,3,0,0.0,1,26.3
2020-11-21,Pepe Reina,Matchweek 8,Away,W 2–0,Lazio,Crotone,Y,GK,90,4,0,4,1.000,1,0.1,0,0,0,0,9,20,45.0,18,4,72.2,46.3,11,63.6,39.5,16,2,12.5,0,11.2
2020-12-05,Pepe Reina,Matchweek 10,Away,W 2–1,Lazio,Spezia,Y,GK,90,4,1,2,.750,0,1.3,0,0,0,0,7,19,36.8,40,4,42.5,35.6,7,28.6,29.0,8,0,0.0,1,10.8
2020-12-12,Pepe Reina,Matchweek 11,Home,L 1–2,Lazio,Hellas Verona,Y,GK,90,4,2,3,.500,0,1.2,0,0,0,0,11,28,39.3,67,7,41.8,36.4,1,0.0,21.0,4,0,0.0,0,14.9
2020-12-15,Pepe Reina,Matchweek 12,Away,D 1–1,Lazio,Benevento,Y,GK,90,6,1,5,.833,0,1.9,0,0,0,0,2,3,66.7,19,3,10.5,25.5,3,33.3,31.3,5,1,20.0,0,21.0
2020-12-20,Pepe Reina,Matchweek 13,Home,W 2–0,Lazio,Napoli,Y,GK,90,6,0,6,1.000,1,1.2,0,0,0,0,8,16,50.0,35,3,42.9,36.7,6,16.7,20.5,9,0,0.0,2,22.0
2020-12-23,Pepe Reina,Matchweek 14,Away,L 2–3,Lazio,Milan,Y,GK,90,4,3,2,.500,0,2.1,1,1,0,0,6,8,75.0,37,6,18.9,27.3,6,16.7,24.7,5,1,20.0,0,12.7
2021-01-03,Pepe Reina,Matchweek 15,Away,D 1–1,Lazio,Genoa,Y,GK,90,3,1,2,.667,0,0.6,0,0,0,0,9,15,60.0,40,2,35.0,34.9,3,33.3,19.0,10,1,10.0,0,9.5
2021-01-10,Pepe Reina,Matchweek 17,Away,W 2–0,Lazio,Parma,Y,GK,90,3,0,3,1.000,1,1.0,0,0,0,0,4,7,57.1,36,4,16.7,24.9,4,25.0,24.0,3,1,33.3,0,21.0
2021-01-15,Pepe Reina,Matchweek 18,Home,W 3–0,Lazio,Roma,Y,GK,90,2,0,2,1.000,1,0.8,0,0,0,0,9,24,37.5,43,3,51.2,41.3,5,40.0,31.6,9,0,0.0,0,12.0
2021-01-24,Pepe Reina,Matchweek 19,Home,W 2–1,Lazio,Sassuolo,Y,GK,90,1,1,0,.000,0,0.7,0,0,0,0,8,15,53.3,45,8,28.9,31.4,5,40.0,32.4,4,0,0.0,0,15.2
2021-01-31,Pepe Reina,Matchweek 20,Away,W 3–1,Lazio,Atalanta,Y,GK,90,2,1,1,.500,0,1.0,0,0,0,0,17,36,47.2,53,3,64.2,46.3,3,66.7,44.0,12,0,0.0,1,14.8
2021-02-07,Pepe Reina,Matchweek 21,Home,W 1–0,Lazio,Cagliari,Y,GK,90,2,0,2,1.000,1,0.3,0,0,0,0,3,9,33.3,30,4,30.0,34.7,4,0.0,30.0,5,0,0.0,2,31.8
2020-10-17,Gianluigi Buffon,Matchweek 4,Away,D 1–1,Juventus,Crotone,Y,GK,90,2,1,2,1.000,0,1.1,1,1,0,0,5,9,55.6,26,7,26.9,34.7,8,25.0,27.6,10,0,0.0,2,15.7
2020-11-01,Gianluigi Buffon,Matchweek 6,Away,W 4–1,Juventus,Spezia,Y,GK,90,3,1,2,.667,0,1.0,0,0,0,0,2,8,25.0,31,5,25.8,27.6,12,0.0,11.7,9,0,0.0,2,19.2
2020-11-21,Gianluigi Buffon,Matchweek 8,Home,W 2–0,Juventus,Cagliari,Y,GK,90,0,0,0,,1,0.0,0,0,0,0,3,5,60.0,25,2,16.0,23.3,8,12.5,20.0,2,0,0.0,0,10.3
2020-12-19,Gianluigi Buffon,Matchweek 13,Away,W 4–0,Juventus,Parma,Y,GK,90,4,0,4,1.000,1,0.3,0,0,0,0,0,1,0.0,21,5,4.8,21.8,5,0.0,17.2,12,0,0.0,1,8.0
2020-09-20,Alex Cordaz,Matchweek 1,Away,L 1–4,Crotone,Genoa,Y*,GK,90,6,4,2,0.33299999999999996,0,2.2,0,0,0,0,2,5,40.0,20,3,15.0,25.7,6,33.3,26.8,5,1,20.0,0,16.8
2020-09-27,Alex Cordaz,Matchweek 2,Home,L 0–2,Crotone,Milan,Y*,GK,90,5,2,3,0.8,0,2.4,1,1,0,0,5,12,41.7,29,5,34.5,32.8,8,25.0,28.1,5,0,0.0,2,20.8
2020-10-03,Alex Cordaz,Matchweek 3,Away,L 1–4,Crotone,Sassuolo,Y*,GK,90,3,4,0,0.0,0,3.2,1,1,0,0,3,7,42.9,22,6,31.8,30.8,4,0.0,15.5,1,0,0.0,1,17.5
2020-10-17,Alex Cordaz,Matchweek 4,Home,D 1–1,Crotone,Juventus,Y*,GK,90,2,1,1,0.5,0,1.3,0,0,0,0,1,8,12.5,28,3,25.0,28.0,6,16.7,22.3,10,0,0.0,1,14.7
2020-10-25,Alex Cordaz,Matchweek 5,Away,L 2–4,Crotone,Cagliari,Y*,GK,90,8,4,4,0.5,0,2.8,0,0,0,0,6,11,54.5,50,3,18.0,26.1,9,22.2,23.6,7,0,0.0,1,12.8
2020-10-31,Alex Cordaz,Matchweek 6,Home,L 1–2,Crotone,Atalanta,Y*,GK,90,6,2,4,0.667,0,2.4,0,0,0,0,8,16,50.0,41,2,34.1,28.9,18,11.1,23.7,10,1,10.0,0,10.8
2020-11-08,Alex Cordaz,Matchweek 7,Away,D 0–0,Crotone,Torino,Y*,GK,90,0,0,0,,1,0.0,0,0,0,0,5,10,50.0,30,4,26.7,28.9,7,28.6,36.6,6,0,0.0,1,19.5
2020-11-21,Alex Cordaz,Matchweek 8,Home,L 0–2,Crotone,Lazio,Y*,GK,90,9,2,7,0.778,0,2.1,0,0,0,0,4,14,28.6,20,4,55.0,41.1,6,50.0,36.5,8,0,0.0,2,19.1
2020-11-29,Alex Cordaz,Matchweek 9,Away,L 0–1,Crotone,Bologna,Y*,GK,90,7,1,6,0.857,0,1.6,0,0,0,0,5,13,38.5,24,4,45.8,37.7,7,28.6,20.7,11,0,0.0,0,8.0
2020-12-06,Alex Cordaz,Matchweek 10,Home,L 0–4,Crotone,Napoli,Y*,GK,90,6,4,2,0.33299999999999996,0,3.0,0,0,0,0,6,10,60.0,29,3,31.0,32.2,5,20.0,24.4,7,0,0.0,3,21.0
2020-12-12,Alex Cordaz,Matchweek 11,Home,W 4–1,Crotone,Spezia,Y*,GK,90,5,1,4,0.8,0,0.9,0,0,0,0,11,29,37.9,52,5,48.1,35.1,9,44.4,34.7,6,0,0.0,1,16.7
2020-12-15,Alex Cordaz,Matchweek 12,Away,D 0–0,Crotone,Udinese,Y*,GK,90,6,0,6,1.0,1,0.8,0,0,0,0,4,13,30.8,36,6,33.3,31.6,9,11.1,19.6,8,0,0.0,1,14.0
2020-12-19,Alex Cordaz,Matchweek 13,Away,L 1–3,Crotone,Sampdoria,Y*,GK,90,4,3,1,0.25,0,1.8,0,0,0,0,7,18,38.9,37,3,48.6,35.6,4,0.0,21.0,6,0,0.0,1,17.5
2020-12-22,Alex Cordaz,Matchweek 14,Home,W 2–1,Crotone,Parma,Y*,GK,90,7,1,6,0.857,0,0.9,0,0,0,0,2,13,15.4,37,8,32.4,30.4,8,12.5,19.5,10,2,20.0,0,11.4
2021-01-03,Alex Cordaz,Matchweek 15,Away,L 2–6,Crotone,Inter,Y*,GK,90,8,6,3,0.25,0,3.8,0,0,0,0,3,7,42.9,41,9,17.1,25.1,7,0.0,15.3,5,1,20.0,0,11.9
2021-01-06,Alex Cordaz,Matchweek 16,Home,L 1–3,Crotone,Roma,Y*,GK,90,3,3,1,0.33299999999999996,0,2.0,1,1,0,0,5,9,55.6,34,9,23.5,28.8,4,25.0,25.8,5,0,0.0,1,18.7
2021-01-10,Alex Cordaz,Matchweek 17,Away,L 1–2,Crotone,Hellas Verona,Y*,GK,90,6,2,4,0.667,0,1.7,0,0,0,0,5,10,50.0,38,7,23.7,29.7,9,11.1,19.9,13,0,0.0,1,10.0
2021-01-17,Alex Cordaz,Matchweek 18,Home,W 4–1,Crotone,Benevento,Y*,GK,90,5,1,3,0.8,0,1.2,0,0,0,0,4,15,26.7,25,6,48.0,36.0,8,37.5,27.3,18,2,11.1,0,11.3
2021-01-23,Alex Cordaz,Matchweek 19,Away,L 1–2,Crotone,Fiorentina,Y*,GK,90,6,2,4,0.667,0,2.9,0,0,0,0,6,13,46.2,31,7,35.5,31.9,6,33.3,27.7,7,1,14.3,2,17.6
2021-01-31,Alex Cordaz,Matchweek 20,Home,L 0–3,Crotone,Genoa,Y*,GK,90,5,3,2,0.4,0,2.6,0,0,0,0,13,19,68.4,37,5,43.2,32.8,11,27.3,23.5,15,1,6.7,4,22.4
2021-02-07,Alex Cordaz,Matchweek 21,Away,L 0–4,Crotone,Milan,Y*,GK,90,10,4,6,0.6,0,3.7,0,0,0,0,8,18,44.4,28,2,57.1,42.7,8,25.0,26.9,7,0,0.0,0,13.7
2020-12-06,Gianluca Pegolo,Matchweek 10,Away,D 0–0,Sassuolo,Roma,Y,GK,90,1,0,1,1.000,1,0.0,0,0,0,0,0,1,0.0,13,2,7.7,18.5,8,0.0,13.6,4,0,0.0,0,14.5
2020-11-21,Pierluigi Gollini,Matchweek 8,Away,D 0–0,Atalanta,Spezia,Y,GK,90,2,0,2,1.000,1,0.1,0,0,0,0,6,22,27.3,26,2,65.4,46.1,5,100.0,59.4,6,0,0.0,0,12.3
2020-11-28,Pierluigi Gollini,Matchweek 9,Home,L 0–2,Atalanta,Hellas Verona,Y,GK,65,0,1,0,,0,1.0,1,1,0,0,5,19,26.3,30,4,53.3,41.1,4,75.0,56.8,5,1,20.0,2,17.0
2021-01-20,Pierluigi Gollini,Matchweek 10,Away,D 1–1,Atalanta,Udinese,Y,GK,90,1,1,0,.000,0,0.1,0,0,0,0,1,3,33.3,14,2,14.3,27.1,5,20.0,31.8,7,0,0.0,2,18.6
2020-12-13,Pierluigi Gollini,Matchweek 11,Home,W 3–0,Atalanta,Fiorentina,Y,GK,90,2,0,1,1.000,1,0.2,0,0,0,0,7,8,87.5,22,4,27.3,33.6,7,28.6,29.9,18,2,11.1,1,11.8
2020-12-16,Pierluigi Gollini,Matchweek 12,Away,D 1–1,Atalanta,Juventus,Y,GK,90,6,1,5,.833,0,2.1,1,0,1,0,7,15,46.7,18,1,55.6,41.8,6,83.3,53.8,10,0,0.0,0,13.0
2020-12-20,Pierluigi Gollini,Matchweek 13,Home,W 4–1,Atalanta,Roma,Y,GK,90,3,1,2,.667,0,1.1,0,0,0,0,3,4,75.0,16,1,18.8,26.0,4,25.0,39.8,4,0,0.0,2,19.3
2020-12-23,Pierluigi Gollini,Matchweek 14,Away,D 2–2,Atalanta,Bologna,Y,GK,90,3,2,1,.333,0,1.7,0,0,0,0,8,18,44.4,31,5,45.2,38.0,4,100.0,58.0,2,0,0.0,0,13.1
2021-01-03,Pierluigi Gollini,Matchweek 15,Home,W 5–1,Atalanta,Sassuolo,Y,GK,90,4,1,3,.750,0,1.0,0,0,0,0,10,22,45.5,26,2,50.0,41.5,9,100.0,64.9,6,0,0.0,1,17.8
2021-01-06,Pierluigi Gollini,Matchweek 16,Home,W 3–0,Atalanta,Parma,Y,GK,90,0,0,0,,1,0.0,0,0,0,0,3,4,75.0,14,1,28.6,32.4,2,0.0,35.0,1,0,0.0,1,17.3
2021-01-09,Pierluigi Gollini,Matchweek 17,Away,W 4–1,Atalanta,Benevento,Y,GK,90,2,1,1,.500,0,0.6,0,0,0,0,1,5,20.0,20,3,25.0,27.7,1,0.0,28.0,3,0,0.0,0,13.5
2021-01-17,Pierluigi Gollini,Matchweek 18,Home,D 0–0,Atalanta,Genoa,Y,GK,90,3,0,3,1.000,1,0.6,0,0,0,0,8,9,88.9,23,4,34.8,34.2,3,33.3,43.0,5,0,0.0,0,11.3
2021-01-23,Pierluigi Gollini,Matchweek 19,Away,W 3–0,Atalanta,Milan,Y,GK,90,3,0,3,1.000,1,1.4,0,0,0,0,5,10,50.0,22,7,36.4,37.7,3,66.7,60.0,7,0,0.0,0,11.0
2021-01-31,Pierluigi Gollini,Matchweek 20,Home,L 1–3,Atalanta,Lazio,Y,GK,90,7,3,3,.571,0,3.0,0,0,0,0,7,8,87.5,25,6,24.0,30.0,3,66.7,46.3,1,0,0.0,2,19.3
2021-02-06,Pierluigi Gollini,Matchweek 21,Home,D 3–3,Atalanta,Torino,Y,GK,90,5,3,2,.400,0,2.4,1,0,1,0,6,12,50.0,21,3,28.6,34.0,8,75.0,58.5,9,0,0.0,1,10.6
2020-09-20,Alessio Cragno,Matchweek 1,Away,D 1–1,Cagliari,Sassuolo,Y,GK,90,9,1,8,0.889,0,2.3,0,0,0,0,8,15,53.3,17,7,35.3,32.2,16,56.3,41.6,11,1,9.1,0,6.0
2020-09-26,Alessio Cragno,Matchweek 2,Home,L 0–2,Cagliari,Lazio,Y,GK,90,7,2,5,0.7140000000000001,0,2.8,0,0,0,0,3,4,75.0,21,7,14.3,20.6,5,20.0,18.2,7,1,14.3,1,16.4
2020-10-04,Alessio Cragno,Matchweek 3,Away,L 2–5,Cagliari,Atalanta,Y,GK,90,12,5,7,0.583,0,4.9,0,0,0,0,7,21,33.3,34,4,52.9,36.3,7,42.9,31.3,4,0,0.0,0,9.4
2020-10-18,Alessio Cragno,Matchweek 4,Away,W 3–2,Cagliari,Torino,Y,GK,90,5,2,4,0.8,0,1.2,1,1,0,0,8,17,47.1,22,5,54.5,38.0,6,83.3,51.2,8,2,25.0,0,12.8
2020-10-25,Alessio Cragno,Matchweek 5,Home,W 4–2,Cagliari,Crotone,Y,GK,90,6,2,4,0.667,0,1.3,0,0,0,0,4,7,57.1,16,2,37.5,32.2,7,14.3,12.9,9,2,22.2,1,32.0
2020-10-31,Alessio Cragno,Matchweek 6,Away,L 2–3,Cagliari,Bologna,Y,GK,90,9,3,6,0.667,0,1.7,0,0,0,0,5,9,55.6,13,5,15.4,27.0,10,70.0,40.2,3,0,0.0,0,17.0
2020-11-07,Alessio Cragno,Matchweek 7,Home,W 2–0,Cagliari,Sampdoria,Y,GK,90,1,0,1,1.0,1,0.0,0,0,0,0,2,7,28.6,24,3,29.2,32.9,2,0.0,10.5,9,0,0.0,0,10.2
2020-11-21,Alessio Cragno,Matchweek 8,Away,L 0–2,Cagliari,Juventus,Y,GK,90,6,2,4,0.667,0,1.5,0,0,0,0,0,2,0.0,23,2,8.7,25.3,9,0.0,26.6,9,2,22.2,1,11.5
2020-11-29,Alessio Cragno,Matchweek 9,Home,D 2–2,Cagliari,Spezia,Y,GK,90,4,2,3,0.75,0,2.0,1,1,0,0,13,25,52.0,28,2,57.1,41.2,14,64.3,43.4,11,0,0.0,1,12.2
2020-12-06,Alessio Cragno,Matchweek 10,Away,D 1–1,Cagliari,Hellas Verona,Y,GK,90,3,1,1,0.667,0,1.1,0,0,0,0,14,23,60.9,22,4,63.6,44.4,9,100.0,54.9,9,0,0.0,0,11.0
2020-12-13,Alessio Cragno,Matchweek 11,Home,L 1–3,Cagliari,Inter,Y,GK,90,10,3,7,0.7,0,3.0,0,0,0,0,5,10,50.0,19,4,42.1,34.7,8,25.0,35.5,15,0,0.0,0,12.5
2020-12-16,Alessio Cragno,Matchweek 12,Away,D 0–0,Cagliari,Parma,Y,GK,90,2,0,2,1.0,1,0.1,0,0,0,0,3,7,42.9,16,3,43.8,38.1,7,0.0,16.3,16,1,6.3,0,8.7
2020-12-20,Alessio Cragno,Matchweek 13,Home,D 1–1,Cagliari,Udinese,Y,GK,90,4,1,3,0.75,0,1.2,0,0,0,0,6,12,50.0,26,6,30.8,31.1,12,33.3,31.4,15,2,13.3,1,15.3
2020-12-23,Alessio Cragno,Matchweek 14,Away,L 2–3,Cagliari,Roma,Y,GK,90,8,3,5,0.625,0,3.4,0,0,0,0,7,10,70.0,10,1,50.0,34.0,7,71.4,48.6,6,0,0.0,0,11.0
2021-01-03,Alessio Cragno,Matchweek 15,Home,L 1–4,Cagliari,Napoli,Y,GK,90,10,4,7,0.7,0,4.3,1,1,0,0,1,4,25.0,18,10,22.2,25.8,12,0.0,15.8,10,0,0.0,0,9.1
2021-01-06,Alessio Cragno,Matchweek 16,Home,L 1–2,Cagliari,Benevento,Y,GK,90,4,2,2,0.5,0,2.2,0,0,0,0,1,3,33.3,15,5,20.0,24.4,7,0.0,14.6,7,1,14.3,2,17.5
2021-01-10,Alessio Cragno,Matchweek 17,Away,L 0–1,Cagliari,Fiorentina,Y,GK,90,4,1,3,0.75,0,1.8,0,0,0,0,11,20,55.0,20,2,65.0,40.9,11,63.6,43.7,15,2,13.3,2,17.3
2021-01-18,Alessio Cragno,Matchweek 18,Home,L 0–2,Cagliari,Milan,Y,GK,90,5,2,4,0.8,0,3.2,1,1,0,0,5,8,62.5,25,5,32.0,32.2,2,0.0,9.5,5,0,0.0,1,13.6
2021-01-24,Alessio Cragno,Matchweek 19,Away,L 0–1,Cagliari,Genoa,Y,GK,90,5,1,4,0.8,0,1.3,0,0,0,0,1,6,16.7,17,6,17.6,26.8,6,50.0,38.7,6,0,0.0,0,13.3
2021-01-31,Alessio Cragno,Matchweek 20,Home,D 1–1,Cagliari,Sassuolo,Y,GK,90,4,1,2,0.75,0,1.8,0,0,0,0,8,17,47.1,12,3,75.0,44.0,8,100.0,63.6,10,0,0.0,1,10.0
2021-02-07,Alessio Cragno,Matchweek 21,Away,L 0–1,Cagliari,Lazio,Y,GK,90,5,1,4,0.8,0,1.0,0,0,0,0,7,24,29.2,21,5,66.7,50.4,10,100.0,64.9,16,2,12.5,1,20.7
2020-12-05,Carlo Pinsoglio,Matchweek 10,Home,W 2–1,Juventus,Torino,N,,,,,,,,,,,,
2020-09-27,Federico Marchetti,Matchweek 2,Away,L 0–6,Genoa,Napoli,Y,GK,90,10,6,4,.400,0,3.6,0,0,0,0,4,12,33.3,20,5,40.0,38.3,7,57.1,40.3,9,0,0.0,1,19.0
2020-12-07,Federico Marchetti,Matchweek 10,Away,D 1–1,Genoa,Fiorentina,Y,GK,64,1,0,1,1.000,0,0.1,0,0,0,0,8,11,72.7,17,2,29.4,32.5,8,75.0,47.4,10,0,0.0,0,15.7
