Date,Name,Round,Venue,Result,Squad,Opponent,Start,Pos,Min,SoTA,Goals Against,Saves,Save Percentage,Clean Sheets,Penalty Kicks Attempted,Penalty Kicks Allowed,Penalty Kicks Saved,Penalty Kicks Missed,Post-Shot Expected Goals,Passes Completed (Passes longer than 40 yards),Passes Attempted (Passes longer than 40 yards),Pass Completion Percentage (Passes longer than 40 yards),Passes Attempted,Throws Attempted,Percentage of Passes that were Launched,"Average length of passes, in yards",Goal Kick Passes Attempted,Percentage of Goal Kicks that were Launched,Average length of goal kicks,Opponent's attempted crosses into penalty area,Number of crosses into penalty area successfully stopped,Percentage of crosses into penalty area successfully stopped,Number of defensive actions outside of penalty area,Average distance from goal to perform defensive actions
2020-09-17,Steve Mandanda,Matchweek 1,Home,L 0–2,Marseille,Saint-Étienne,Y*,GK,90.0,5.0,2.0,3.0,0.6,0.0,1.6,0.0,0.0,0.0,0.0,2.0,7.0,28.6,17.0,6.0,35.3,32.6,4.0,25.0,41.5,9.0,2.0,22.2,2.0,18.1
2020-08-30,Steve Mandanda,Matchweek 2,Away,W 3–2,Marseille,Brest,Y*,GK,90.0,4.0,2.0,2.0,0.5,0.0,2.4,0.0,0.0,0.0,0.0,8.0,27.0,29.6,30.0,11.0,46.7,42.6,14.0,92.9,61.1,20.0,3.0,15.0,0.0,10.5
2020-09-13,Steve Mandanda,Matchweek 3,Away,W 1–0,Marseille,Paris S-G,Y*,GK,90.0,4.0,0.0,4.0,1.0,1.0,0.8,0.0,0.0,0.0,0.0,15.0,26.0,57.7,16.0,3.0,75.0,49.0,15.0,93.3,59.2,20.0,1.0,5.0,0.0,11.5
2020-09-20,Steve Mandanda,Matchweek 4,Home,D 1–1,Marseille,Lille,Y*,GK,90.0,7.0,1.0,6.0,0.857,0.0,1.0,0.0,0.0,0.0,0.0,6.0,22.0,27.3,35.0,11.0,45.7,36.9,8.0,75.0,53.6,6.0,0.0,0.0,0.0,13.6
2020-09-26,Steve Mandanda,Matchweek 5,Home,D 1–1,Marseille,Metz,Y*,GK,90.0,2.0,1.0,1.0,0.5,0.0,1.2,0.0,0.0,0.0,0.0,4.0,6.0,66.7,28.0,6.0,21.4,29.0,6.0,0.0,14.3,8.0,1.0,12.5,1.0,15.4
2020-10-04,Steve Mandanda,Matchweek 6,Away,D 1–1,Marseille,Lyon,Y*,GK,90.0,2.0,1.0,2.0,1.0,0.0,1.5,1.0,1.0,0.0,0.0,4.0,23.0,17.4,23.0,5.0,56.5,44.9,16.0,62.5,50.8,25.0,1.0,4.0,2.0,10.5
2020-10-17,Steve Mandanda,Matchweek 7,Home,W 3–1,Marseille,Bordeaux,Y*,GK,90.0,4.0,1.0,3.0,0.75,0.0,1.2,0.0,0.0,0.0,0.0,6.0,19.0,31.6,42.0,7.0,45.2,37.9,0.0,,,6.0,2.0,33.3,0.0,11.6
2020-10-24,Steve Mandanda,Matchweek 8,Away,W 1–0,Marseille,Lorient,Y*,GK,90.0,3.0,0.0,3.0,1.0,1.0,0.1,0.0,0.0,0.0,0.0,6.0,17.0,35.3,27.0,7.0,22.2,27.4,13.0,84.6,58.3,13.0,0.0,0.0,1.0,11.3
2021-01-20,Steve Mandanda,Matchweek 9,Home,L 0–1,Marseille,Lens,Y*,GK,90.0,4.0,1.0,3.0,0.75,0.0,0.7,0.0,0.0,0.0,0.0,8.0,15.0,53.3,27.0,5.0,33.3,37.2,7.0,85.7,64.6,8.0,0.0,0.0,1.0,15.9
2020-11-06,Steve Mandanda,Matchweek 10,Away,W 1–0,Marseille,Strasbourg,Y*,GK,90.0,2.0,0.0,2.0,1.0,1.0,0.9,0.0,0.0,0.0,0.0,6.0,17.0,35.3,23.0,2.0,43.5,41.9,8.0,87.5,59.1,17.0,2.0,11.8,1.0,18.3
2020-11-28,Steve Mandanda,Matchweek 12,Home,W 3–1,Marseille,Nantes,Y*,GK,90.0,2.0,1.0,1.0,0.5,0.0,0.5,0.0,0.0,0.0,0.0,2.0,13.0,15.4,36.0,4.0,30.6,32.6,2.0,100.0,69.0,10.0,0.0,0.0,0.0,15.0
2020-12-04,Steve Mandanda,Matchweek 13,Away,W 2–0,Marseille,Nîmes,Y*,GK,90.0,0.0,0.0,0.0,,1.0,0.0,0.0,0.0,0.0,0.0,7.0,13.0,53.8,36.0,6.0,25.0,30.1,8.0,50.0,39.6,5.0,0.0,0.0,1.0,17.0
2020-12-12,Steve Mandanda,Matchweek 14,Home,W 2–1,Marseille,Monaco,Y*,GK,90.0,3.0,1.0,3.0,1.0,0.0,1.3,1.0,1.0,0.0,0.0,3.0,31.0,9.7,28.0,3.0,82.1,60.8,8.0,100.0,65.4,12.0,0.0,0.0,0.0,9.4
2020-12-16,Steve Mandanda,Matchweek 15,Away,L 1–2,Marseille,Rennes,Y*,GK,90.0,5.0,2.0,3.0,0.6,0.0,1.1,0.0,0.0,0.0,0.0,8.0,26.0,30.8,25.0,1.0,80.0,53.5,6.0,100.0,54.7,18.0,4.0,22.2,0.0,10.0
2020-12-19,Steve Mandanda,Matchweek 16,Home,D 1–1,Marseille,Reims,Y*,GK,90.0,1.0,1.0,1.0,0.0,0.0,0.0,0.0,0.0,0.0,0.0,1.0,1.0,100.0,23.0,6.0,4.3,20.1,2.0,0.0,11.0,3.0,0.0,0.0,0.0,20.0
2020-12-23,Steve Mandanda,Matchweek 17,Away,L 1–2,Marseille,Angers,Y,GK,90.0,2.0,2.0,0.0,0.0,0.0,1.6,0.0,0.0,0.0,0.0,3.0,9.0,33.3,23.0,2.0,21.7,29.2,7.0,57.1,44.0,12.0,0.0,0.0,0.0,10.0
2021-01-06,Steve Mandanda,Matchweek 18,Home,W 3–1,Marseille,Montpellier,Y*,GK,90.0,6.0,1.0,5.0,0.833,0.0,1.3,0.0,0.0,0.0,0.0,7.0,11.0,63.6,23.0,9.0,39.1,32.7,7.0,28.6,28.0,8.0,2.0,25.0,1.0,19.1
2021-01-09,Steve Mandanda,Matchweek 19,Away,D 0–0,Marseille,Dijon,Y*,GK,90.0,0.0,0.0,0.0,,1.0,0.0,0.0,0.0,0.0,0.0,2.0,14.0,14.3,34.0,3.0,32.4,34.1,8.0,37.5,37.0,5.0,0.0,0.0,1.0,15.7
2021-01-23,Steve Mandanda,Matchweek 21,Away,L 1–3,Marseille,Monaco,Y*,GK,90.0,6.0,3.0,3.0,0.5,0.0,2.3,0.0,0.0,0.0,0.0,5.0,28.0,17.9,37.0,5.0,56.8,42.3,8.0,87.5,60.1,8.0,0.0,0.0,1.0,14.7
2021-02-03,Steve Mandanda,Matchweek 23,Away,D 2–2,Marseille,Lens,Y*,GK,90.0,4.0,2.0,2.0,0.5,0.0,2.0,0.0,0.0,0.0,0.0,9.0,27.0,33.3,21.0,3.0,71.4,51.9,12.0,100.0,64.9,14.0,1.0,7.1,0.0,10.6
2021-02-07,Steve Mandanda,Matchweek 24,Home,L 0–2,Marseille,Paris S-G,Y*,GK,90.0,2.0,2.0,0.0,0.0,0.0,1.1,0.0,0.0,0.0,0.0,7.0,16.0,43.8,33.0,3.0,42.4,37.0,10.0,20.0,27.3,4.0,0.0,0.0,0.0,9.7
2020-09-13,Radosław Majecki,Matchweek 3,Home,W 2–1,Monaco,Nantes,Y,GK,90,2,1,1,.500,0,0.3,0,0,0,0,4,15,26.7,25,2,36.0,32.5,12,50.0,39.9,7,0,0.0,1,16.0
2020-08-21,Benoît Costil,Matchweek 1,Home,D 0–0,Bordeaux,Nantes,Y,GK,90,1,0,1,1.0,1,0.0,0,0,0,0,13,31,41.9,40,1,67.5,49.4,4,100.0,73.0,8,0,0.0,2,16.6
2020-08-30,Benoît Costil,Matchweek 2,Away,W 2–0,Bordeaux,Angers,Y,GK,90,2,0,2,1.0,1,0.1,0,0,0,0,6,24,25.0,25,3,68.0,47.2,8,87.5,61.8,15,0,0.0,1,10.9
2020-09-11,Benoît Costil,Matchweek 3,Home,D 0–0,Bordeaux,Lyon,Y,GK,90,2,0,2,1.0,1,0.1,0,0,0,0,5,17,29.4,19,5,36.8,43.5,15,66.7,52.6,9,0,0.0,1,12.8
2020-09-19,Benoît Costil,Matchweek 4,Away,L 1–2,Bordeaux,Lens,Y,GK,90,5,2,3,0.8,0,2.3,1,1,0,0,9,20,45.0,24,4,62.5,45.1,8,62.5,40.8,9,0,0.0,1,16.3
2020-09-27,Benoît Costil,Matchweek 5,Home,D 0–0,Bordeaux,Nice,Y,GK,90,2,0,2,1.0,1,0.1,0,0,0,0,9,20,45.0,30,4,60.0,44.4,11,18.2,29.3,12,0,0.0,0,12.2
2020-10-04,Benoît Costil,Matchweek 6,Home,W 3–0,Bordeaux,Dijon,Y,GK,90,1,0,1,1.0,1,0.2,0,0,0,0,7,11,63.6,25,2,36.0,34.4,4,50.0,38.0,2,0,0.0,1,14.5
2020-10-17,Benoît Costil,Matchweek 7,Away,L 1–3,Bordeaux,Marseille,Y*,GK,90,3,3,1,0.0,0,1.3,1,0,1,0,8,16,50.0,21,5,61.9,47.1,5,60.0,46.6,4,0,0.0,0,14.8
2020-10-25,Benoît Costil,Matchweek 8,Home,W 2–0,Bordeaux,Nîmes,Y*,GK,90,4,0,4,1.0,1,0.9,0,0,0,0,7,17,41.2,39,5,35.9,33.1,4,75.0,50.8,7,0,0.0,0,18.0
2020-11-01,Benoît Costil,Matchweek 9,Away,L 0–4,Bordeaux,Monaco,Y,GK,90,5,4,2,0.4,0,3.8,1,1,0,0,7,15,46.7,24,5,37.5,34.5,10,60.0,38.7,4,0,0.0,0,16.7
2020-11-07,Benoît Costil,Matchweek 10,Home,L 0–2,Bordeaux,Montpellier,Y,GK,90,3,2,1,0.33299999999999996,0,1.2,0,0,0,0,1,5,20.0,13,3,15.4,23.5,4,75.0,53.0,9,1,11.1,0,
2020-11-20,Benoît Costil,Matchweek 11,Away,W 1–0,Bordeaux,Rennes,Y,GK,90,2,0,2,1.0,1,0.4,0,0,0,0,10,27,37.0,26,0,65.4,48.3,10,100.0,66.3,13,0,0.0,0,11.3
2020-11-28,Benoît Costil,Matchweek 12,Away,D 2–2,Bordeaux,Paris S-G,Y,GK,90,8,2,6,0.875,0,1.8,1,1,0,0,14,26,53.8,21,1,71.4,47.5,11,100.0,64.0,10,0,0.0,1,16.8
2020-12-06,Benoît Costil,Matchweek 13,Home,W 1–0,Bordeaux,Brest,Y*,GK,90,3,1,3,0.667,1,0.1,0,0,0,0,8,13,61.5,25,5,44.0,41.7,4,50.0,40.3,7,0,0.0,1,13.3
2020-12-13,Benoît Costil,Matchweek 14,Away,L 1–2,Bordeaux,Lille,Y*,GK,90,5,2,3,0.6,0,1.7,0,0,0,0,12,24,50.0,25,7,60.0,41.2,9,100.0,62.3,5,0,0.0,0,14.9
2020-12-16,Benoît Costil,Matchweek 15,Home,L 1–2,Bordeaux,Saint-Étienne,Y*,GK,90,8,2,6,0.75,0,2.8,0,0,0,0,11,19,57.9,32,6,37.5,36.3,10,70.0,50.5,3,0,0.0,0,11.0
2020-12-20,Benoît Costil,Matchweek 16,Away,W 2–0,Bordeaux,Strasbourg,Y*,GK,90,3,0,3,1.0,1,0.1,0,0,0,0,13,22,59.1,30,4,60.0,43.7,5,80.0,52.4,10,1,10.0,0,13.4
2020-12-23,Benoît Costil,Matchweek 17,Home,L 1–3,Bordeaux,Reims,Y*,GK,90,5,3,2,0.4,0,1.9,0,0,0,0,6,8,75.0,19,2,36.8,31.4,3,33.3,39.0,4,0,0.0,2,27.5
2021-01-06,Benoît Costil,Matchweek 18,Away,D 0–0,Bordeaux,Metz,Y*,GK,90,3,0,3,1.0,1,0.8,0,0,0,0,5,11,45.5,34,9,29.4,28.3,4,25.0,28.8,14,4,28.6,1,15.0
2021-01-09,Benoît Costil,Matchweek 19,Home,W 2–1,Bordeaux,Lorient,Y,GK,90,4,1,3,0.75,0,0.4,0,0,0,0,15,27,55.6,38,7,60.5,40.3,6,66.7,57.7,12,2,16.7,0,11.5
2021-01-17,Benoît Costil,Matchweek 20,Away,W 3–0,Bordeaux,Nice,Y,GK,90,1,0,1,1.0,1,0.0,0,0,0,0,12,22,54.5,32,3,46.9,40.6,10,70.0,48.3,9,1,11.1,0,11.3
2021-01-24,Benoît Costil,Matchweek 21,Home,W 2–1,Bordeaux,Angers,Y,GK,90,7,1,6,0.857,0,1.2,0,0,0,0,10,25,40.0,32,4,56.3,43.6,7,100.0,54.3,12,1,8.3,0,10.0
2021-01-29,Benoît Costil,Matchweek 22,Away,L 1–2,Bordeaux,Lyon,Y,GK,90,4,2,2,0.5,0,0.9,0,0,0,0,5,18,27.8,32,3,46.9,38.2,4,75.0,49.8,8,1,12.5,1,18.2
2021-02-03,Benoît Costil,Matchweek 23,Home,L 0–3,Bordeaux,Lille,Y,GK,90,6,3,3,0.5,0,3.0,0,0,0,0,4,11,36.4,35,4,25.7,31.4,3,66.7,46.7,9,0,0.0,0,13.2
2021-02-07,Benoît Costil,Matchweek 24,Away,L 1–2,Bordeaux,Brest,Y,GK,90,6,2,4,0.667,0,1.2,0,0,0,0,14,29,48.3,28,8,46.4,36.6,20,80.0,54.8,15,0,0.0,0,11.1
2020-09-17,Jessy Moulin,Matchweek 1,Away,W 2–0,Saint-Étienne,Marseille,Y,GK,90,2,0,2,1.0,1,0.5,0,0,0,0,8,20,40.0,32,5,40.6,37.5,11,63.6,47.5,8,2,25.0,0,9.9
2020-08-30,Jessy Moulin,Matchweek 2,Home,W 2–0,Saint-Étienne,Lorient,Y,GK,90,1,0,1,1.0,1,0.1,0,0,0,0,10,16,62.5,34,6,41.2,36.5,5,40.0,35.0,10,2,20.0,1,18.4
2020-09-12,Jessy Moulin,Matchweek 3,Home,W 2–0,Saint-Étienne,Strasbourg,Y,GK,90,7,0,6,1.0,1,2.2,0,0,0,0,4,10,40.0,18,5,38.9,34.8,5,60.0,46.0,2,0,0.0,1,18.0
2020-09-20,Jessy Moulin,Matchweek 4,Away,D 2–2,Saint-Étienne,Nantes,Y*,GK,90,3,2,1,0.33299999999999996,0,1.0,0,0,0,0,4,22,18.2,34,8,26.5,35.6,14,92.9,62.9,22,0,0.0,1,14.0
2020-09-26,Jessy Moulin,Matchweek 5,Home,L 0–3,Saint-Étienne,Rennes,Y*,GK,90,6,3,3,0.5,0,1.6,0,0,0,0,4,6,66.7,39,10,10.3,25.9,3,66.7,53.7,7,0,0.0,0,12.3
2020-10-03,Jessy Moulin,Matchweek 6,Away,L 0–2,Saint-Étienne,Lens,Y*,GK,90,4,2,3,0.75,0,1.7,1,1,0,0,8,29,27.6,33,2,54.5,46.9,11,100.0,61.9,14,0,0.0,0,10.0
2020-10-18,Jessy Moulin,Matchweek 7,Home,L 1–3,Saint-Étienne,Nice,Y,GK,90,5,3,2,0.4,0,2.7,0,0,0,0,4,5,80.0,15,4,20.0,28.8,6,33.3,30.2,4,0,0.0,0,13.7
2020-10-25,Jessy Moulin,Matchweek 8,Away,L 0–2,Saint-Étienne,Metz,Y,GK,90,3,2,2,0.33299999999999996,0,0.4,0,0,0,0,6,6,100.0,26,8,19.2,28.8,6,16.7,23.8,8,0,0.0,1,14.6
2020-11-01,Jessy Moulin,Matchweek 9,Home,L 0–1,Saint-Étienne,Montpellier,Y,GK,90,2,1,1,0.5,0,0.6,0,0,0,0,2,5,40.0,23,9,21.7,29.3,6,0.0,28.3,7,0,0.0,0,13.1
2020-11-08,Jessy Moulin,Matchweek 10,Away,L 1–2,Saint-Étienne,Lyon,Y*,GK,90,6,2,4,0.667,0,2.3,0,0,0,0,4,16,25.0,23,5,39.1,42.6,10,70.0,52.4,5,0,0.0,0,13.3
2020-11-21,Jessy Moulin,Matchweek 11,Away,L 1–4,Saint-Étienne,Brest,Y*,GK,90,5,4,1,0.2,0,2.4,0,0,0,0,7,9,77.8,26,5,23.1,29.7,7,42.9,40.4,4,0,0.0,0,13.0
2020-11-29,Jessy Moulin,Matchweek 12,Home,D 1–1,Saint-Étienne,Lille,Y,GK,90,2,1,1,0.5,0,0.9,0,0,0,0,9,25,36.0,26,2,73.1,53.1,6,100.0,67.0,9,0,0.0,0,12.9
2020-12-06,Jessy Moulin,Matchweek 13,Away,D 0–0,Saint-Étienne,Dijon,Y*,GK,90,1,0,1,1.0,1,0.1,0,0,0,0,3,7,42.9,24,3,20.8,30.2,5,40.0,36.2,2,1,50.0,0,17.5
2020-12-11,Jessy Moulin,Matchweek 14,Home,D 0–0,Saint-Étienne,Angers,Y,GK,90,3,0,2,1.0,1,0.6,0,0,0,0,4,10,40.0,25,7,36.0,35.1,4,25.0,28.3,8,0,0.0,0,10.8
2020-12-16,Jessy Moulin,Matchweek 15,Away,W 2–1,Saint-Étienne,Bordeaux,Y,GK,90,3,1,2,0.667,0,0.3,0,0,0,0,4,12,33.3,23,4,39.1,37.6,4,75.0,53.5,9,0,0.0,0,14.4
2020-12-20,Jessy Moulin,Matchweek 16,Home,D 2–2,Saint-Étienne,Nîmes,Y,GK,90,4,2,3,0.75,0,2.1,1,1,0,0,2,5,40.0,17,4,23.5,28.4,4,25.0,36.5,4,1,25.0,0,14.3
2020-12-23,Jessy Moulin,Matchweek 17,Away,D 2–2,Saint-Étienne,Monaco,Y,GK,90,2,2,0,0.0,0,1.4,0,0,0,0,2,5,40.0,12,3,33.3,32.8,1,100.0,64.0,4,1,25.0,0,14.2
2021-01-06,Jessy Moulin,Matchweek 18,Home,D 1–1,Saint-Étienne,Paris S-G,Y,GK,90,4,1,3,0.75,0,0.9,0,0,0,0,11,20,55.0,20,4,55.0,41.9,10,90.0,60.8,14,1,7.1,1,18.7
2021-01-09,Jessy Moulin,Matchweek 19,Away,L 1–3,Saint-Étienne,Reims,Y,GK,90,2,3,0,0.0,0,2.3,1,1,0,0,0,5,0.0,20,4,20.0,30.6,4,25.0,35.0,4,0,0.0,0,12.6
2021-01-17,Jessy Moulin,Matchweek 20,Away,L 0–1,Saint-Étienne,Strasbourg,Y*,GK,90,3,1,2,0.667,0,2.2,0,0,0,0,4,5,80.0,11,3,18.2,31.7,11,27.3,30.8,8,1,12.5,0,11.0
2021-01-24,Jessy Moulin,Matchweek 21,Home,L 0–5,Saint-Étienne,Lyon,Y*,GK,90,11,5,7,0.545,0,4.5,0,0,0,0,3,16,18.8,30,7,43.3,40.4,7,42.9,44.1,10,1,10.0,0,8.3
2021-01-31,Jessy Moulin,Matchweek 22,Away,W 1–0,Saint-Étienne,Nice,Y,GK,90,2,0,2,1.0,1,0.1,0,0,0,0,5,8,62.5,16,1,37.5,37.5,5,40.0,40.0,8,0,0.0,0,8.3
2021-02-03,Jessy Moulin,Matchweek 23,Home,D 1–1,Saint-Étienne,Nantes,Y,GK,90,6,1,4,0.833,0,1.9,0,0,0,0,2,9,22.2,29,10,20.7,30.7,6,50.0,45.0,7,0,0.0,1,17.1
2021-02-07,Jessy Moulin,Matchweek 24,Home,W 1–0,Saint-Étienne,Metz,Y*,GK,90,0,0,0,,1,0.0,0,0,0,0,9,24,37.5,23,5,47.8,42.3,13,100.0,64.3,3,0,0.0,0,14.9
2020-08-22,Paul Bernardoni,Matchweek 1,Away,W 1–0,Angers,Dijon,Y,GK,90,1,0,1,1.0,1,0.0,0,0,0,0,2,8,25.0,20,7,30.0,32.0,5,40.0,35.4,5,0,0.0,0,11.3
2020-08-30,Paul Bernardoni,Matchweek 2,Home,L 0–2,Angers,Bordeaux,Y,GK,90,7,2,5,0.7140000000000001,0,2.3,0,0,0,0,2,3,66.7,14,6,21.4,29.2,2,0.0,18.5,6,0,0.0,0,12.0
2020-09-13,Paul Bernardoni,Matchweek 3,Home,W 1–0,Angers,Reims,Y,GK,90,2,0,2,1.0,1,0.1,0,0,0,0,4,11,36.4,15,4,40.0,36.2,9,55.6,45.7,5,1,20.0,1,18.7
2020-09-20,Paul Bernardoni,Matchweek 4,Away,L 1–4,Angers,Montpellier,Y,GK,90,9,4,5,0.556,0,3.0,0,0,0,0,1,5,20.0,8,3,25.0,33.9,4,75.0,51.8,14,1,7.1,0,12.5
2020-09-27,Paul Bernardoni,Matchweek 5,Home,W 3–2,Angers,Brest,Y,GK,90,6,2,4,0.833,0,3.1,1,1,0,0,6,22,27.3,25,6,60.0,46.1,8,87.5,55.3,7,0,0.0,1,13.2
2020-10-02,Paul Bernardoni,Matchweek 6,Away,L 1–6,Angers,Paris S-G,Y,GK,90,12,6,6,0.5,0,4.5,0,0,0,0,6,14,42.9,16,8,50.0,45.6,8,75.0,54.1,9,1,11.1,0,13.1
2020-10-18,Paul Bernardoni,Matchweek 7,Home,D 1–1,Angers,Metz,Y,GK,90,3,1,2,0.667,0,1.1,0,0,0,0,4,10,40.0,19,10,42.1,38.9,8,25.0,37.8,8,1,12.5,0,8.7
2020-10-23,Paul Bernardoni,Matchweek 8,Away,W 2–1,Angers,Rennes,Y,GK,90,1,1,0,0.0,0,0.4,0,0,0,0,3,18,16.7,17,3,52.9,45.8,11,81.8,58.6,19,1,5.3,0,9.6
2020-11-01,Paul Bernardoni,Matchweek 9,Home,L 0–3,Angers,Nice,Y,GK,90,5,3,3,0.6,0,2.5,1,1,0,0,2,8,25.0,17,6,41.2,32.9,2,50.0,39.5,6,2,33.3,0,12.8
2020-11-08,Paul Bernardoni,Matchweek 10,Away,W 5–1,Angers,Nîmes,Y,GK,90,4,1,3,0.75,0,0.8,0,0,0,0,7,22,31.8,22,5,77.3,50.6,6,83.3,58.7,14,0,0.0,0,10.2
2020-11-22,Paul Bernardoni,Matchweek 11,Home,L 0–1,Angers,Lyon,Y,GK,90,2,1,1,0.5,0,0.8,0,0,0,0,7,10,70.0,21,7,28.6,31.8,8,50.0,36.1,9,0,0.0,0,14.4
2020-11-29,Paul Bernardoni,Matchweek 12,Away,W 3–1,Angers,Lens,Y,GK,90,5,1,4,0.8,0,0.9,0,0,0,0,4,13,30.8,16,7,43.8,37.0,8,75.0,54.9,13,0,0.0,0,11.0
2020-12-06,Paul Bernardoni,Matchweek 13,Home,W 2–0,Angers,Lorient,Y,GK,90,3,0,3,1.0,1,0.7,0,0,0,0,8,24,33.3,19,2,63.2,45.8,14,85.7,57.8,10,1,10.0,0,12.0
2020-12-11,Paul Bernardoni,Matchweek 14,Away,D 0–0,Angers,Saint-Étienne,Y,GK,90,3,0,3,1.0,1,0.3,0,0,0,0,3,17,17.6,25,7,44.0,41.4,7,85.7,62.4,11,1,9.1,1,15.8
2020-12-16,Paul Bernardoni,Matchweek 15,Home,L 0–2,Angers,Strasbourg,Y,GK,90,3,2,1,0.33299999999999996,0,1.2,0,0,0,0,0,2,0.0,18,5,11.1,25.8,3,0.0,27.0,12,3,25.0,1,20.5
2020-12-20,Paul Bernardoni,Matchweek 16,Away,D 1–1,Angers,Nantes,Y,GK,90,2,1,1,0.5,0,0.1,0,0,0,0,7,17,41.2,19,2,68.4,52.3,4,100.0,66.0,10,0,0.0,0,11.4
2020-12-23,Paul Bernardoni,Matchweek 17,Home,W 2–1,Angers,Marseille,Y,GK,90,2,1,1,0.5,0,1.4,1,0,1,0,6,16,37.5,15,2,73.3,47.7,6,83.3,66.3,8,1,12.5,0,8.0
2021-01-06,Paul Bernardoni,Matchweek 18,Away,W 2–1,Angers,Lille,Y,GK,90,2,1,1,0.5,0,0.8,0,0,0,0,6,16,37.5,15,3,66.7,45.6,6,100.0,67.8,9,0,0.0,0,12.4
2021-01-09,Paul Bernardoni,Matchweek 19,Away,L 0–3,Angers,Monaco,Y,GK,90,5,3,2,0.4,0,2.5,0,0,0,0,4,17,23.5,21,5,38.1,35.7,9,100.0,62.6,10,1,10.0,0,14.8
2021-01-16,Paul Bernardoni,Matchweek 20,Home,L 0–1,Angers,Paris S-G,Y,GK,90,3,1,2,0.667,0,0.6,0,0,0,0,10,21,47.6,23,9,60.9,47.5,10,70.0,50.3,6,0,0.0,1,14.0
2021-01-24,Paul Bernardoni,Matchweek 21,Away,L 1–2,Angers,Bordeaux,Y,GK,90,3,2,1,0.33299999999999996,0,1.2,0,0,0,0,2,6,33.3,14,4,21.4,32.3,5,60.0,45.0,4,0,0.0,3,19.8
2021-01-31,Paul Bernardoni,Matchweek 22,Home,W 3–1,Angers,Nîmes,Y,GK,90,3,1,3,1.0,0,1.4,1,1,0,0,6,13,46.2,17,2,52.9,42.1,7,57.1,44.4,7,0,0.0,0,10.7
2021-02-03,Paul Bernardoni,Matchweek 23,Away,D 0–0,Angers,Reims,Y,GK,90,2,0,2,1.0,1,0.8,0,0,0,0,6,16,37.5,17,4,52.9,41.2,9,77.8,52.7,7,1,14.3,0,10.5
2021-02-07,Paul Bernardoni,Matchweek 24,Away,L 0–3,Angers,Nice,Y,GK,90,2,3,0,-0.5,0,0.9,0,0,0,0,4,10,40.0,15,1,33.3,35.1,6,83.3,62.2,5,1,20.0,0,
2021-02-07,Sébastien Cibois,Matchweek 24,Home,W 2–1,Brest,Bordeaux,Y,GK,90,4,1,3,.750,0,1.3,0,0,0,0,4,9,44.4,16,1,43.8,37.4,3,66.7,52.7,6,0,0.0,0,5.0
2020-12-23,Wuilker Faríñez,Matchweek 17,Home,W 2–1,Lens,Brest,N,GK,6,0,1,0,,0,1.0,1,1,0,0,1,2,50.0,1,0,100.0,103.0,1,100.0,63.0,2,0,0.0,0,8.0
2020-08-23,Paul Nardi,Matchweek 1,Home,W 3–1,Lorient,Strasbourg,Y,GK,90,1,1,0,.000,0,0.6,0,0,0,0,2,6,33.3,17,4,17.6,29.1,6,50.0,44.0,5,0,0.0,1,12.4
2020-08-30,Paul Nardi,Matchweek 2,Away,L 0–2,Lorient,Saint-Étienne,Y,GK,90,5,2,3,.600,0,1.3,0,0,0,0,5,8,62.5,17,7,35.3,29.6,7,28.6,30.6,8,0,0.0,1,16.3
2020-09-13,Paul Nardi,Matchweek 3,Home,L 2–3,Lorient,Lens,Y,GK,90,5,3,3,.600,0,2.3,1,1,0,0,6,17,35.3,19,3,52.6,43.8,8,87.5,67.6,11,1,9.1,1,14.5
2020-09-20,Paul Nardi,Matchweek 4,Away,L 2–3,Lorient,Brest,Y,GK,90,6,3,3,.500,0,2.1,0,0,0,0,6,16,37.5,20,10,45.0,36.4,11,63.6,53.6,9,0,0.0,0,12.9
2020-09-27,Paul Nardi,Matchweek 5,Home,D 1–1,Lorient,Lyon,Y,GK,90,6,1,5,.833,0,0.8,0,0,0,0,14,26,53.8,25,9,60.0,43.1,15,73.3,50.5,12,0,0.0,0,8.6
2020-10-04,Paul Nardi,Matchweek 6,Away,L 1–3,Lorient,Metz,Y,GK,90,7,3,5,.714,0,2.2,1,1,0,0,7,20,35.0,21,6,61.9,42.3,10,70.0,50.8,13,2,15.4,0,10.0
2020-10-17,Paul Nardi,Matchweek 7,Away,W 3–1,Lorient,Reims,Y,GK,90,3,1,2,.667,0,0.6,0,0,0,0,6,20,30.0,23,3,69.6,43.8,5,80.0,51.2,8,0,0.0,2,14.2
2020-10-24,Paul Nardi,Matchweek 8,Home,L 0–1,Lorient,Marseille,Y,GK,90,3,1,2,.667,0,0.7,0,0,0,0,6,17,35.3,15,6,53.3,41.3,12,75.0,61.6,1,0,0.0,0,13.8
2020-11-01,Paul Nardi,Matchweek 9,Away,D 0–0,Lorient,Dijon,Y,GK,90,2,0,2,1.000,1,0.6,0,0,0,0,4,12,33.3,15,3,46.7,39.5,8,62.5,51.4,5,0,0.0,1,34.0
2020-11-08,Paul Nardi,Matchweek 10,Home,L 0–2,Lorient,Nantes,Y,GK,90,4,2,2,.500,0,1.9,0,0,0,0,8,23,34.8,20,4,70.0,49.3,9,100.0,70.8,5,1,20.0,0,15.0
2020-11-22,Paul Nardi,Matchweek 11,Away,L 0–4,Lorient,Lille,Y,GK,90,13,4,9,.692,0,3.1,0,0,0,0,3,21,14.3,25,8,52.0,43.2,11,72.7,57.8,11,0,0.0,0,14.8
2020-11-29,Paul Nardi,Matchweek 12,Home,L 0–1,Lorient,Montpellier,Y,GK,90,3,1,2,.667,0,0.7,1,0,0,1,7,20,35.0,23,2,52.2,44.6,9,88.9,67.3,10,0,0.0,1,27.0
2020-12-06,Paul Nardi,Matchweek 13,Away,L 0–2,Lorient,Angers,Y,GK,90,4,2,2,.500,0,1.1,0,0,0,0,4,13,30.8,18,3,38.9,36.7,7,85.7,60.3,6,0,0.0,3,18.8
2020-12-13,Paul Nardi,Matchweek 14,Home,W 3–0,Lorient,Nîmes,Y,GK,90,2,1,2,.500,1,0.1,0,0,0,0,5,17,29.4,19,5,47.4,40.1,8,100.0,69.4,13,1,7.7,1,17.4
2020-12-16,Paul Nardi,Matchweek 15,Away,L 0–2,Lorient,Paris S-G,Y,GK,90,7,2,6,.857,0,1.5,1,1,0,0,5,23,21.7,21,3,61.9,51.5,10,100.0,70.2,10,0,0.0,0,11.0
2020-12-20,Paul Nardi,Matchweek 16,Home,L 0–3,Lorient,Rennes,Y,GK,90,4,3,1,.250,0,2.6,0,0,0,0,11,17,64.7,30,3,46.7,36.7,6,50.0,36.5,8,1,12.5,1,17.5
2020-12-23,Paul Nardi,Matchweek 17,Away,D 2–2,Lorient,Nice,Y,GK,90,3,2,1,.333,0,1.3,0,0,0,0,2,6,33.3,17,5,29.4,35.5,1,100.0,94.0,4,0,0.0,1,29.3
2021-01-06,Paul Nardi,Matchweek 18,Home,L 2–5,Lorient,Monaco,Y,GK,90,9,5,4,.444,0,2.8,0,0,0,0,2,3,66.7,17,9,5.9,21.2,3,66.7,50.0,10,0,0.0,0,9.8
2020-08-23,Benjamin Lecomte,Matchweek 1,Home,D 2–2,Monaco,Reims,Y,GK,90.0,3.0,2.0,1.0,0.33299999999999996,0.0,1.5,0.0,0.0,0.0,0.0,4.0,6.0,66.7,26.0,6.0,23.1,26.5,9.0,0.0,21.9,2.0,0.0,0.0,5.0,18.0
2020-08-30,Benjamin Lecomte,Matchweek 2,Away,W 1–0,Monaco,Metz,Y,GK,90.0,4.0,0.0,4.0,1.0,1.0,0.2,0.0,0.0,0.0,0.0,9.0,24.0,37.5,26.0,2.0,57.7,45.2,11.0,81.8,63.3,13.0,0.0,0.0,0.0,10.3
2020-09-19,Benjamin Lecomte,Matchweek 4,Away,L 1–2,Monaco,Rennes,Y,GK,90.0,3.0,2.0,1.0,0.33299999999999996,0.0,0.7,0.0,0.0,0.0,0.0,1.0,12.0,8.3,26.0,5.0,30.8,32.5,9.0,44.4,40.6,9.0,1.0,11.1,0.0,13.5
2020-09-27,Benjamin Lecomte,Matchweek 5,Home,W 3–2,Monaco,Strasbourg,Y,GK,90.0,4.0,2.0,3.0,0.75,0.0,1.5,1.0,1.0,0.0,0.0,10.0,22.0,45.5,43.0,7.0,44.2,38.7,3.0,100.0,68.3,18.0,0.0,0.0,2.0,16.4
2020-10-04,Benjamin Lecomte,Matchweek 6,Away,L 0–1,Monaco,Brest,Y,GK,90.0,4.0,1.0,3.0,0.75,0.0,1.3,0.0,0.0,0.0,0.0,7.0,12.0,58.3,36.0,4.0,30.6,30.8,3.0,33.3,36.0,6.0,1.0,16.7,2.0,17.3
2020-10-18,Benjamin Lecomte,Matchweek 7,Home,D 1–1,Monaco,Montpellier,Y,GK,90.0,2.0,1.0,1.0,0.5,0.0,0.9,0.0,0.0,0.0,0.0,5.0,6.0,83.3,21.0,6.0,28.6,32.3,2.0,0.0,20.5,2.0,0.0,0.0,3.0,25.2
2020-10-25,Benjamin Lecomte,Matchweek 8,Away,L 1–4,Monaco,Lyon,Y,GK,90.0,5.0,4.0,2.0,0.4,0.0,3.1,1.0,1.0,0.0,0.0,4.0,13.0,30.8,36.0,6.0,30.6,31.2,6.0,33.3,38.8,5.0,0.0,0.0,2.0,15.4
2020-11-01,Benjamin Lecomte,Matchweek 9,Home,W 4–0,Monaco,Bordeaux,Y,GK,90.0,0.0,0.0,0.0,,1.0,0.0,0.0,0.0,0.0,0.0,7.0,11.0,63.6,30.0,3.0,30.0,33.0,3.0,66.7,53.0,3.0,0.0,0.0,2.0,18.3
2021-01-09,Benjamin Lecomte,Matchweek 19,Home,W 3–0,Monaco,Angers,Y,GK,90.0,2.0,0.0,2.0,1.0,1.0,0.2,0.0,0.0,0.0,0.0,4.0,12.0,33.3,31.0,4.0,35.5,33.1,5.0,20.0,30.2,7.0,0.0,0.0,1.0,16.3
2021-01-15,Benjamin Lecomte,Matchweek 20,Away,W 3–2,Monaco,Montpellier,Y,GK,90.0,3.0,2.0,1.0,0.33299999999999996,0.0,1.2,0.0,0.0,0.0,0.0,9.0,31.0,29.0,30.0,2.0,73.3,49.9,9.0,100.0,65.8,7.0,0.0,0.0,0.0,16.6
2021-01-23,Benjamin Lecomte,Matchweek 21,Home,W 3–1,Monaco,Marseille,Y,GK,90.0,1.0,1.0,0.0,0.0,0.0,0.5,0.0,0.0,0.0,0.0,4.0,17.0,23.5,26.0,3.0,50.0,40.7,8.0,50.0,41.6,5.0,0.0,0.0,1.0,15.8
2021-01-31,Benjamin Lecomte,Matchweek 22,Away,W 2–1,Monaco,Nantes,Y,GK,90.0,3.0,1.0,2.0,0.667,0.0,0.8,0.0,0.0,0.0,0.0,2.0,3.0,66.7,28.0,4.0,10.7,22.5,5.0,0.0,12.6,7.0,0.0,0.0,0.0,15.7
2021-02-03,Benjamin Lecomte,Matchweek 23,Home,W 2–1,Monaco,Nice,Y,GK,90.0,2.0,1.0,1.0,0.5,0.0,0.5,0.0,0.0,0.0,0.0,8.0,15.0,53.3,24.0,3.0,50.0,37.9,8.0,37.5,34.5,8.0,1.0,12.5,0.0,20.5
2021-02-07,Benjamin Lecomte,Matchweek 24,Away,W 4–3,Monaco,Nîmes,Y,GK,90.0,3.0,3.0,0.0,0.0,0.0,1.8,0.0,0.0,0.0,0.0,6.0,12.0,50.0,28.0,4.0,32.1,33.6,5.0,60.0,52.4,9.0,1.0,11.1,2.0,32.0
2020-08-22,Edouard Mendy,Matchweek 1,Away,D 1–1,Rennes,Lille,Y,GK,90,1,1,0,0.0,0,0.6,0,0,0,0,7,12,58.3,23,2,43.5,37.9,6,33.3,35.2,6,1,16.7,0,10.0
2020-10-25,Dimitry Bertaud,Matchweek 8,Home,L 0–4,Montpellier,Reims,N,GK,45,4,1,4,1.000,0,1.8,1,1,0,0,7,15,46.7,17,2,70.6,47.4,3,100.0,68.0,4,0,0.0,0,18.0
2020-11-01,Dimitry Bertaud,Matchweek 9,Away,W 1–0,Montpellier,Saint-Étienne,Y,GK,90,0,0,0,,1,0.0,0,0,0,0,21,28,75.0,32,6,65.6,45.1,8,87.5,57.4,9,2,22.2,0,12.9
2020-11-07,Dimitry Bertaud,Matchweek 10,Away,W 2–0,Montpellier,Bordeaux,Y,GK,90,1,0,1,1.000,1,0.1,0,0,0,0,8,18,44.4,21,5,52.4,41.2,9,77.8,60.9,6,0,0.0,0,9.7
2021-01-22,Dimitry Bertaud,Matchweek 21,Away,L 0–4,Montpellier,Paris S-G,N,GK,70,8,4,3,.500,0,4.3,0,0,0,0,13,24,54.2,16,3,81.3,53.9,12,91.7,58.9,10,2,20.0,0,6.4
2021-01-30,Dimitry Bertaud,Matchweek 22,Home,L 1–2,Montpellier,Lens,Y,GK,90,2,2,0,.000,0,1.0,0,0,0,0,4,11,36.4,23,0,39.1,39.7,5,40.0,44.4,3,0,0.0,0,12.0
2021-02-03,Dimitry Bertaud,Matchweek 23,Away,D 1–1,Montpellier,Metz,Y,GK,90,6,1,5,.833,0,0.4,0,0,0,0,13,16,81.3,27,5,44.4,36.1,10,40.0,46.2,12,1,8.3,1,21.3
2020-09-12,Bingourou Kamara,Matchweek 3,Away,L 0–2,Strasbourg,Saint-Étienne,Y,GK,90,3,2,2,.667,0,2.1,1,1,0,0,4,20,20.0,25,6,52.0,46.5,8,87.5,62.5,8,0,0.0,0,13.3
2020-09-20,Bingourou Kamara,Matchweek 4,Home,W 1–0,Strasbourg,Dijon,Y,GK,90,2,0,2,1.000,1,0.5,0,0,0,0,3,8,37.5,25,4,28.0,30.7,2,50.0,50.0,7,0,0.0,0,10.0
2020-09-27,Bingourou Kamara,Matchweek 5,Away,L 2–3,Strasbourg,Monaco,Y,GK,90,5,3,2,.400,0,1.7,0,0,0,0,4,11,36.4,18,4,38.9,33.9,6,66.7,50.3,7,0,0.0,0,12.3
2020-10-04,Bingourou Kamara,Matchweek 6,Home,L 0–3,Strasbourg,Lille,Y,GK,90,6,3,3,.500,0,1.2,0,0,0,0,9,18,50.0,20,6,60.0,42.0,7,85.7,57.6,2,0,0.0,0,11.6
2020-10-18,Bingourou Kamara,Matchweek 7,Home,L 2–3,Strasbourg,Lyon,Y,GK,90,6,3,3,.500,0,2.4,0,0,0,0,13,20,65.0,31,10,45.2,36.8,6,100.0,63.3,3,0,0.0,0,13.7
2020-10-25,Bingourou Kamara,Matchweek 8,Away,W 3–0,Strasbourg,Brest,Y,GK,90,4,0,4,1.000,1,0.6,0,0,0,0,15,33,45.5,26,3,65.4,49.0,16,100.0,65.1,20,1,5.0,0,12.8
2020-11-01,Bingourou Kamara,Matchweek 9,Away,L 1–2,Strasbourg,Reims,Y,GK,90,4,2,3,.500,0,0.9,0,0,0,0,5,11,45.5,17,6,29.4,28.6,8,75.0,57.6,7,1,14.3,0,13.2
2020-11-06,Bingourou Kamara,Matchweek 10,Home,L 0–1,Strasbourg,Marseille,Y,GK,90,1,1,0,.000,0,0.3,0,0,0,0,10,21,47.6,29,4,62.1,42.3,3,100.0,57.7,4,1,25.0,1,17.8
2020-09-13,Lois Diony,Matchweek 3,Home,W 1–0,Angers,Reims,N,FW,13,,,,,,,,,,,,,,,,,,,,,,,,,
2020-09-20,Lois Diony,Matchweek 4,Away,L 1–4,Angers,Montpellier,N,"FW,CM",17,,,,,,,,,,,,,,,,,,,,,,,,,
2020-09-27,Lois Diony,Matchweek 5,Home,W 3–2,Angers,Brest,N,FW,20,,,,,,,,,,,,,,,,,,,,,,,,,
2020-10-02,Lois Diony,Matchweek 6,Away,L 1–6,Angers,Paris S-G,N,FW,23,,,,,,,,,,,,,,,,,,,,,,,,,
2020-10-18,Lois Diony,Matchweek 7,Home,D 1–1,Angers,Metz,Y,FW,75,,,,,,,,,,,,,,,,,,,,,,,,,
2020-10-23,Lois Diony,Matchweek 8,Away,W 2–1,Angers,Rennes,N,FW,11,,,,,,,,,,,,,,,,,,,,,,,,,
2020-11-01,Lois Diony,Matchweek 9,Home,L 0–3,Angers,Nice,Y,FW,66,,,,,,,,,,,,,,,,,,,,,,,,,
2020-11-08,Lois Diony,Matchweek 10,Away,W 5–1,Angers,Nîmes,N,FW,22,,,,,,,,,,,,,,,,,,,,,,,,,
2020-11-22,Lois Diony,Matchweek 11,Home,L 0–1,Angers,Lyon,N,FW,23,,,,,,,,,,,,,,,,,,,,,,,,,
2020-11-29,Lois Diony,Matchweek 12,Away,W 3–1,Angers,Lens,N,FW,23,,,,,,,,,,,,,,,,,,,,,,,,,
2020-12-06,Lois Diony,Matchweek 13,Home,W 2–0,Angers,Lorient,N,FW,7,,,,,,,,,,,,,,,,,,,,,,,,,
2020-12-11,Lois Diony,Matchweek 14,Away,D 0–0,Angers,Saint-Étienne,N,FW,17,,,,,,,,,,,,,,,,,,,,,,,,,
2020-12-16,Lois Diony,Matchweek 15,Home,L 0–2,Angers,Strasbourg,N,FW,28,,,,,,,,,,,,,,,,,,,,,,,,,
2020-12-20,Lois Diony,Matchweek 16,Away,D 1–1,Angers,Nantes,Y,FW,64,,,,,,,,,,,,,,,,,,,,,,,,,
2020-12-23,Lois Diony,Matchweek 17,Home,W 2–1,Angers,Marseille,Y,FW,78,,,,,,,,,,,,,,,,,,,,,,,,,
2021-01-06,Lois Diony,Matchweek 18,Away,W 2–1,Angers,Lille,Y,FW,71,,,,,,,,,,,,,,,,,,,,,,,,,
2021-01-09,Lois Diony,Matchweek 19,Away,L 0–3,Angers,Monaco,Y,FW,55,,,,,,,,,,,,,,,,,,,,,,,,,
2021-01-16,Lois Diony,Matchweek 20,Home,L 0–1,Angers,Paris S-G,Y,FW,60,,,,,,,,,,,,,,,,,,,,,,,,,
2021-01-24,Lois Diony,Matchweek 21,Away,L 1–2,Angers,Bordeaux,N,FW,25,,,,,,,,,,,,,,,,,,,,,,,,,
2021-01-31,Lois Diony,Matchweek 22,Home,W 3–1,Angers,Nîmes,Y,FW,79,,,,,,,,,,,,,,,,,,,,,,,,,
2021-02-03,Lois Diony,Matchweek 23,Away,D 0–0,Angers,Reims,Y,FW,70,,,,,,,,,,,,,,,,,,,,,,,,,
2021-02-07,Lois Diony,Matchweek 24,Away,L 0–3,Angers,Nice,Y,FW,74,,,,,,,,,,,,,,,,,,,,,,,,,
2020-08-21,Alban Lafont,Matchweek 1,Away,D 0–0,Nantes,Bordeaux,Y,GK,90,1,0,1,1.0,1,0.0,0,0,0,0,1,4,25.0,19,2,21.1,27.6,7,0.0,22.6,5,0,0.0,1,29.0
2020-08-30,Alban Lafont,Matchweek 2,Home,W 2–1,Nantes,Nîmes,Y,GK,90,8,1,7,0.875,0,1.5,0,0,0,0,6,25,24.0,23,5,73.9,58.4,8,100.0,64.0,17,2,11.8,0,10.3
2020-09-13,Alban Lafont,Matchweek 3,Away,L 1–2,Nantes,Monaco,Y,GK,90,5,2,3,0.6,0,1.6,0,0,0,0,5,15,33.3,32,10,28.1,31.9,12,50.0,40.2,9,0,0.0,3,17.4
2020-09-20,Alban Lafont,Matchweek 4,Home,D 2–2,Nantes,Saint-Étienne,Y,GK,90,3,2,1,0.33299999999999996,0,1.3,0,0,0,0,3,7,42.9,13,3,53.8,40.0,3,0.0,19.7,2,1,50.0,0,20.3
2020-09-25,Alban Lafont,Matchweek 5,Away,L 0–2,Nantes,Lille,Y,GK,90,3,2,3,0.667,0,1.5,1,1,0,0,5,13,38.5,19,4,52.6,45.3,5,60.0,44.8,4,0,0.0,0,14.5
2020-10-03,Alban Lafont,Matchweek 6,Away,L 1–2,Nantes,Nice,Y,GK,90,9,2,7,0.778,0,3.5,0,0,0,0,7,27,25.9,28,8,57.1,47.3,12,91.7,59.9,16,2,12.5,0,9.6
2020-10-18,Alban Lafont,Matchweek 7,Home,W 3–1,Nantes,Brest,Y,GK,90,5,1,4,0.8,0,1.2,0,0,0,0,8,28,28.6,23,2,69.6,56.4,12,100.0,66.7,11,0,0.0,0,6.0
2020-11-25,Alban Lafont,Matchweek 8,Away,D 1–1,Nantes,Lens,Y,GK,90,1,1,0,0.0,0,0.5,0,0,0,0,6,21,28.6,30,6,50.0,40.8,6,100.0,67.8,5,1,20.0,1,11.9
2020-10-31,Alban Lafont,Matchweek 9,Home,L 0–3,Nantes,Paris S-G,Y,GK,90,3,3,1,0.33299999999999996,0,2.0,1,1,0,0,4,13,30.8,19,5,42.1,36.8,5,100.0,68.6,10,0,0.0,0,14.0
2020-11-08,Alban Lafont,Matchweek 10,Away,W 2–0,Nantes,Lorient,Y,GK,90,4,0,4,1.0,1,0.2,0,0,0,0,6,20,30.0,25,3,48.0,40.0,8,100.0,59.3,5,0,0.0,0,27.0
2020-11-22,Alban Lafont,Matchweek 11,Home,D 1–1,Nantes,Metz,Y,GK,90,3,1,3,1.0,0,1.8,1,1,0,0,2,8,25.0,30,5,23.3,32.5,4,25.0,29.0,9,1,11.1,0,13.5
2020-11-28,Alban Lafont,Matchweek 12,Away,L 1–3,Nantes,Marseille,Y,GK,90,8,3,6,0.75,0,4.5,1,1,0,0,3,13,23.1,23,2,39.1,34.7,10,40.0,42.6,5,0,0.0,1,17.6
2020-12-06,Alban Lafont,Matchweek 13,Home,L 0–4,Nantes,Strasbourg,Y,GK,90,6,4,4,0.667,0,3.8,2,2,0,0,3,7,42.9,15,5,26.7,31.8,6,50.0,44.2,1,0,0.0,0,14.1
2020-12-13,Alban Lafont,Matchweek 14,Home,D 1–1,Nantes,Dijon,Y,GK,90,3,1,2,0.667,0,1.4,0,0,0,0,10,20,50.0,21,2,61.9,44.8,7,100.0,68.3,13,1,7.7,0,13.5
2020-12-16,Alban Lafont,Matchweek 15,Away,L 2–3,Nantes,Reims,Y,GK,90,3,3,1,0.33299999999999996,0,1.3,1,1,0,0,7,22,31.8,18,2,72.2,54.0,9,100.0,70.2,9,1,11.1,2,20.8
2020-12-20,Alban Lafont,Matchweek 16,Home,D 1–1,Nantes,Angers,Y,GK,90,6,1,5,0.833,0,1.2,0,0,0,0,4,7,57.1,25,3,20.0,29.4,11,18.2,24.8,10,0,0.0,2,21.5
2020-12-23,Alban Lafont,Matchweek 17,Away,L 0–3,Nantes,Lyon,Y,GK,90,11,3,8,0.727,0,3.6,0,0,0,0,7,11,63.6,17,4,35.3,31.6,6,83.3,57.8,1,0,0.0,1,15.3
2021-01-06,Alban Lafont,Matchweek 18,Home,D 0–0,Nantes,Rennes,Y,GK,90,0,0,0,,1,0.0,0,0,0,0,11,26,42.3,31,3,67.7,47.8,5,100.0,65.6,16,2,12.5,1,14.6
2021-01-09,Alban Lafont,Matchweek 19,Away,D 1–1,Nantes,Montpellier,Y,GK,90,4,1,3,0.75,0,1.4,0,0,0,0,7,12,58.3,17,4,58.8,44.4,2,100.0,59.5,16,1,6.3,0,9.4
2021-01-17,Alban Lafont,Matchweek 20,Home,D 1–1,Nantes,Lens,Y,GK,90,1,1,0,0.0,0,0.4,1,0,0,1,11,20,55.0,18,5,61.1,50.7,9,100.0,67.8,16,1,6.3,0,9.8
2021-01-24,Alban Lafont,Matchweek 21,Away,L 0–2,Nantes,Metz,Y,GK,90,4,2,2,0.5,0,1.1,0,0,0,0,2,5,40.0,25,6,16.0,27.6,4,25.0,33.0,7,2,28.6,1,16.4
2021-01-31,Alban Lafont,Matchweek 22,Home,L 1–2,Nantes,Monaco,Y,GK,90,5,2,2,0.6,0,1.2,0,0,0,0,3,19,15.8,34,3,35.3,35.6,7,100.0,70.0,8,1,12.5,1,13.0
2021-02-03,Alban Lafont,Matchweek 23,Away,D 1–1,Nantes,Saint-Étienne,Y,GK,90,7,1,6,0.857,0,0.9,0,0,0,0,5,23,21.7,26,6,65.4,49.6,7,85.7,60.9,10,0,0.0,1,12.0
2021-02-07,Alban Lafont,Matchweek 24,Home,L 0–2,Nantes,Lille,Y,GK,90,3,2,1,0.33299999999999996,0,1.4,0,0,0,0,6,21,28.6,42,2,31.0,35.5,9,88.9,58.3,7,0,0.0,1,17.2
2020-08-23,Predrag Rajković,Matchweek 1,Away,D 2–2,Reims,Monaco,Y,GK,90.0,5.0,2.0,3.0,0.6,0.0,1.2,0.0,0.0,0.0,0.0,10.0,26.0,38.5,20.0,2.0,60.0,48.8,18.0,77.8,56.2,17.0,0.0,0.0,0.0,13.8
2020-08-30,Predrag Rajković,Matchweek 2,Home,L 0–1,Reims,Lille,Y,GK,90.0,3.0,1.0,2.0,0.667,0.0,1.1,0.0,0.0,0.0,0.0,7.0,17.0,41.2,44.0,8.0,34.1,34.4,6.0,33.3,34.3,5.0,0.0,0.0,1.0,16.0
2020-09-13,Predrag Rajković,Matchweek 3,Away,L 0–1,Reims,Angers,Y,GK,90.0,6.0,1.0,5.0,0.833,0.0,1.7,1.0,0.0,1.0,0.0,6.0,24.0,25.0,27.0,5.0,51.9,43.1,15.0,66.7,51.9,9.0,0.0,0.0,0.0,12.7
2020-09-20,Predrag Rajković,Matchweek 4,Away,L 1–2,Reims,Metz,Y,GK,90.0,4.0,2.0,2.0,0.5,0.0,1.3,0.0,0.0,0.0,0.0,9.0,23.0,39.1,24.0,4.0,58.3,49.6,14.0,64.3,47.5,18.0,3.0,16.7,0.0,13.0
2020-09-27,Predrag Rajković,Matchweek 5,Home,L 0–2,Reims,Paris S-G,Y,GK,90.0,8.0,2.0,6.0,0.75,0.0,2.8,0.0,0.0,0.0,0.0,6.0,9.0,66.7,19.0,2.0,36.8,34.1,19.0,10.5,23.0,6.0,0.0,0.0,1.0,15.3
2020-10-04,Predrag Rajković,Matchweek 6,Away,D 2–2,Reims,Rennes,Y,GK,45.0,2.0,2.0,0.0,0.0,0.0,1.3,0.0,0.0,0.0,0.0,5.0,13.0,38.5,15.0,3.0,53.3,42.3,8.0,62.5,47.6,4.0,0.0,0.0,0.0,11.3
2020-10-17,Predrag Rajković,Matchweek 7,Home,L 1–3,Reims,Lorient,Y,GK,90.0,3.0,3.0,1.0,0.33299999999999996,0.0,2.5,1.0,1.0,0.0,0.0,9.0,19.0,47.4,33.0,2.0,45.5,38.2,9.0,44.4,42.7,10.0,0.0,0.0,1.0,20.3
2020-10-25,Predrag Rajković,Matchweek 8,Away,W 4–0,Reims,Montpellier,Y,GK,90.0,1.0,0.0,1.0,1.0,1.0,0.0,0.0,0.0,0.0,0.0,1.0,2.0,50.0,13.0,3.0,7.7,24.7,4.0,25.0,31.0,4.0,1.0,25.0,0.0,
2020-11-01,Predrag Rajković,Matchweek 9,Home,W 2–1,Reims,Strasbourg,Y,GK,90.0,1.0,1.0,1.0,1.0,0.0,0.5,1.0,1.0,0.0,0.0,8.0,22.0,36.4,23.0,1.0,65.2,51.9,7.0,100.0,68.4,18.0,2.0,11.1,2.0,13.8
2020-11-08,Predrag Rajković,Matchweek 10,Away,D 4–4,Reims,Lens,Y,GK,90.0,5.0,4.0,2.0,0.2,0.0,1.6,0.0,0.0,0.0,0.0,8.0,30.0,26.7,32.0,2.0,71.9,54.3,7.0,100.0,75.0,21.0,2.0,9.5,1.0,8.0
2020-11-29,Predrag Rajković,Matchweek 12,Away,L 0–3,Reims,Lyon,Y,GK,90.0,4.0,3.0,1.0,0.25,0.0,1.3,0.0,0.0,0.0,0.0,7.0,21.0,33.3,24.0,2.0,54.2,40.7,12.0,66.7,54.8,6.0,0.0,0.0,0.0,13.5
2020-12-06,Predrag Rajković,Matchweek 13,Home,D 0–0,Reims,Nice,Y,GK,90.0,3.0,0.0,3.0,1.0,1.0,0.2,0.0,0.0,0.0,0.0,4.0,20.0,20.0,26.0,4.0,61.5,45.7,6.0,66.7,49.2,6.0,0.0,0.0,1.0,16.0
2020-12-13,Predrag Rajković,Matchweek 14,Away,L 1–2,Reims,Brest,Y,GK,90.0,5.0,2.0,3.0,0.6,0.0,2.1,1.0,0.0,1.0,0.0,7.0,21.0,33.3,29.0,6.0,37.9,41.1,10.0,100.0,62.5,10.0,0.0,0.0,0.0,14.2
2020-12-16,Predrag Rajković,Matchweek 15,Home,W 3–2,Reims,Nantes,Y,GK,90.0,7.0,2.0,5.0,0.7140000000000001,0.0,0.8,0.0,0.0,0.0,0.0,5.0,13.0,38.5,25.0,6.0,36.0,37.4,8.0,50.0,49.1,12.0,0.0,0.0,1.0,11.8
2020-12-19,Predrag Rajković,Matchweek 16,Away,D 1–1,Reims,Marseille,Y,GK,90.0,6.0,1.0,5.0,0.833,0.0,1.6,0.0,0.0,0.0,0.0,4.0,22.0,18.2,24.0,3.0,70.8,51.2,6.0,83.3,60.3,10.0,1.0,10.0,0.0,13.1
2020-12-23,Predrag Rajković,Matchweek 17,Away,W 3–1,Reims,Bordeaux,Y,GK,90.0,3.0,1.0,2.0,0.667,0.0,0.9,0.0,0.0,0.0,0.0,6.0,21.0,28.6,24.0,3.0,62.5,45.9,7.0,85.7,61.4,13.0,1.0,7.7,0.0,8.0
2021-01-06,Predrag Rajković,Matchweek 18,Home,D 0–0,Reims,Dijon,Y,GK,90.0,0.0,0.0,0.0,,1.0,0.0,0.0,0.0,0.0,0.0,2.0,7.0,28.6,24.0,5.0,16.7,27.8,4.0,75.0,50.3,3.0,0.0,0.0,1.0,18.6
2021-01-09,Predrag Rajković,Matchweek 19,Home,W 3–1,Reims,Saint-Étienne,Y,GK,90.0,6.0,1.0,5.0,0.833,0.0,1.2,0.0,0.0,0.0,0.0,10.0,30.0,33.3,26.0,3.0,76.9,54.3,10.0,100.0,63.4,14.0,0.0,0.0,0.0,12.0
2021-01-17,Predrag Rajković,Matchweek 20,Away,L 1–2,Reims,Lille,Y,GK,90.0,8.0,2.0,6.0,0.75,0.0,1.6,0.0,0.0,0.0,0.0,7.0,21.0,33.3,39.0,6.0,41.0,39.4,5.0,100.0,64.8,7.0,0.0,0.0,1.0,12.8
2021-01-24,Predrag Rajković,Matchweek 21,Home,W 1–0,Reims,Brest,Y,GK,90.0,0.0,0.0,0.0,,1.0,0.0,0.0,0.0,0.0,0.0,10.0,24.0,41.7,21.0,4.0,61.9,46.0,12.0,91.7,61.0,18.0,0.0,0.0,0.0,16.3
2021-01-31,Predrag Rajković,Matchweek 22,Away,W 1–0,Reims,Strasbourg,Y,GK,90.0,2.0,0.0,2.0,1.0,1.0,0.1,0.0,0.0,0.0,0.0,6.0,19.0,31.6,35.0,9.0,42.9,39.3,7.0,57.1,46.6,12.0,0.0,0.0,0.0,9.7
2021-02-03,Predrag Rajković,Matchweek 23,Home,D 0–0,Reims,Angers,Y,GK,90.0,2.0,0.0,2.0,1.0,1.0,0.5,0.0,0.0,0.0,0.0,3.0,14.0,21.4,33.0,4.0,24.2,33.5,8.0,75.0,55.3,6.0,2.0,33.3,1.0,15.8
2021-02-06,Predrag Rajković,Matchweek 24,Away,L 0–1,Reims,Lorient,Y,GK,90.0,3.0,1.0,2.0,0.667,0.0,0.9,0.0,0.0,0.0,0.0,8.0,19.0,42.1,41.0,10.0,43.9,39.8,3.0,33.3,27.7,2.0,1.0,50.0,2.0,20.2
2020-12-06,Marc-Aurèle Caillard,Matchweek 13,Home,L 1–3,Metz,Lyon,N,GK,1,0,0,0,,0,0.0,0,0,0,0,0,0,,1,0,0.0,20.0,0,,,0,0,,0,
2020-12-23,Marc-Aurèle Caillard,Matchweek 17,Away,L 0–1,Metz,Rennes,Y,GK,90,6,1,5,.833,0,1.8,0,0,0,0,7,15,46.7,22,9,50.0,40.1,6,66.7,55.0,9,0,0.0,0,12.7
2020-09-13,Sergio Rico,Matchweek 3,Home,L 0–1,Paris S-G,Marseille,Y,GK,90,2,1,1,.500,0,0.7,0,0,0,0,0,2,0.0,13,5,15.4,24.7,3,0.0,11.7,4,0,0.0,0,14.0
2020-10-24,Sergio Rico,Matchweek 8,Home,W 4–0,Paris S-G,Dijon,Y,GK,90,3,0,3,1.000,1,0.7,0,0,0,0,2,3,66.7,13,4,15.4,19.5,7,14.3,29.7,9,0,0.0,0,8.0
2020-11-28,Sergio Rico,Matchweek 12,Home,D 2–2,Paris S-G,Bordeaux,Y,GK,90,4,2,3,.500,0,1.3,0,0,0,0,0,1,0.0,18,4,5.6,24.6,9,0.0,20.2,8,0,0.0,2,18.8
2020-12-16,Sergio Rico,Matchweek 15,Home,W 2–0,Paris S-G,Lorient,Y,GK,90,3,0,3,1.000,1,1.0,0,0,0,0,1,2,50.0,15,3,6.7,22.5,5,20.0,32.4,2,0,0.0,2,17.4
2021-01-22,Sergio Rico,Matchweek 21,Home,W 4–0,Paris S-G,Montpellier,N,GK,45,1,0,1,1.000,1,0.0,0,0,0,0,0,0,,6,1,0.0,20.2,2,0.0,18.5,0,0,,0,16.0
2021-01-31,Sergio Rico,Matchweek 22,Away,L 2–3,Paris S-G,Lorient,Y,GK,90,5,3,2,.400,0,1.8,0,0,0,0,0,1,0.0,16,6,6.3,22.6,8,0.0,19.4,6,1,16.7,1,10.5
2021-02-03,Sergio Rico,Matchweek 23,Home,W 3–0,Paris S-G,Nîmes,Y,GK,90,6,0,6,1.000,1,1.5,0,0,0,0,2,2,100.0,23,6,8.7,25.3,9,0.0,18.9,6,0,0.0,0,14.0
2021-02-07,Sergio Rico,Matchweek 24,Away,W 2–0,Paris S-G,Marseille,Y,GK,90,4,0,4,1.000,1,0.4,0,0,0,0,4,10,40.0,31,6,19.4,26.9,6,66.7,46.3,9,0,0.0,0,11.0
2020-08-29,Romain Salin,Matchweek 2,Home,W 2–1,Rennes,Montpellier,Y,GK,90,3,1,2,.667,0,0.2,0,0,0,0,8,17,47.1,22,4,45.5,36.5,13,53.8,44.3,9,0,0.0,2,23.7
2020-09-13,Romain Salin,Matchweek 3,Away,W 4–2,Rennes,Nîmes,Y,GK,90,9,2,7,.778,0,3.1,0,0,0,0,12,29,41.4,47,8,42.6,39.1,11,81.8,60.0,10,1,10.0,1,13.0
2020-09-19,Romain Salin,Matchweek 4,Home,W 2–1,Rennes,Monaco,Y,GK,90,2,1,1,.500,0,1.0,0,0,0,0,6,11,54.5,23,5,43.5,33.5,9,11.1,25.3,5,0,0.0,5,19.4
2020-09-26,Romain Salin,Matchweek 5,Away,W 3–0,Rennes,Saint-Étienne,Y,GK,90,4,0,4,1.000,1,0.2,0,0,0,0,10,20,50.0,41,6,36.6,32.2,5,100.0,61.6,13,2,15.4,3,20.2
2020-10-04,Romain Salin,Matchweek 6,Home,D 2–2,Rennes,Reims,Y,GK,90,4,2,2,.500,0,1.5,0,0,0,0,5,11,45.5,31,1,29.0,31.1,7,28.6,29.4,3,0,0.0,1,11.5
2020-10-16,Romain Salin,Matchweek 7,Away,D 1–1,Rennes,Dijon,Y,GK,90,4,1,3,.750,0,0.9,0,0,0,0,6,9,66.7,26,6,23.1,31.2,8,37.5,32.9,8,0,0.0,0,10.7
2020-12-05,Romain Salin,Matchweek 13,Home,L 0–2,Rennes,Lens,Y,GK,90,4,2,2,.500,0,2.4,0,0,0,0,7,16,43.8,26,3,50.0,41.0,7,42.9,41.6,9,1,11.1,3,31.2
2020-12-13,Romain Salin,Matchweek 14,Away,W 1–0,Rennes,Nice,Y,GK,90,3,0,3,1.000,1,0.3,0,0,0,0,9,22,40.9,23,4,56.5,43.3,12,75.0,56.2,12,1,8.3,1,13.8
2020-12-16,Romain Salin,Matchweek 15,Home,W 2–1,Rennes,Marseille,Y,GK,90,1,1,0,.000,0,0.5,0,0,0,0,5,10,50.0,21,3,33.3,31.7,6,50.0,38.0,2,0,0.0,2,17.6
2020-12-20,Romain Salin,Matchweek 16,Away,W 3–0,Rennes,Lorient,Y,GK,90,2,0,2,1.000,1,0.1,0,0,0,0,7,15,46.7,25,6,32.0,29.7,9,77.8,51.4,8,1,12.5,0,13.4
2020-12-23,Romain Salin,Matchweek 17,Home,W 1–0,Rennes,Metz,Y,GK,90,4,0,4,1.000,1,0.6,0,0,0,0,6,18,33.3,30,9,43.3,38.1,6,83.3,58.3,8,1,12.5,0,13.9
2021-01-06,Romain Salin,Matchweek 18,Away,D 0–0,Rennes,Nantes,Y,GK,90,2,0,2,1.000,1,1.0,0,0,0,0,2,4,50.0,17,6,17.6,23.6,5,20.0,33.4,5,1,20.0,2,17.4
2021-01-09,Romain Salin,Matchweek 19,Home,D 2–2,Rennes,Lyon,Y,GK,90,4,2,2,.500,0,1.4,0,0,0,0,8,17,47.1,21,5,47.6,38.3,8,87.5,54.0,7,0,0.0,2,14.8
2021-01-17,Romain Salin,Matchweek 20,Away,W 2–1,Rennes,Brest,Y,GK,90,4,1,3,.750,0,1.2,0,0,0,0,4,15,26.7,30,5,16.7,28.5,11,90.9,63.0,13,1,7.7,1,18.7
2021-01-24,Romain Salin,Matchweek 21,Home,L 0–1,Rennes,Lille,Y,GK,90,4,1,3,.750,0,0.8,0,0,0,0,4,13,30.8,38,5,23.7,29.7,6,66.7,50.8,1,0,0.0,6,28.0
2021-01-16,Yohann Pelé,Matchweek 20,Home,L 1–2,Marseille,Nîmes,Y,GK,90,5,2,2,.600,0,2.4,0,0,0,0,0,0,,22,7,0.0,20.5,3,0.0,14.7,8,1,12.5,1,13.0
2020-08-23,Walter Benítez,Matchweek 1,Home,W 2–1,Nice,Lens,Y,GK,90,3,1,3,1.0,0,1.0,1,1,0,0,6,11,54.5,32,5,31.3,31.4,8,12.5,18.9,14,2,14.3,1,10.7
2020-08-29,Walter Benítez,Matchweek 2,Away,W 2–0,Nice,Strasbourg,Y,GK,90,0,0,0,,1,0.0,0,0,0,0,4,14,28.6,41,6,29.3,27.9,12,16.7,26.0,14,3,21.4,0,13.6
2020-09-12,Walter Benítez,Matchweek 3,Away,L 1–3,Nice,Montpellier,Y,GK,90,13,3,10,0.769,0,2.7,0,0,0,0,3,10,30.0,18,4,33.3,33.1,8,50.0,36.9,12,1,8.3,1,21.5
2020-09-20,Walter Benítez,Matchweek 4,Home,L 0–3,Nice,Paris S-G,Y,GK,90,5,3,3,0.6,0,3.2,1,1,0,0,3,6,50.0,30,5,20.0,26.4,6,0.0,22.7,16,3,18.8,0,10.0
2020-09-27,Walter Benítez,Matchweek 5,Away,D 0–0,Nice,Bordeaux,Y,GK,90,5,0,5,1.0,1,0.8,0,0,0,0,3,5,60.0,35,7,11.4,23.2,9,11.1,24.9,8,1,12.5,0,13.0
2020-10-03,Walter Benítez,Matchweek 6,Home,W 2–1,Nice,Nantes,Y,GK,90,0,1,0,,0,1.0,1,1,0,0,0,0,,14,2,0.0,17.4,7,0.0,19.0,4,0,0.0,1,11.8
2020-10-18,Walter Benítez,Matchweek 7,Away,W 3–1,Nice,Saint-Étienne,Y,GK,90,4,1,3,0.75,0,1.3,0,0,0,0,1,12,8.3,44,5,18.2,29.6,10,40.0,39.6,11,0,0.0,1,9.8
2020-10-25,Walter Benítez,Matchweek 8,Home,D 1–1,Nice,Lille,Y,GK,90,4,1,3,0.75,0,0.2,0,0,0,0,5,13,38.5,21,1,38.1,34.0,11,45.5,36.5,3,0,0.0,1,27.0
2020-11-01,Walter Benítez,Matchweek 9,Away,W 3–0,Nice,Angers,Y,GK,90,5,0,5,1.0,1,0.3,0,0,0,0,2,13,15.4,29,5,37.9,30.4,5,40.0,33.4,12,2,16.7,0,6.8
2020-11-08,Walter Benítez,Matchweek 10,Home,L 1–2,Nice,Monaco,Y,GK,90,8,2,4,0.75,0,2.2,0,0,0,0,6,9,66.7,27,4,33.3,31.2,6,0.0,20.8,3,0,0.0,1,16.7
2020-11-29,Walter Benítez,Matchweek 12,Home,L 1–3,Nice,Dijon,Y,GK,90,4,3,1,0.25,0,1.8,0,0,0,0,0,1,0.0,19,3,5.3,22.3,5,0.0,22.4,2,0,0.0,0,12.0
2020-12-06,Walter Benítez,Matchweek 13,Away,D 0–0,Nice,Reims,Y,GK,90,0,0,0,,1,0.0,0,0,0,0,4,17,23.5,28,3,42.9,36.1,11,45.5,37.3,9,0,0.0,0,11.7
2020-12-13,Walter Benítez,Matchweek 14,Home,L 0–1,Nice,Rennes,Y,GK,90,5,1,4,0.8,0,0.9,0,0,0,0,5,5,100.0,16,4,12.5,24.1,9,33.3,29.8,7,0,0.0,0,19.5
2020-12-16,Walter Benítez,Matchweek 15,Away,W 2–0,Nice,Nîmes,Y,GK,90,3,0,3,1.0,1,0.9,0,0,0,0,3,9,33.3,28,6,25.0,31.3,13,15.4,27.3,10,0,0.0,0,9.8
2020-12-19,Walter Benítez,Matchweek 16,Home,L 1–4,Nice,Lyon,Y*,GK,90,8,4,5,0.625,0,4.4,1,1,0,0,2,6,33.3,18,6,27.8,31.2,8,12.5,25.6,5,0,0.0,0,8.1
2020-12-23,Walter Benítez,Matchweek 17,Home,D 2–2,Nice,Lorient,Y,GK,90,5,2,4,0.8,0,2.5,1,1,0,0,6,19,31.6,40,6,40.0,34.1,14,21.4,27.8,14,0,0.0,0,7.3
2021-01-06,Walter Benítez,Matchweek 18,Away,L 0–2,Nice,Brest,Y,GK,90,6,2,4,0.667,0,1.2,0,0,0,0,0,4,0.0,17,4,17.6,25.7,8,12.5,19.4,4,0,0.0,0,20.0
2021-01-09,Walter Benítez,Matchweek 19,Away,D 1–1,Nice,Metz,Y*,GK,90,5,1,4,0.8,0,1.1,0,0,0,0,2,13,15.4,26,2,42.3,38.4,3,66.7,55.7,12,0,0.0,1,24.3
2021-01-17,Walter Benítez,Matchweek 20,Home,L 0–3,Nice,Bordeaux,Y*,GK,90,9,3,6,0.667,0,1.9,0,0,0,0,4,9,44.4,23,2,30.4,33.6,5,40.0,26.4,12,0,0.0,0,9.4
2021-01-23,Walter Benítez,Matchweek 21,Away,W 1–0,Nice,Lens,Y,GK,90,3,0,3,1.0,1,0.1,0,0,0,0,1,12,8.3,18,4,27.8,33.4,10,70.0,52.9,16,0,0.0,1,10.2
2021-01-31,Walter Benítez,Matchweek 22,Home,L 0–1,Nice,Saint-Étienne,Y,GK,90,1,1,0,0.0,0,0.4,0,0,0,0,3,10,30.0,15,8,20.0,28.3,18,38.9,36.7,14,1,7.1,0,10.0
2021-02-03,Walter Benítez,Matchweek 23,Away,L 1–2,Nice,Monaco,Y,GK,90,5,2,4,0.8,0,2.5,1,1,0,0,3,6,50.0,19,5,26.3,29.8,5,20.0,31.8,6,0,0.0,1,20.7
2021-02-07,Walter Benítez,Matchweek 24,Home,W 3–0,Nice,Angers,Y,GK,90,3,0,3,1.0,1,0.3,0,0,0,0,4,13,30.8,28,5,28.6,30.6,6,83.3,57.5,15,2,13.3,0,10.6
2020-08-23,Eiji Kawashima,Matchweek 1,Away,L 1–3,Strasbourg,Lorient,Y,GK,90,6,3,4,.667,0,3.5,1,1,0,0,3,6,50.0,18,4,22.2,27.9,4,50.0,49.3,7,1,14.3,1,13.2
2020-08-29,Eiji Kawashima,Matchweek 2,Home,L 0–2,Strasbourg,Nice,Y,GK,90,1,2,0,.000,0,1.6,1,1,0,0,6,10,60.0,26,4,38.5,33.6,8,0.0,17.5,7,0,0.0,1,16.1
2020-11-22,Eiji Kawashima,Matchweek 11,Away,L 3–4,Strasbourg,Montpellier,Y,GK,90,10,4,6,.600,0,2.4,0,0,0,0,11,17,64.7,16,3,50.0,38.6,12,75.0,54.2,14,0,0.0,0,13.0
2020-11-27,Eiji Kawashima,Matchweek 12,Home,D 1–1,Strasbourg,Rennes,Y,GK,90,7,1,6,.857,0,2.0,0,0,0,0,17,35,48.6,25,1,92.0,60.5,12,100.0,70.2,15,0,0.0,0,8.1
2020-12-06,Eiji Kawashima,Matchweek 13,Away,W 4–0,Strasbourg,Nantes,Y,GK,90,3,0,3,1.000,1,0.9,0,0,0,0,17,30,56.7,29,2,79.3,51.9,7,100.0,66.1,8,1,12.5,1,14.0
2020-12-13,Eiji Kawashima,Matchweek 14,Home,D 2–2,Strasbourg,Metz,Y,GK,90,1,2,0,.000,0,1.7,2,1,1,0,1,1,100.0,26,5,3.8,22.7,4,0.0,26.3,5,0,0.0,0,18.0
2020-12-16,Eiji Kawashima,Matchweek 15,Away,W 2–0,Strasbourg,Angers,Y,GK,90,2,0,2,1.000,1,0.3,0,0,0,0,8,16,50.0,18,3,55.6,43.5,8,75.0,57.8,10,1,10.0,0,9.7
2020-12-20,Eiji Kawashima,Matchweek 16,Home,L 0–2,Strasbourg,Bordeaux,Y,GK,90,6,2,4,.667,0,1.4,0,0,0,0,10,15,66.7,24,5,50.0,41.9,3,100.0,66.7,5,0,0.0,0,12.7
2020-12-23,Eiji Kawashima,Matchweek 17,Away,L 0–4,Strasbourg,Paris S-G,Y,GK,90,8,4,4,.500,0,3.0,0,0,0,0,10,21,47.6,25,5,60.0,46.0,8,75.0,55.1,8,1,12.5,0,9.8
2021-01-06,Eiji Kawashima,Matchweek 18,Home,W 5–0,Strasbourg,Nîmes,Y,GK,90,2,0,2,1.000,1,0.5,0,0,0,0,1,3,33.3,15,4,13.3,27.3,4,25.0,34.5,5,1,20.0,0,11.7
2021-01-09,Eiji Kawashima,Matchweek 19,Away,W 1–0,Strasbourg,Lens,Y,GK,90,2,0,2,1.000,1,0.4,0,0,0,0,8,27,29.6,24,4,70.8,49.5,10,100.0,63.8,12,1,8.3,0,11.3
2021-01-17,Eiji Kawashima,Matchweek 20,Home,W 1–0,Strasbourg,Saint-Étienne,Y,GK,90,3,0,3,1.000,1,0.1,1,0,0,1,10,21,47.6,21,3,61.9,45.5,9,88.9,57.8,10,0,0.0,0,9.1
2021-01-24,Eiji Kawashima,Matchweek 21,Away,D 1–1,Strasbourg,Dijon,Y,GK,90,3,1,2,.667,0,0.9,0,0,0,0,6,17,35.3,18,1,61.1,46.2,7,85.7,59.7,11,2,18.2,0,4.0
2021-01-31,Eiji Kawashima,Matchweek 22,Home,L 0–1,Strasbourg,Reims,Y,GK,90,5,1,4,.800,0,1.4,0,0,0,0,2,6,33.3,20,5,20.0,24.9,8,25.0,31.5,3,0,0.0,0,15.5
2021-02-03,Eiji Kawashima,Matchweek 23,Home,D 2–2,Strasbourg,Brest,Y,GK,90,2,2,0,.000,0,1.8,0,0,0,0,11,20,55.0,21,4,71.4,49.8,7,71.4,56.3,8,0,0.0,0,9.9
2021-02-06,Eiji Kawashima,Matchweek 24,Away,L 0–3,Strasbourg,Lyon,Y,GK,90,8,3,4,.625,0,2.0,0,0,0,0,6,25,24.0,21,5,61.9,48.5,12,100.0,69.9,12,0,0.0,1,13.0
2020-09-16,Alexandre Oukidja,Matchweek 1,Away,L 0–1,Metz,Paris S-G,Y,GK,90.0,8.0,1.0,7.0,0.875,0.0,2.2,0.0,0.0,0.0,0.0,13.0,38.0,34.2,23.0,1.0,91.3,61.3,18.0,94.4,71.6,9.0,1.0,11.1,1.0,18.6
2020-08-30,Alexandre Oukidja,Matchweek 2,Home,L 0–1,Metz,Monaco,Y,GK,90.0,2.0,1.0,1.0,0.5,0.0,0.9,0.0,0.0,0.0,0.0,6.0,15.0,40.0,27.0,5.0,51.9,42.7,4.0,25.0,27.0,6.0,1.0,16.7,1.0,18.6
2020-09-13,Alexandre Oukidja,Matchweek 3,Away,L 0–1,Metz,Lille,Y,GK,90.0,6.0,1.0,5.0,0.833,0.0,1.0,0.0,0.0,0.0,0.0,12.0,28.0,42.9,33.0,12.0,63.6,48.4,7.0,100.0,64.0,13.0,6.0,46.2,1.0,11.8
2020-09-20,Alexandre Oukidja,Matchweek 4,Home,W 2–1,Metz,Reims,Y,GK,90.0,3.0,1.0,3.0,1.0,0.0,1.4,1.0,1.0,0.0,0.0,9.0,18.0,50.0,25.0,2.0,60.0,45.8,6.0,50.0,49.7,5.0,2.0,40.0,0.0,13.3
2020-09-26,Alexandre Oukidja,Matchweek 5,Away,D 1–1,Metz,Marseille,Y,GK,90.0,2.0,1.0,1.0,0.5,0.0,1.0,0.0,0.0,0.0,0.0,8.0,24.0,33.3,19.0,3.0,73.7,53.8,12.0,83.3,60.4,11.0,2.0,18.2,0.0,10.6
2020-10-04,Alexandre Oukidja,Matchweek 6,Home,W 3–1,Metz,Lorient,Y,GK,90.0,4.0,1.0,3.0,0.75,0.0,0.6,0.0,0.0,0.0,0.0,10.0,16.0,62.5,25.0,6.0,40.0,41.7,7.0,85.7,60.3,6.0,0.0,0.0,3.0,18.6
2020-10-18,Alexandre Oukidja,Matchweek 7,Away,D 1–1,Metz,Angers,Y,GK,90.0,1.0,1.0,1.0,1.0,0.0,0.9,1.0,1.0,0.0,0.0,4.0,17.0,23.5,28.0,5.0,50.0,41.8,4.0,75.0,52.0,12.0,1.0,8.3,1.0,11.6
2020-10-25,Alexandre Oukidja,Matchweek 8,Home,W 2–0,Metz,Saint-Étienne,Y,GK,90.0,0.0,0.0,0.0,,1.0,0.0,0.0,0.0,0.0,0.0,7.0,25.0,28.0,26.0,5.0,76.9,54.2,5.0,100.0,63.0,6.0,0.0,0.0,1.0,13.5
2020-11-01,Alexandre Oukidja,Matchweek 9,Away,W 1–0,Metz,Nîmes,Y,GK,90.0,2.0,0.0,2.0,1.0,1.0,0.5,0.0,0.0,0.0,0.0,9.0,31.0,29.0,25.0,4.0,68.0,49.0,14.0,100.0,69.9,19.0,2.0,10.5,1.0,11.6
2020-11-08,Alexandre Oukidja,Matchweek 10,Home,D 1–1,Metz,Dijon,Y,GK,90.0,6.0,1.0,5.0,0.833,0.0,1.6,1.0,0.0,1.0,0.0,8.0,12.0,66.7,25.0,13.0,36.0,34.8,6.0,50.0,41.0,7.0,1.0,14.3,0.0,17.5
2020-11-22,Alexandre Oukidja,Matchweek 11,Away,D 1–1,Metz,Nantes,Y,GK,90.0,5.0,1.0,4.0,0.8,0.0,1.2,0.0,0.0,0.0,0.0,4.0,19.0,21.1,23.0,7.0,56.5,45.8,7.0,85.7,56.3,6.0,0.0,0.0,1.0,18.6
2020-11-29,Alexandre Oukidja,Matchweek 12,Home,L 0–2,Metz,Brest,Y,GK,90.0,4.0,2.0,2.0,0.5,0.0,1.9,0.0,0.0,0.0,0.0,5.0,8.0,62.5,17.0,6.0,23.5,31.4,7.0,57.1,52.6,9.0,2.0,22.2,2.0,17.6
2020-12-06,Alexandre Oukidja,Matchweek 13,Home,L 1–3,Metz,Lyon,Y,GK,89.0,5.0,3.0,2.0,0.4,0.0,1.8,0.0,0.0,0.0,0.0,5.0,9.0,55.6,20.0,7.0,25.0,27.7,8.0,50.0,43.4,11.0,3.0,27.3,3.0,22.5
2020-12-13,Alexandre Oukidja,Matchweek 14,Away,D 2–2,Metz,Strasbourg,Y,GK,90.0,4.0,2.0,2.0,0.5,0.0,1.6,0.0,0.0,0.0,0.0,16.0,24.0,66.7,16.0,7.0,62.5,45.9,17.0,82.4,57.6,16.0,3.0,18.8,2.0,25.5
2020-12-16,Alexandre Oukidja,Matchweek 15,Away,W 2–0,Metz,Montpellier,Y,GK,90.0,3.0,0.0,3.0,1.0,1.0,0.1,0.0,0.0,0.0,0.0,4.0,18.0,22.2,17.0,6.0,35.3,37.8,18.0,66.7,53.8,21.0,3.0,14.3,0.0,10.5
2020-12-19,Alexandre Oukidja,Matchweek 16,Home,W 2–0,Metz,Lens,Y,GK,90.0,3.0,0.0,3.0,1.0,1.0,0.3,0.0,0.0,0.0,0.0,9.0,27.0,33.3,28.0,4.0,60.7,46.3,12.0,83.3,54.5,10.0,2.0,20.0,1.0,12.4
2021-01-06,Alexandre Oukidja,Matchweek 18,Home,D 0–0,Metz,Bordeaux,Y,GK,90.0,3.0,0.0,3.0,1.0,1.0,0.9,0.0,0.0,0.0,0.0,8.0,17.0,47.1,28.0,9.0,42.9,36.2,7.0,71.4,54.3,8.0,0.0,0.0,1.0,18.0
2021-01-09,Alexandre Oukidja,Matchweek 19,Home,D 1–1,Metz,Nice,Y,GK,90.0,3.0,1.0,3.0,1.0,0.0,2.1,1.0,1.0,0.0,0.0,8.0,16.0,50.0,21.0,4.0,66.7,47.7,5.0,40.0,33.8,8.0,0.0,0.0,5.0,24.4
2021-01-17,Alexandre Oukidja,Matchweek 20,Away,W 1–0,Metz,Lyon,Y,GK,90.0,6.0,1.0,5.0,0.833,1.0,0.8,0.0,0.0,0.0,0.0,13.0,25.0,52.0,24.0,5.0,75.0,49.9,16.0,43.8,37.6,12.0,1.0,8.3,0.0,12.6
2021-01-24,Alexandre Oukidja,Matchweek 21,Home,W 2–0,Metz,Nantes,Y,GK,90.0,0.0,0.0,0.0,,1.0,0.0,0.0,0.0,0.0,0.0,9.0,20.0,45.0,18.0,4.0,50.0,46.2,12.0,91.7,61.3,10.0,0.0,0.0,0.0,11.5
2021-01-31,Alexandre Oukidja,Matchweek 22,Away,W 4–2,Metz,Brest,Y,GK,90.0,5.0,2.0,3.0,0.6,0.0,1.8,0.0,0.0,0.0,0.0,8.0,14.0,57.1,13.0,3.0,46.2,43.5,9.0,88.9,58.3,11.0,0.0,0.0,0.0,12.6
2021-02-03,Alexandre Oukidja,Matchweek 23,Home,D 1–1,Metz,Montpellier,Y,GK,90.0,3.0,1.0,2.0,0.667,0.0,0.9,0.0,0.0,0.0,0.0,1.0,5.0,20.0,11.0,2.0,36.4,38.5,5.0,20.0,30.6,10.0,0.0,0.0,0.0,17.0
2021-02-07,Alexandre Oukidja,Matchweek 24,Away,L 0–1,Metz,Saint-Étienne,Y,GK,90.0,3.0,1.0,2.0,0.667,0.0,0.9,0.0,0.0,0.0,0.0,6.0,12.0,50.0,19.0,5.0,42.1,37.7,6.0,66.7,45.5,3.0,1.0,33.3,2.0,19.2
2020-10-04,Saturnin Allagbé,Matchweek 6,Away,L 0–3,Dijon,Bordeaux,Y,GK,90,7,3,4,.571,0,1.7,0,0,0,0,4,11,36.4,29,7,27.6,29.3,10,30.0,28.5,10,0,0.0,2,16.4
2020-10-16,Saturnin Allagbé,Matchweek 7,Home,D 1–1,Dijon,Rennes,Y,GK,90,3,1,2,.667,0,1.5,0,0,0,0,2,16,12.5,22,5,50.0,41.6,6,83.3,54.0,10,0,0.0,3,19.5
2020-10-24,Saturnin Allagbé,Matchweek 8,Away,L 0–4,Dijon,Paris S-G,Y,GK,90,9,4,5,.556,0,2.9,0,0,0,0,7,11,63.6,27,5,40.7,32.6,7,0.0,18.1,7,0,0.0,0,12.5
2020-11-01,Saturnin Allagbé,Matchweek 9,Home,D 0–0,Dijon,Lorient,Y,GK,90,1,0,1,1.000,1,0.0,1,0,0,1,7,15,46.7,25,3,48.0,38.8,4,75.0,51.5,8,0,0.0,0,15.1
2020-08-23,Gautier Larsonneur,Matchweek 1,Away,L 0–4,Brest,Nîmes,Y,GK,90,5,4,1,.200,0,2.7,0,0,0,0,7,11,63.6,20,1,40.0,36.7,8,37.5,28.4,7,0,0.0,1,19.0
2020-08-30,Gautier Larsonneur,Matchweek 2,Home,L 2–3,Brest,Marseille,Y,GK,90,4,3,1,.250,0,1.4,0,0,0,0,2,9,22.2,34,7,26.5,29.8,4,0.0,20.0,4,1,25.0,1,15.0
2020-09-13,Gautier Larsonneur,Matchweek 3,Away,W 2–0,Brest,Dijon,Y,GK,90,3,0,3,1.000,1,0.1,0,0,0,0,3,8,37.5,22,3,31.8,34.7,6,16.7,36.3,8,0,0.0,0,14.0
2020-09-20,Gautier Larsonneur,Matchweek 4,Home,W 3–2,Brest,Lorient,Y,GK,90,4,2,3,.500,0,0.9,0,0,0,0,9,14,64.3,31,6,41.9,37.9,6,16.7,26.2,7,0,0.0,0,13.8
2020-09-27,Gautier Larsonneur,Matchweek 5,Away,L 2–3,Brest,Angers,Y,GK,90,4,3,1,.250,0,1.3,0,0,0,0,7,18,38.9,31,3,48.4,41.2,5,60.0,52.0,10,1,10.0,0,15.8
2020-10-04,Gautier Larsonneur,Matchweek 6,Home,W 1–0,Brest,Monaco,Y,GK,90,2,0,2,1.000,1,0.1,0,0,0,0,11,25,44.0,25,6,68.0,46.8,13,61.5,47.1,16,1,6.3,0,14.0
2020-10-18,Gautier Larsonneur,Matchweek 7,Away,L 1–3,Brest,Nantes,Y,GK,90,6,3,3,.500,0,2.9,0,0,0,0,6,15,40.0,34,5,38.2,36.3,4,50.0,43.8,5,1,20.0,0,13.8
2020-10-25,Gautier Larsonneur,Matchweek 8,Home,L 0–3,Brest,Strasbourg,Y,GK,90,4,3,2,.500,0,1.1,1,1,0,0,3,4,75.0,26,6,15.4,27.0,4,0.0,23.5,5,2,40.0,1,14.2
2020-10-31,Gautier Larsonneur,Matchweek 9,Away,L 1–2,Brest,Rennes,Y,GK,90,8,2,5,.750,0,2.5,0,0,0,0,3,7,42.9,21,4,28.6,37.2,7,14.3,26.3,15,1,6.7,0,11.2
2020-11-08,Gautier Larsonneur,Matchweek 10,Home,W 3–2,Brest,Lille,Y,GK,90,6,2,5,.833,0,2.6,1,1,0,0,8,27,29.6,35,4,57.1,50.3,13,53.8,41.0,13,0,0.0,0,10.1
2020-11-21,Gautier Larsonneur,Matchweek 11,Home,W 4–1,Brest,Saint-Étienne,Y,GK,90,1,1,0,.000,0,0.9,0,0,0,0,16,27,59.3,32,5,59.4,48.0,11,72.7,52.9,20,4,20.0,0,7.5
2020-11-29,Gautier Larsonneur,Matchweek 12,Away,W 2–0,Brest,Metz,Y,GK,90,6,0,6,1.000,1,0.7,0,0,0,0,8,11,72.7,43,8,23.3,32.0,5,20.0,28.0,11,1,9.1,0,9.4
2020-12-06,Gautier Larsonneur,Matchweek 13,Away,L 0–1,Brest,Bordeaux,Y,GK,90,6,1,5,.833,0,1.0,0,0,0,0,7,11,63.6,37,6,27.0,33.0,9,11.1,23.9,8,1,12.5,0,10.6
2020-12-13,Gautier Larsonneur,Matchweek 14,Home,W 2–1,Brest,Reims,Y,GK,90,4,1,3,.750,0,0.3,0,0,0,0,14,25,56.0,40,5,45.0,40.3,11,63.6,44.9,10,0,0.0,0,14.0
2020-12-16,Gautier Larsonneur,Matchweek 15,Away,D 2–2,Brest,Lyon,Y,GK,90,10,2,8,.900,0,2.7,1,1,0,0,6,16,37.5,38,6,31.6,35.4,10,40.0,36.1,9,1,11.1,0,9.3
2020-12-20,Gautier Larsonneur,Matchweek 16,Home,D 2–2,Brest,Montpellier,Y,GK,90,4,2,2,.500,0,1.4,0,0,0,0,4,5,80.0,18,5,16.7,30.8,10,20.0,23.4,15,0,0.0,1,14.8
2020-12-23,Gautier Larsonneur,Matchweek 17,Away,L 1–2,Brest,Lens,Y,GK,90,3,2,1,.667,0,1.7,1,1,0,0,4,6,66.7,18,3,27.8,27.2,8,12.5,32.0,4,0,0.0,1,15.4
2021-01-06,Gautier Larsonneur,Matchweek 18,Home,W 2–0,Brest,Nice,Y,GK,90,7,0,7,1.000,1,2.5,0,0,0,0,9,24,37.5,34,7,52.9,40.9,11,54.5,41.7,19,2,10.5,0,8.8
2021-01-09,Gautier Larsonneur,Matchweek 19,Away,L 0–3,Brest,Paris S-G,Y,GK,90,11,3,8,.727,0,3.7,0,0,0,0,3,6,50.0,29,7,20.7,29.3,6,0.0,19.3,7,2,28.6,1,14.5
2021-01-17,Gautier Larsonneur,Matchweek 20,Home,L 1–2,Brest,Rennes,Y,GK,90,3,2,2,.667,0,1.9,1,1,0,0,3,10,30.0,24,3,37.5,34.9,5,20.0,37.2,6,1,16.7,0,13.8
2021-01-24,Gautier Larsonneur,Matchweek 21,Away,L 0–1,Brest,Reims,Y,GK,90,2,1,1,.500,0,0.3,0,0,0,0,5,11,45.5,31,6,32.3,33.9,7,14.3,30.9,4,0,0.0,0,10.9
2021-01-31,Gautier Larsonneur,Matchweek 22,Home,L 2–4,Brest,Metz,Y,GK,90,5,4,2,.400,0,2.2,1,1,0,0,3,7,42.9,30,6,23.3,32.6,13,0.0,23.1,9,0,0.0,1,14.4
2021-02-03,Gautier Larsonneur,Matchweek 23,Away,D 2–2,Brest,Strasbourg,Y,GK,90,4,2,2,.500,0,0.9,0,0,0,0,3,4,75.0,16,4,18.8,26.6,5,20.0,42.0,7,0,0.0,1,18.8
2020-08-23,Baptiste Reynet,Matchweek 1,Home,W 4–0,Nîmes,Brest,Y,GK,90,3,0,3,1.0,1,0.2,0,0,0,0,10,27,37.0,35,4,60.0,51.6,7,85.7,61.7,5,0,0.0,0,13.3
2020-08-30,Baptiste Reynet,Matchweek 2,Away,L 1–2,Nîmes,Nantes,Y,GK,90,4,2,3,0.75,0,2.5,1,1,0,0,5,12,41.7,45,4,22.2,28.3,2,100.0,66.0,5,1,20.0,6,33.4
2020-09-13,Baptiste Reynet,Matchweek 3,Home,L 2–4,Nîmes,Rennes,Y,GK,90,6,4,2,0.33299999999999996,0,2.3,0,0,0,0,10,17,58.8,34,4,41.2,37.3,4,75.0,45.3,7,0,0.0,1,13.9
2020-09-18,Baptiste Reynet,Matchweek 4,Away,D 0–0,Nîmes,Lyon,Y,GK,90,3,0,3,1.0,1,0.8,0,0,0,0,11,33,33.3,26,0,88.5,58.6,12,83.3,56.0,20,3,15.0,0,6.8
2020-09-27,Baptiste Reynet,Matchweek 5,Home,D 1–1,Nîmes,Lens,Y,GK,90,5,1,4,0.8,0,1.1,0,0,0,0,8,26,30.8,30,1,70.0,50.0,5,100.0,61.0,12,0,0.0,1,9.2
2020-10-04,Baptiste Reynet,Matchweek 6,Away,W 1–0,Nîmes,Montpellier,Y,GK,90,2,0,2,1.0,1,0.1,0,0,0,0,10,21,47.6,20,2,55.0,42.0,10,100.0,74.5,10,1,10.0,0,9.5
2020-10-16,Baptiste Reynet,Matchweek 7,Home,L 0–4,Nîmes,Paris S-G,Y,GK,90,11,4,7,0.636,0,3.0,0,0,0,0,15,34,44.1,21,1,85.7,54.5,17,94.1,58.1,20,0,0.0,1,15.6
2020-10-25,Baptiste Reynet,Matchweek 8,Away,L 0–2,Nîmes,Bordeaux,Y,GK,90,5,2,3,0.8,0,1.2,1,1,0,0,6,12,50.0,38,2,21.1,32.5,9,44.4,35.7,11,0,0.0,1,14.6
2020-11-01,Baptiste Reynet,Matchweek 9,Home,L 0–1,Nîmes,Metz,Y,GK,90,5,1,4,0.8,0,1.2,0,0,0,0,2,8,25.0,34,7,23.5,32.6,3,0.0,22.0,3,1,33.3,2,15.9
2020-11-08,Baptiste Reynet,Matchweek 10,Home,L 1–5,Nîmes,Angers,Y,GK,90,7,5,3,0.429,0,3.6,1,1,0,0,5,8,62.5,26,4,26.9,32.1,4,25.0,33.0,1,0,0.0,0,13.5
2020-11-22,Baptiste Reynet,Matchweek 11,Away,W 1–0,Nîmes,Reims,Y,GK,90,6,0,6,1.0,1,1.1,0,0,0,0,10,29,34.5,26,0,88.5,58.1,6,100.0,60.7,15,1,6.7,0,8.7
2020-11-29,Baptiste Reynet,Matchweek 12,Away,L 0–3,Nîmes,Monaco,Y,GK,90,5,3,2,0.4,0,3.4,0,0,0,0,6,34,17.6,31,4,74.2,52.7,16,68.8,56.8,12,0,0.0,1,14.1
2020-12-04,Baptiste Reynet,Matchweek 13,Home,L 0–2,Nîmes,Marseille,Y,GK,90,5,2,3,0.6,0,2.1,0,0,0,0,9,30,30.0,38,2,63.2,45.7,6,100.0,62.3,9,1,11.1,0,16.0
2020-12-13,Baptiste Reynet,Matchweek 14,Away,L 0–3,Nîmes,Lorient,Y,GK,90,4,3,2,0.5,0,2.5,1,1,0,0,10,24,41.7,46,9,45.7,39.4,6,50.0,39.5,5,0,0.0,2,18.5
2020-12-16,Baptiste Reynet,Matchweek 15,Home,L 0–2,Nîmes,Nice,Y,GK,90,6,2,4,0.667,0,1.7,0,0,0,0,4,18,22.2,22,2,54.5,41.8,11,54.5,49.2,5,0,0.0,0,14.4
2020-12-20,Baptiste Reynet,Matchweek 16,Away,D 2–2,Nîmes,Saint-Étienne,Y,GK,90,8,2,6,0.75,0,1.4,1,0,1,0,15,28,53.6,39,5,53.8,43.9,9,77.8,57.1,13,0,0.0,0,13.7
2020-12-23,Baptiste Reynet,Matchweek 17,Home,L 1–3,Nîmes,Dijon,Y,GK,90,4,3,1,0.25,0,1.4,0,0,0,0,5,15,33.3,34,1,29.4,36.0,8,62.5,45.5,12,1,8.3,1,20.3
2021-01-06,Baptiste Reynet,Matchweek 18,Away,L 0–5,Nîmes,Strasbourg,Y,GK,90,9,5,6,0.667,0,5.2,3,2,1,0,5,7,71.4,21,9,23.8,31.7,4,50.0,35.5,13,1,7.7,0,13.2
2021-01-09,Baptiste Reynet,Matchweek 19,Home,L 0–1,Nîmes,Lille,Y,GK,90,2,1,1,0.5,0,0.8,0,0,0,0,5,17,29.4,38,7,28.9,33.9,11,54.5,46.2,4,0,0.0,1,17.6
2021-01-16,Baptiste Reynet,Matchweek 20,Away,W 2–1,Nîmes,Marseille,Y,GK,90,6,1,5,0.833,0,1.4,1,0,0,1,7,24,29.2,41,8,53.7,42.0,5,40.0,40.2,14,1,7.1,0,6.0
2021-01-31,Baptiste Reynet,Matchweek 22,Away,L 1–3,Nîmes,Angers,Y,GK,90,5,3,2,0.4,0,2.0,0,0,0,0,3,5,60.0,42,5,9.5,26.3,6,16.7,22.8,7,0,0.0,0,11.6
2021-02-03,Baptiste Reynet,Matchweek 23,Away,L 0–3,Nîmes,Paris S-G,Y,GK,90,6,3,3,0.5,0,2.8,0,0,0,0,6,22,27.3,35,3,48.6,43.1,8,62.5,45.9,7,1,14.3,0,7.8
2021-02-07,Baptiste Reynet,Matchweek 24,Home,L 3–4,Nîmes,Monaco,Y,GK,90,5,4,1,0.2,0,2.2,0,0,0,0,4,13,30.8,47,2,19.1,29.2,5,80.0,50.4,5,0,0.0,0,11.7
2020-11-08,Vito Mannone,Matchweek 10,Away,W 2–1,Monaco,Nice,Y,GK,90,4,1,3,.750,0,1.0,0,0,0,0,4,23,17.4,33,2,57.6,42.0,6,66.7,54.0,9,0,0.0,0,16.0
2020-11-20,Vito Mannone,Matchweek 11,Home,W 3–2,Monaco,Paris S-G,Y,GK,90,3,2,2,.667,0,2.1,1,1,0,0,5,9,55.6,23,4,26.1,33.8,5,60.0,41.6,7,0,0.0,0,12.8
2020-11-29,Vito Mannone,Matchweek 12,Home,W 3–0,Monaco,Nîmes,Y,GK,90,2,0,2,1.000,1,0.7,0,0,0,0,3,9,33.3,28,7,25.0,30.0,5,40.0,40.8,6,0,0.0,2,22.8
2020-12-06,Vito Mannone,Matchweek 13,Away,L 1–2,Monaco,Lille,Y,GK,90,4,2,2,.500,0,1.6,0,0,0,0,7,11,63.6,33,3,24.2,28.5,4,75.0,59.5,1,0,0.0,3,35.5
2020-12-12,Vito Mannone,Matchweek 14,Away,L 1–2,Monaco,Marseille,Y,GK,90,2,2,0,.000,0,1.6,0,0,0,0,5,10,50.0,22,2,40.9,33.8,4,25.0,20.8,5,0,0.0,0,18.5
2020-12-16,Vito Mannone,Matchweek 15,Home,L 0–3,Monaco,Lens,Y,GK,90,4,3,1,.250,0,1.5,0,0,0,0,9,19,47.4,24,3,58.3,42.0,5,100.0,68.0,6,2,33.3,1,21.0
2020-12-20,Vito Mannone,Matchweek 16,Away,W 1–0,Monaco,Dijon,Y,GK,90,1,0,1,1.000,1,0.0,0,0,0,0,13,29,44.8,21,1,66.7,45.5,15,100.0,67.9,10,0,0.0,0,14.7
2020-12-23,Vito Mannone,Matchweek 17,Home,D 2–2,Monaco,Saint-Étienne,Y,GK,90,5,2,4,.800,0,2.0,1,1,0,0,7,24,29.2,21,2,61.9,47.3,12,91.7,61.4,16,1,6.3,0,11.0
2021-01-06,Vito Mannone,Matchweek 18,Away,W 5–2,Monaco,Lorient,Y,GK,90,5,2,3,.600,0,1.4,0,0,0,0,2,4,50.0,21,2,14.3,27.2,5,20.0,28.0,3,0,0.0,0,11.0
2020-09-15,Jonas Omlin,Matchweek 1,Home,W 2–1,Montpellier,Lyon,Y,GK,90.0,6.0,1.0,6.0,1.0,0.0,1.4,1.0,1.0,0.0,0.0,3.0,12.0,25.0,22.0,4.0,36.4,42.6,6.0,66.7,55.3,7.0,1.0,14.3,0.0,14.0
2020-08-29,Jonas Omlin,Matchweek 2,Away,L 1–2,Montpellier,Rennes,Y,GK,90.0,7.0,2.0,5.0,0.7140000000000001,0.0,2.4,0.0,0.0,0.0,0.0,10.0,23.0,43.5,27.0,6.0,63.0,45.9,7.0,85.7,58.0,5.0,1.0,20.0,2.0,16.1
2020-09-12,Jonas Omlin,Matchweek 3,Home,W 3–1,Montpellier,Nice,Y,GK,90.0,1.0,1.0,0.0,0.0,0.0,0.1,0.0,0.0,0.0,0.0,10.0,22.0,45.5,26.0,4.0,69.2,50.7,5.0,80.0,58.4,12.0,2.0,16.7,0.0,9.8
2020-09-20,Jonas Omlin,Matchweek 4,Home,W 4–1,Montpellier,Angers,Y,GK,90.0,3.0,1.0,2.0,0.667,0.0,0.7,0.0,0.0,0.0,0.0,7.0,9.0,77.8,16.0,6.0,18.8,30.8,6.0,100.0,61.3,7.0,2.0,28.6,0.0,8.7
2020-09-27,Jonas Omlin,Matchweek 5,Away,D 2–2,Montpellier,Dijon,Y,GK,90.0,6.0,2.0,3.0,0.667,0.0,1.7,0.0,0.0,0.0,0.0,1.0,3.0,33.3,12.0,3.0,25.0,31.8,3.0,0.0,18.3,7.0,0.0,0.0,0.0,15.5
2020-10-04,Jonas Omlin,Matchweek 6,Home,L 0–1,Montpellier,Nîmes,Y,GK,90.0,1.0,1.0,0.0,0.0,0.0,0.7,0.0,0.0,0.0,0.0,7.0,12.0,58.3,31.0,8.0,38.7,32.0,5.0,0.0,25.6,7.0,1.0,14.3,0.0,16.1
2020-10-18,Jonas Omlin,Matchweek 7,Away,D 1–1,Montpellier,Monaco,Y,GK,90.0,7.0,1.0,7.0,1.0,0.0,2.7,1.0,1.0,0.0,0.0,15.0,37.0,40.5,31.0,6.0,64.5,48.0,18.0,94.4,62.8,21.0,1.0,4.8,1.0,11.9
2020-10-25,Jonas Omlin,Matchweek 8,Home,L 0–4,Montpellier,Reims,Y,GK,45.0,3.0,3.0,1.0,0.33299999999999996,0.0,2.5,1.0,1.0,0.0,0.0,2.0,5.0,40.0,10.0,2.0,20.0,32.3,5.0,60.0,48.8,10.0,0.0,0.0,0.0,15.5
2020-11-22,Jonas Omlin,Matchweek 11,Home,W 4–3,Montpellier,Strasbourg,Y,GK,90.0,3.0,3.0,2.0,0.667,0.0,3.6,2.0,2.0,0.0,0.0,8.0,13.0,61.5,23.0,6.0,34.8,32.2,5.0,100.0,60.6,5.0,1.0,20.0,0.0,10.0
2020-11-29,Jonas Omlin,Matchweek 12,Away,W 1–0,Montpellier,Lorient,Y,GK,90.0,2.0,0.0,2.0,1.0,1.0,0.3,0.0,0.0,0.0,0.0,10.0,22.0,45.5,31.0,1.0,61.3,42.1,10.0,30.0,37.3,5.0,0.0,0.0,1.0,11.3
2020-12-05,Jonas Omlin,Matchweek 13,Home,L 1–3,Montpellier,Paris S-G,Y,GK,90.0,6.0,3.0,3.0,0.5,0.0,2.7,0.0,0.0,0.0,0.0,7.0,27.0,25.9,25.0,3.0,72.0,48.8,9.0,100.0,65.3,7.0,1.0,14.3,0.0,15.5
2020-12-12,Jonas Omlin,Matchweek 14,Away,W 3–2,Montpellier,Lens,Y,GK,90.0,3.0,2.0,3.0,0.667,0.0,1.6,1.0,1.0,0.0,0.0,7.0,27.0,25.9,30.0,6.0,63.3,48.3,11.0,72.7,52.1,16.0,3.0,18.8,0.0,7.5
2020-12-16,Jonas Omlin,Matchweek 15,Home,L 0–2,Montpellier,Metz,Y,GK,90.0,5.0,2.0,4.0,0.8,0.0,2.9,1.0,1.0,0.0,0.0,5.0,6.0,83.3,22.0,7.0,27.3,30.6,5.0,0.0,22.8,5.0,0.0,0.0,1.0,13.9
2020-12-20,Jonas Omlin,Matchweek 16,Away,D 2–2,Montpellier,Brest,Y,GK,90.0,7.0,2.0,5.0,0.7140000000000001,0.0,2.7,0.0,0.0,0.0,0.0,7.0,9.0,77.8,23.0,10.0,26.1,32.8,8.0,37.5,40.9,14.0,0.0,0.0,0.0,13.8
2020-12-23,Jonas Omlin,Matchweek 17,Home,L 2–3,Montpellier,Lille,Y,GK,90.0,5.0,3.0,3.0,0.6,0.0,2.5,1.0,1.0,0.0,0.0,2.0,13.0,15.4,27.0,5.0,37.0,33.8,4.0,75.0,54.0,4.0,0.0,0.0,1.0,14.1
2021-01-06,Jonas Omlin,Matchweek 18,Away,L 1–3,Montpellier,Marseille,Y,GK,90.0,7.0,3.0,4.0,0.5710000000000001,0.0,2.2,0.0,0.0,0.0,0.0,4.0,11.0,36.4,25.0,7.0,28.0,31.4,10.0,40.0,42.3,10.0,0.0,0.0,0.0,7.0
2021-01-09,Jonas Omlin,Matchweek 19,Home,D 1–1,Montpellier,Nantes,Y,GK,90.0,4.0,1.0,3.0,0.75,0.0,1.1,0.0,0.0,0.0,0.0,8.0,15.0,53.3,20.0,6.0,30.0,32.3,10.0,90.0,64.6,7.0,0.0,0.0,0.0,11.6
2021-01-15,Jonas Omlin,Matchweek 20,Home,L 2–3,Montpellier,Monaco,Y,GK,90.0,3.0,3.0,1.0,0.33299999999999996,0.0,1.6,1.0,1.0,0.0,0.0,10.0,17.0,58.8,35.0,7.0,40.0,36.1,8.0,37.5,39.6,4.0,1.0,25.0,1.0,17.2
2021-01-22,Jonas Omlin,Matchweek 21,Away,L 0–4,Montpellier,Paris S-G,Y,"LM,FW,GK",18.0,0.0,0.0,0.0,,0.0,0.0,0.0,0.0,0.0,0.0,1.0,5.0,20.0,6.0,2.0,50.0,40.2,3.0,66.7,53.0,1.0,0.0,0.0,0.0,7.0
2021-02-07,Jonas Omlin,Matchweek 24,Home,W 4–2,Montpellier,Dijon,Y,GK,90.0,4.0,2.0,3.0,0.75,0.0,0.9,1.0,1.0,0.0,0.0,4.0,6.0,66.7,21.0,6.0,19.0,28.9,7.0,28.6,30.4,6.0,1.0,16.7,1.0,16.7
2020-09-10,Marcin Bułka,Matchweek 2,Away,L 0–1,Paris S-G,Lens,Y,GK,90,3,1,2,.667,0,1.3,0,0,0,0,2,5,40.0,28,9,17.9,25.5,2,0.0,21.5,7,0,0.0,2,13.1
2020-09-16,Keylor Navas,Matchweek 1,Home,W 1–0,Paris S-G,Metz,Y,GK,90,1,0,1,1.000,1,0.3,0,0,0,0,6,9,66.7,19,4,36.8,31.3,5,40.0,36.8,7,0,0.0,0,11.0
2020-09-20,Keylor Navas,Matchweek 4,Away,W 3–0,Paris S-G,Nice,Y,GK,90,5,0,5,1.000,1,1.5,0,0,0,0,3,6,50.0,23,6,21.7,25.0,10,10.0,24.8,11,3,27.3,0,6.0
2020-09-27,Keylor Navas,Matchweek 5,Away,W 2–0,Paris S-G,Reims,Y,GK,90,3,0,3,1.000,1,0.1,0,0,0,0,7,9,77.8,27,8,25.9,28.7,7,28.6,29.9,7,0,0.0,0,7.8
2020-10-02,Keylor Navas,Matchweek 6,Home,W 6–1,Paris S-G,Angers,Y,GK,90,2,1,1,.500,0,0.8,0,0,0,0,1,1,100.0,16,0,6.3,25.6,5,0.0,23.0,8,0,0.0,1,13.8
2020-10-16,Keylor Navas,Matchweek 7,Away,W 4–0,Paris S-G,Nîmes,Y,GK,90,2,0,2,1.000,1,0.0,0,0,0,0,3,3,100.0,10,4,20.0,29.9,3,33.3,32.0,5,1,20.0,0,10.0
2020-10-31,Keylor Navas,Matchweek 9,Away,W 3–0,Paris S-G,Nantes,Y*,GK,90,0,0,0,,1,0.9,1,0,1,0,2,5,40.0,23,3,17.4,29.3,6,16.7,28.8,3,0,0.0,0,10.4
2020-11-07,Keylor Navas,Matchweek 10,Home,W 3–0,Paris S-G,Rennes,Y,GK,90,3,0,3,1.000,1,0.4,0,0,0,0,6,15,40.0,19,0,47.4,38.1,11,54.5,36.8,19,0,0.0,0,11.0
2020-11-20,Keylor Navas,Matchweek 11,Away,L 2–3,Paris S-G,Monaco,Y,GK,90,4,3,2,.500,0,3.0,1,1,0,0,5,9,55.6,13,4,38.5,35.5,13,30.8,30.9,9,0,0.0,2,16.3
2020-12-05,Keylor Navas,Matchweek 13,Away,W 3–1,Paris S-G,Montpellier,Y*,GK,90,2,1,1,.500,0,1.2,0,0,0,0,5,8,62.5,17,4,35.3,34.9,8,25.0,30.9,7,0,0.0,0,12.3
2020-12-13,Keylor Navas,Matchweek 14,Home,L 0–1,Paris S-G,Lyon,Y,GK,90,5,1,4,.800,0,0.5,0,0,0,0,4,6,66.7,29,8,20.7,28.2,5,0.0,20.4,8,0,0.0,0,14.5
2020-12-20,Keylor Navas,Matchweek 16,Away,D 0–0,Paris S-G,Lille,Y,GK,90,2,0,2,1.000,1,0.1,0,0,0,0,9,12,75.0,34,7,35.3,33.8,1,0.0,14.0,2,0,0.0,0,13.4
2020-12-23,Keylor Navas,Matchweek 17,Home,W 4–0,Paris S-G,Strasbourg,Y,GK,90,2,0,2,1.000,1,0.1,0,0,0,0,0,0,,11,0,0.0,28.0,4,0.0,17.8,8,0,0.0,1,15.0
2021-01-06,Keylor Navas,Matchweek 18,Away,D 1–1,Paris S-G,Saint-Étienne,Y,GK,90,5,1,4,.800,0,1.3,0,0,0,0,0,2,0.0,10,2,20.0,32.9,6,0.0,19.3,11,0,0.0,0,9.5
2021-01-09,Keylor Navas,Matchweek 19,Home,W 3–0,Paris S-G,Brest,Y,GK,90,2,0,2,1.000,1,0.8,0,0,0,0,2,8,25.0,22,5,27.3,28.5,7,28.6,30.0,10,0,0.0,0,12.3
2021-01-16,Keylor Navas,Matchweek 20,Away,W 1–0,Paris S-G,Angers,Y,GK,90,4,0,4,1.000,1,1.0,0,0,0,0,0,3,0.0,18,4,11.1,24.2,7,14.3,25.0,8,0,0.0,0,15.0
2021-01-22,Keylor Navas,Matchweek 21,Home,W 4–0,Paris S-G,Montpellier,Y,GK,45,0,0,0,,1,0.0,0,0,0,0,1,2,50.0,4,2,25.0,21.3,2,50.0,41.5,1,0,0.0,0,9.7
2020-08-23,Jean-Louis Leca,Matchweek 1,Away,L 1–2,Lens,Nice,Y,GK,90,2,2,0,0.0,0,0.6,0,0,0,0,7,14,50.0,19,3,63.2,42.9,3,66.7,45.0,3,2,66.7,0,8.0
2020-09-10,Jean-Louis Leca,Matchweek 2,Home,W 1–0,Lens,Paris S-G,Y*,GK,90,1,0,1,1.0,1,0.7,0,0,0,0,14,26,53.8,22,4,86.4,57.2,7,100.0,70.4,8,1,12.5,0,11.2
2020-09-13,Jean-Louis Leca,Matchweek 3,Away,W 3–2,Lens,Lorient,Y,GK,90,2,2,1,0.5,0,1.8,1,1,0,0,7,19,36.8,22,3,77.3,54.3,4,50.0,46.8,9,3,33.3,3,20.0
2020-09-19,Jean-Louis Leca,Matchweek 4,Home,W 2–1,Lens,Bordeaux,Y,GK,90,3,1,2,0.667,0,0.7,0,0,0,0,9,25,36.0,30,3,70.0,52.4,7,57.1,51.4,5,0,0.0,0,15.0
2020-09-27,Jean-Louis Leca,Matchweek 5,Away,D 1–1,Lens,Nîmes,Y,GK,90,4,1,3,0.75,0,0.4,0,0,0,0,12,19,63.2,27,5,59.3,46.5,6,50.0,38.8,6,1,16.7,1,16.0
2020-10-03,Jean-Louis Leca,Matchweek 6,Home,W 2–0,Lens,Saint-Étienne,Y,GK,90,1,0,1,1.0,1,0.1,0,0,0,0,3,13,23.1,22,3,50.0,39.0,3,66.7,41.3,2,0,0.0,0,20.3
2020-10-18,Jean-Louis Leca,Matchweek 7,Away,L 0–4,Lens,Lille,Y,GK,90,6,4,2,0.33299999999999996,0,3.5,0,0,0,0,3,19,15.8,25,2,68.0,48.9,5,40.0,38.0,4,0,0.0,0,12.8
2020-11-25,Jean-Louis Leca,Matchweek 8,Home,D 1–1,Lens,Nantes,Y,GK,90,2,1,2,1.0,0,1.0,2,1,1,0,13,35,37.1,33,0,90.9,59.3,8,62.5,45.5,6,0,0.0,0,13.1
2021-01-20,Jean-Louis Leca,Matchweek 9,Away,W 1–0,Lens,Marseille,Y*,GK,90,1,0,1,1.0,1,0.0,0,0,0,0,4,14,28.6,29,3,41.4,36.0,5,40.0,34.4,10,1,10.0,1,15.4
2020-11-08,Jean-Louis Leca,Matchweek 10,Home,D 4–4,Lens,Reims,Y*,GK,90,6,4,3,0.33299999999999996,0,1.3,0,0,0,0,7,15,46.7,28,5,50.0,39.3,2,50.0,35.0,2,0,0.0,1,21.3
2020-11-22,Jean-Louis Leca,Matchweek 11,Away,W 1–0,Lens,Dijon,Y,GK,90,3,0,3,1.0,1,0.9,0,0,0,0,12,23,52.2,23,2,91.3,56.9,4,50.0,42.0,8,0,0.0,0,12.2
2020-11-29,Jean-Louis Leca,Matchweek 12,Home,L 1–3,Lens,Angers,Y*,GK,90,7,3,4,0.5710000000000001,0,1.7,0,0,0,0,1,2,50.0,17,8,11.8,24.4,7,0.0,15.4,6,0,0.0,0,14.7
2020-12-05,Jean-Louis Leca,Matchweek 13,Away,W 2–0,Lens,Rennes,Y,GK,90,4,0,4,1.0,1,0.9,0,0,0,0,10,29,34.5,26,2,88.5,52.8,7,85.7,58.7,11,0,0.0,0,10.3
2020-12-12,Jean-Louis Leca,Matchweek 14,Home,L 2–3,Lens,Montpellier,Y,GK,90,8,3,5,0.625,0,1.8,0,0,0,0,3,3,100.0,19,4,15.8,20.9,4,0.0,21.8,10,1,10.0,1,21.0
2020-12-16,Jean-Louis Leca,Matchweek 15,Away,W 3–0,Lens,Monaco,Y*,GK,90,1,0,1,1.0,1,0.4,0,0,0,0,2,7,28.6,23,3,21.7,31.8,5,40.0,41.6,7,0,0.0,0,10.1
2020-12-19,Jean-Louis Leca,Matchweek 16,Away,L 0–2,Lens,Metz,Y,GK,90,4,2,2,0.5,0,1.3,0,0,0,0,3,4,75.0,20,6,10.0,23.4,7,28.6,34.7,5,1,20.0,0,13.8
2020-12-23,Jean-Louis Leca,Matchweek 17,Home,W 2–1,Lens,Brest,Y,GK,84,2,0,2,1.0,0,0.1,0,0,0,0,12,23,52.2,18,2,83.3,53.6,9,88.9,64.4,8,0,0.0,0,10.3
2021-01-06,Jean-Louis Leca,Matchweek 18,Away,L 2–3,Lens,Lyon,Y*,GK,90,5,3,4,0.6,0,2.2,1,1,0,0,7,18,38.9,24,5,58.3,43.1,9,44.4,32.8,8,0,0.0,1,11.2
2021-01-09,Jean-Louis Leca,Matchweek 19,Home,L 0–1,Lens,Strasbourg,Y,GK,90,4,1,3,0.75,0,2.6,0,0,0,0,3,6,50.0,17,6,23.5,27.7,4,50.0,34.3,4,0,0.0,1,15.7
2021-01-17,Jean-Louis Leca,Matchweek 20,Away,D 1–1,Lens,Nantes,Y,GK,90,1,1,1,1.0,0,0.9,1,1,0,0,6,12,50.0,26,4,30.8,32.8,6,66.7,52.7,8,0,0.0,1,17.1
2021-01-23,Jean-Louis Leca,Matchweek 21,Home,L 0–1,Lens,Nice,Y,GK,90,2,1,1,0.5,0,0.4,0,0,0,0,3,6,50.0,18,4,33.3,36.1,11,0.0,18.3,7,0,0.0,2,21.3
2021-01-30,Jean-Louis Leca,Matchweek 22,Away,W 2–1,Lens,Montpellier,Y*,GK,90,7,1,6,0.857,0,2.0,0,0,0,0,9,31,29.0,25,0,84.0,60.4,10,100.0,69.5,16,1,6.3,2,24.0
2021-02-03,Jean-Louis Leca,Matchweek 23,Home,D 2–2,Lens,Marseille,Y*,GK,90,4,2,2,0.5,0,1.9,0,0,0,0,3,11,27.3,26,5,30.8,33.1,8,37.5,32.5,5,1,20.0,1,13.8
2021-02-06,Jean-Louis Leca,Matchweek 24,Home,D 0–0,Lens,Rennes,Y,GK,90,1,0,1,1.0,1,0.0,0,0,0,0,3,11,27.3,23,4,39.1,31.9,13,15.4,16.5,6,0,0.0,0,14.0
2020-10-04,Yehvann Diouf,Matchweek 6,Away,D 2–2,Reims,Rennes,N,GK,45,1,0,1,1.000,0,0.0,0,0,0,0,3,11,27.3,9,1,66.7,44.2,7,71.4,55.6,8,0,0.0,0,6.0
2020-11-22,Yehvann Diouf,Matchweek 11,Home,L 0–1,Reims,Nîmes,Y,GK,90,4,1,4,1.000,0,1.0,1,1,0,0,2,5,40.0,31,12,16.1,28.7,5,0.0,15.8,3,0,0.0,1,16.1
2020-09-15,Anthony Lopes,Matchweek 1,Away,L 1–2,Lyon,Montpellier,Y,GK,90,2,2,1,0.5,0,1.5,1,1,0,0,5,9,55.6,14,3,21.4,27.1,9,66.7,45.4,6,0,0.0,0,13.3
2020-08-28,Anthony Lopes,Matchweek 2,Home,W 4–1,Lyon,Dijon,Y,GK,90,2,1,1,0.5,0,0.5,0,0,0,0,5,5,100.0,25,4,20.0,25.8,3,0.0,19.0,3,1,33.3,1,26.3
2020-09-11,Anthony Lopes,Matchweek 3,Away,D 0–0,Lyon,Bordeaux,Y,GK,90,0,0,0,,1,0.0,0,0,0,0,3,8,37.5,20,3,35.0,36.8,7,14.3,25.7,9,2,22.2,0,13.3
2020-09-18,Anthony Lopes,Matchweek 4,Home,D 0–0,Lyon,Nîmes,Y,GK,90,4,0,4,1.0,1,0.3,0,0,0,0,4,7,57.1,28,8,25.0,30.4,5,0.0,26.6,3,0,0.0,5,27.0
2020-09-27,Anthony Lopes,Matchweek 5,Away,D 1–1,Lyon,Lorient,Y,GK,90,2,1,1,0.5,0,0.8,0,0,0,0,3,3,100.0,20,3,15.0,23.2,4,0.0,27.0,4,0,0.0,5,25.1
2020-10-04,Anthony Lopes,Matchweek 6,Home,D 1–1,Lyon,Marseille,Y,GK,90,1,1,0,0.0,0,0.6,0,0,0,0,5,7,71.4,20,6,30.0,29.4,3,33.3,29.0,2,0,0.0,2,32.8
2020-10-18,Anthony Lopes,Matchweek 7,Away,W 3–2,Lyon,Strasbourg,Y,GK,90,8,2,6,0.75,0,2.7,0,0,0,0,10,20,50.0,18,4,66.7,44.2,9,88.9,58.3,21,1,4.8,0,12.3
2020-10-25,Anthony Lopes,Matchweek 8,Home,W 4–1,Lyon,Monaco,Y,GK,90,4,1,4,1.0,0,1.4,1,1,0,0,9,20,45.0,31,7,51.6,47.9,7,57.1,41.7,12,1,8.3,0,16.0
2020-11-01,Anthony Lopes,Matchweek 9,Away,D 1–1,Lyon,Lille,Y,GK,90,6,1,5,0.833,0,1.1,0,0,0,0,7,22,31.8,31,6,45.2,38.7,9,88.9,57.7,12,0,0.0,1,12.5
2020-11-08,Anthony Lopes,Matchweek 10,Home,W 2–1,Lyon,Saint-Étienne,Y,GK,90,4,1,4,0.75,0,0.8,1,0,0,1,3,5,60.0,26,4,11.5,24.9,4,50.0,42.3,7,0,0.0,3,22.5
2020-11-22,Anthony Lopes,Matchweek 11,Away,W 1–0,Lyon,Angers,Y,GK,90,7,0,7,1.0,1,1.1,0,0,0,0,6,10,60.0,20,7,25.0,30.9,10,50.0,37.7,10,0,0.0,0,10.4
2020-11-29,Anthony Lopes,Matchweek 12,Home,W 3–0,Lyon,Reims,Y,GK,90,2,0,2,1.0,1,0.7,0,0,0,0,2,3,66.7,16,2,12.5,25.6,6,16.7,20.8,8,1,12.5,0,11.5
2020-12-06,Anthony Lopes,Matchweek 13,Away,W 3–1,Lyon,Metz,Y,GK,90,5,1,4,0.8,0,2.5,1,0,1,0,10,16,62.5,41,9,36.6,32.9,8,12.5,28.1,13,1,7.7,0,11.5
2020-12-13,Anthony Lopes,Matchweek 14,Away,W 1–0,Lyon,Paris S-G,Y,GK,90,1,0,1,1.0,1,0.0,0,0,0,0,7,15,46.7,18,1,55.6,44.8,8,62.5,43.4,14,0,0.0,0,10.8
2020-12-16,Anthony Lopes,Matchweek 15,Home,D 2–2,Lyon,Brest,Y,GK,90,1,2,1,0.0,0,1.1,2,1,1,0,5,6,83.3,19,3,21.1,27.7,3,66.7,41.7,7,0,0.0,0,27.0
2020-12-19,Anthony Lopes,Matchweek 16,Away,W 4–1,Lyon,Nice,Y,GK,90,1,1,0,0.0,0,0.4,0,0,0,0,10,13,76.9,22,5,59.1,39.3,3,0.0,20.7,10,1,10.0,0,13.1
2020-12-23,Anthony Lopes,Matchweek 17,Home,W 3–0,Lyon,Nantes,Y,GK,90,3,0,3,1.0,1,1.0,0,0,0,0,8,12,66.7,30,5,30.0,29.4,12,25.0,27.0,8,1,12.5,1,12.9
2021-01-06,Anthony Lopes,Matchweek 18,Home,W 3–2,Lyon,Lens,Y,GK,90,3,2,1,0.33299999999999996,0,1.3,0,0,0,0,11,16,68.8,27,1,44.4,36.1,7,57.1,46.3,6,0,0.0,2,13.0
2021-01-09,Anthony Lopes,Matchweek 19,Away,D 2–2,Lyon,Rennes,Y,GK,90,6,2,4,0.667,0,1.0,0,0,0,0,5,10,50.0,14,3,28.6,28.5,8,75.0,42.3,5,1,20.0,0,19.0
2021-01-17,Anthony Lopes,Matchweek 20,Home,L 0–1,Lyon,Metz,Y,GK,90,3,1,2,0.667,0,0.3,0,0,0,0,5,7,71.4,28,10,17.9,26.0,5,40.0,31.8,8,0,0.0,2,16.4
2021-01-24,Anthony Lopes,Matchweek 21,Away,W 5–0,Lyon,Saint-Étienne,Y,GK,90,0,0,0,,1,0.0,0,0,0,0,6,14,42.9,22,1,40.9,37.1,6,83.3,63.7,4,0,0.0,1,22.0
2021-01-29,Anthony Lopes,Matchweek 22,Home,W 2–1,Lyon,Bordeaux,Y,GK,90,2,1,1,0.5,0,0.9,0,0,0,0,4,15,26.7,33,4,36.4,33.2,7,42.9,38.4,4,0,0.0,0,6.8
2021-02-03,Anthony Lopes,Matchweek 23,Away,W 1–0,Lyon,Dijon,Y,GK,90,2,0,2,1.0,1,0.2,0,0,0,0,3,7,42.9,33,3,21.2,28.7,8,0.0,21.0,7,0,0.0,0,13.5
2021-02-06,Anthony Lopes,Matchweek 24,Home,W 3–0,Lyon,Strasbourg,Y,GK,90,1,0,1,1.0,1,0.0,0,0,0,0,0,2,0.0,18,3,11.1,28.9,6,0.0,22.8,4,1,25.0,0,18.5
2021-01-09,Matthieu Dreyer,Matchweek 19,Away,L 1–2,Lorient,Bordeaux,Y,GK,90,6,2,4,.667,0,1.6,0,0,0,0,6,15,40.0,13,3,53.8,40.7,9,88.9,48.1,9,0,0.0,0,4.0
2021-01-27,Matthieu Dreyer,Matchweek 20,Home,W 3–2,Lorient,Dijon,Y,GK,90,2,2,0,.000,0,1.0,0,0,0,0,2,10,20.0,14,4,35.7,35.9,9,55.6,38.3,2,1,50.0,0,17.2
2021-01-31,Matthieu Dreyer,Matchweek 22,Home,W 3–2,Lorient,Paris S-G,Y,GK,90,1,2,1,1.000,0,2.5,2,2,0,0,4,14,28.6,12,6,50.0,40.3,9,88.9,55.4,10,2,20.0,0,10.2
2021-02-03,Matthieu Dreyer,Matchweek 23,Away,D 1–1,Lorient,Rennes,Y,GK,90,6,1,5,.833,0,2.0,0,0,0,0,2,10,20.0,17,2,41.2,36.9,4,75.0,52.0,11,0,0.0,0,11.3
2021-02-06,Matthieu Dreyer,Matchweek 24,Home,W 1–0,Lorient,Reims,Y,GK,90,3,0,3,1.000,1,0.1,0,0,0,0,7,18,38.9,17,1,64.7,46.0,10,70.0,52.6,2,0,0.0,1,15.3
2020-08-22,Mike Maignan,Matchweek 1,Home,D 1–1,Lille,Rennes,Y,GK,90,3,1,2,0.667,0,0.9,0,0,0,0,4,20,20.0,25,6,48.0,43.2,9,88.9,72.6,7,1,14.3,0,12.8
2020-08-30,Mike Maignan,Matchweek 2,Away,W 1–0,Lille,Reims,Y,GK,90,0,0,0,,1,0.0,0,0,0,0,8,21,38.1,26,6,50.0,41.8,8,100.0,73.3,11,4,36.4,0,16.5
2020-09-13,Mike Maignan,Matchweek 3,Home,W 1–0,Lille,Metz,Y,GK,90,1,0,1,1.0,1,0.0,0,0,0,0,5,6,83.3,20,8,15.0,25.7,6,50.0,47.2,8,2,25.0,0,13.2
2020-09-20,Mike Maignan,Matchweek 4,Away,D 1–1,Lille,Marseille,Y,GK,90,2,1,1,0.5,0,1.0,0,0,0,0,8,21,38.1,21,3,61.9,52.8,10,80.0,64.3,13,0,0.0,0,18.0
2020-09-25,Mike Maignan,Matchweek 5,Home,W 2–0,Lille,Nantes,Y,GK,90,8,0,8,1.0,1,2.6,0,0,0,0,7,22,31.8,31,3,61.3,49.6,4,75.0,57.5,9,0,0.0,0,19.3
2020-10-04,Mike Maignan,Matchweek 6,Away,W 3–0,Lille,Strasbourg,Y,GK,90,2,0,2,1.0,1,1.4,0,0,0,0,3,13,23.1,16,5,31.3,37.9,13,61.5,54.5,10,0,0.0,1,10.9
2020-10-18,Mike Maignan,Matchweek 7,Home,W 4–0,Lille,Lens,Y,GK,90,2,0,2,1.0,1,0.4,0,0,0,0,2,10,20.0,23,4,30.4,37.0,5,60.0,46.6,5,0,0.0,0,16.2
2020-10-25,Mike Maignan,Matchweek 8,Away,D 1–1,Lille,Nice,Y,GK,90,3,1,2,0.667,0,1.6,0,0,0,0,3,11,27.3,25,6,32.0,32.9,5,60.0,49.8,5,1,20.0,1,17.8
2020-11-01,Mike Maignan,Matchweek 9,Home,D 1–1,Lille,Lyon,Y,GK,90,1,1,1,0.0,0,0.2,0,0,0,0,5,10,50.0,22,5,36.4,34.8,5,40.0,46.8,5,1,20.0,3,22.2
2020-11-08,Mike Maignan,Matchweek 10,Away,L 2–3,Lille,Brest,Y,GK,90,8,3,5,0.625,0,2.3,0,0,0,0,5,7,71.4,17,4,35.3,30.1,7,14.3,26.4,12,0,0.0,0,15.8
2020-11-22,Mike Maignan,Matchweek 11,Home,W 4–0,Lille,Lorient,Y,GK,90,2,0,2,1.0,1,0.1,0,0,0,0,3,10,30.0,36,6,25.0,32.9,1,100.0,57.0,2,0,0.0,5,27.2
2020-11-29,Mike Maignan,Matchweek 12,Away,D 1–1,Lille,Saint-Étienne,Y,GK,90,4,1,4,1.0,0,1.1,1,1,0,0,5,17,29.4,34,9,35.3,33.6,6,83.3,65.5,7,1,14.3,2,17.0
2020-12-06,Mike Maignan,Matchweek 13,Home,W 2–1,Lille,Monaco,Y,GK,90,3,1,2,0.667,0,0.5,0,0,0,0,9,20,45.0,30,9,50.0,40.8,6,83.3,67.2,14,1,7.1,0,13.5
2020-12-13,Mike Maignan,Matchweek 14,Home,W 2–1,Lille,Bordeaux,Y,GK,90,3,1,2,0.667,0,0.9,0,0,0,0,7,17,41.2,26,4,61.5,46.3,3,33.3,33.0,3,1,33.3,0,12.5
2020-12-16,Mike Maignan,Matchweek 15,Away,W 2–0,Lille,Dijon,Y,GK,90,1,0,1,1.0,1,0.2,0,0,0,0,2,10,20.0,11,2,27.3,34.0,7,100.0,76.0,4,0,0.0,0,15.0
2020-12-20,Mike Maignan,Matchweek 16,Home,D 0–0,Lille,Paris S-G,Y,GK,90,1,0,1,1.0,1,0.1,0,0,0,0,7,22,31.8,21,2,71.4,52.1,9,77.8,60.2,12,0,0.0,0,10.0
2020-12-23,Mike Maignan,Matchweek 17,Away,W 3–2,Lille,Montpellier,Y,GK,90,6,2,3,0.667,0,0.7,0,0,0,0,3,10,30.0,18,4,38.9,41.1,8,37.5,37.6,13,0,0.0,1,14.3
2021-01-06,Mike Maignan,Matchweek 18,Home,L 1–2,Lille,Angers,Y,GK,90,3,2,1,0.33299999999999996,0,0.7,0,0,0,0,4,6,66.7,16,7,31.3,30.4,4,25.0,35.3,4,0,0.0,2,14.7
2021-01-09,Mike Maignan,Matchweek 19,Away,W 1–0,Lille,Nîmes,Y,GK,90,0,0,0,,1,0.0,0,0,0,0,4,6,66.7,14,1,28.6,33.0,6,33.3,32.7,7,0,0.0,0,19.3
2021-01-17,Mike Maignan,Matchweek 20,Home,W 2–1,Lille,Reims,Y,GK,90,4,1,3,0.75,0,0.2,0,0,0,0,2,5,40.0,18,6,22.2,27.8,4,25.0,34.5,5,0,0.0,1,13.8
2021-01-24,Mike Maignan,Matchweek 21,Away,W 1–0,Lille,Rennes,Y,GK,90,2,0,2,1.0,1,0.4,0,0,0,0,7,21,33.3,21,4,66.7,49.4,8,87.5,67.8,7,0,0.0,0,9.1
2021-01-31,Mike Maignan,Matchweek 22,Home,W 1–0,Lille,Dijon,Y,GK,90,2,0,2,1.0,1,0.6,0,0,0,0,4,15,26.7,28,6,39.3,32.7,6,66.7,62.3,6,0,0.0,0,12.4
2021-02-03,Mike Maignan,Matchweek 23,Away,W 3–0,Lille,Bordeaux,Y,GK,90,4,0,4,1.0,1,0.7,0,0,0,0,4,10,40.0,20,7,25.0,31.3,6,83.3,59.5,3,1,33.3,1,13.7
2021-02-07,Mike Maignan,Matchweek 24,Away,W 2–0,Lille,Nantes,Y,GK,90,1,0,1,1.0,1,0.1,0,0,0,0,4,15,26.7,26,4,42.3,39.5,4,100.0,64.0,8,1,12.5,0,11.5
