Date,Name,League,Round,Venue,Result,Squad,Opponent,Start,Pos,Min,SoTA,Goals Against,Saves,Save Percentage,Clean Sheets,Penalty Kicks Attempted,Penalty Kicks Allowed,Penalty Kicks Saved,Penalty Kicks Missed,Post-Shot Expected Goals,Passes Completed (Passes longer than 40 yards),Passes Attempted (Passes longer than 40 yards),Pass Completion Percentage (Passes longer than 40 yards),Passes Attempted,Throws Attempted,Percentage of Passes that were Launched,"Average length of passes, in yards",Goal Kick Passes Attempted,Percentage of Goal Kicks that were Launched,Average length of goal kicks,Opponent's attempted crosses into penalty area,Number of crosses into penalty area successfully stopped,Percentage of crosses into penalty area successfully stopped,Number of defensive actions outside of penalty area,Average distance from goal to perform defensive actions
19/9/20,Jiří Pavlenka,Bundesliga,Matchweek 1,Home,L 1–4,Werder Bremen,Hertha BSC,Y,GK,90,6,4,2,33.3,0,2.1,0,0,0,0,6,10,60,16,7,31.3,33.4,8,62.5,47.8,6,0,0,0,11.2
26/9/20,Jiří Pavlenka,Bundesliga,Matchweek 2,Away,W 3–1,Werder Bremen,Schalke 04,Y,GK,90,4,1,3,75,0,0.4,0,0,0,0,5,16,31.3,19,4,63.2,50.5,4,100,64,10,0,0,0,9.8
3/10/20,Jiří Pavlenka,Bundesliga,Matchweek 3,Home,W 1–0,Werder Bremen,Arminia,Y,GK,90,4,0,4,100,1,1,0,0,0,0,12,25,48,29,5,65.5,50.1,6,100,70.3,7,0,0,1,13.2
17/10/20,Jiří Pavlenka,Bundesliga,Matchweek 4,Away,D 1–1,Werder Bremen,Freiburg,Y,GK,90,4,1,3,75,0,0.7,0,0,0,0,10,20,50,23,4,60.9,45,11,54.5,47,16,1,6.3,1,14.1
25/10/20,Jiří Pavlenka,Bundesliga,Matchweek 5,Home,D 1–1,Werder Bremen,Hoffenheim,Y,GK,90,4,1,3,75,0,0.9,0,0,0,0,5,13,38.5,26,6,23.1,31,9,77.8,53.1,15,1,6.7,1,13.8
31/10/20,Jiří Pavlenka,Bundesliga,Matchweek 6,Away,D 1–1,Werder Bremen,Eint Frankfurt,Y,GK,90,5,1,4,80,0,1.8,0,0,0,0,12,27,44.4,27,6,66.7,52,10,90,67.6,18,2,11.1,0,7.7
6/11/20,Jiří Pavlenka,Bundesliga,Matchweek 7,Home,D 1–1,Werder Bremen,Köln,Y,GK,90,1,1,1,0,0,0.1,0,0,0,0,1,2,50,19,2,10.5,22.8,1,0,22,9,0,0,0,15
21/11/20,Jiří Pavlenka,Bundesliga,Matchweek 8,Away,D 1–1,Werder Bremen,Bayern Munich,Y,GK,90,2,1,1,50,0,0.9,0,0,0,0,11,23,47.8,21,9,52.4,38,17,70.6,47,14,2,14.3,0,5.3
27/11/20,Jiří Pavlenka,Bundesliga,Matchweek 9,Away,L 3–5,Werder Bremen,Wolfsburg,Y,GK,90,6,5,1,16.7,0,2.1,0,0,0,0,5,13,38.5,27,9,40.7,37.2,6,33.3,31.3,10,0,0,1,12.7
6/12/20,Jiří Pavlenka,Bundesliga,Matchweek 10,Home,L 1–2,Werder Bremen,Stuttgart,Y,GK,90,5,2,4,80,0,2.1,1,1,0,0,8,13,61.5,28,3,42.9,37,6,16.7,17,6,0,0,1,28
12/12/20,Jiří Pavlenka,Bundesliga,Matchweek 11,Away,L 0–2,Werder Bremen,RB Leipzig,Y,GK,90,6,2,5,83.3,0,2.2,1,1,0,0,3,11,27.3,36,7,27.8,29.2,6,16.7,23.7,4,1,25,1,18.3
15/12/20,Jiří Pavlenka,Bundesliga,Matchweek 12,Home,L 1–2,Werder Bremen,Dortmund,Y,GK,90,8,2,6,75,0,2.7,1,0,1,0,10,21,47.6,40,3,50,37.6,6,16.7,29.7,6,0,0,1,28
19/12/20,Jiří Pavlenka,Bundesliga,Matchweek 13,Away,W 1–0,Werder Bremen,Mainz 05,Y,GK,90,1,0,1,100,1,0,0,0,0,0,5,9,55.6,29,3,24.1,28.4,9,22.2,30.9,12,1,8.3,0,15
2/1/21,Jiří Pavlenka,Bundesliga,Matchweek 14,Home,L 0–2,Werder Bremen,Union Berlin,Y,GK,90,2,2,0,0,0,1.6,0,0,0,0,5,8,62.5,22,6,18.2,26.1,8,50,38.4,5,2,40,0,13.4
9/1/21,Jiří Pavlenka,Bundesliga,Matchweek 15,Away,D 1–1,Werder Bremen,Leverkusen,Y,GK,90,3,1,2,66.7,0,1.2,0,0,0,0,14,25,56,20,2,80,52.9,12,75,47.4,18,0,0,2,17.4
16/1/21,Jiří Pavlenka,Bundesliga,Matchweek 16,Home,W 2–0,Werder Bremen,Augsburg,Y,GK,90,1,0,1,100,1,0.4,0,0,0,0,4,16,25,31,4,29,29.8,10,70,51.6,7,0,0,0,14.8
19/1/21,Jiří Pavlenka,Bundesliga,Matchweek 17,Away,L 0–1,Werder Bremen,M'Gladbach,Y,GK,90,6,1,5,83.3,0,0.6,0,0,0,0,3,13,23.1,30,5,36.7,34.4,4,50,48,9,0,0,2,23.3
23/1/21,Jiří Pavlenka,Bundesliga,Matchweek 18,Away,W 4–1,Werder Bremen,Hertha BSC,Y,GK,90,9,1,8,88.9,0,1.9,1,0,1,0,12,23,52.2,25,7,60,50.3,8,100,63.8,23,2,8.7,0,14.7
30/1/21,Jiří Pavlenka,Bundesliga,Matchweek 19,Home,D 1–1,Werder Bremen,Schalke 04,Y,GK,90,1,1,0,0,0,0.4,0,0,0,0,6,9,66.7,17,2,35.3,38.4,10,30,32.2,5,0,0,0,8.5
10/3/21,Jiří Pavlenka,Bundesliga,Matchweek 20,Away,W 2–0,Werder Bremen,Arminia,Y,GK,90,6,0,6,100,1,1.4,0,0,0,0,7,18,38.9,16,4,62.5,44.4,16,50,42.9,10,0,0,1,15.3
13/2/21,Jiří Pavlenka,Bundesliga,Matchweek 21,Home,D 0–0,Werder Bremen,Freiburg,Y,GK,90,2,0,2,100,1,0.9,0,0,0,0,7,12,58.3,38,7,26.3,29.9,7,28.6,33.4,12,1,8.3,1,18.9
21/2/21,Jiří Pavlenka,Bundesliga,Matchweek 22,Away,L 0–4,Werder Bremen,Hoffenheim,Y,GK,90,6,4,2,33.3,0,2,0,0,0,0,4,9,44.4,25,8,28,33.2,7,28.6,28.7,9,0,0,3,19.5
26/2/21,Jiří Pavlenka,Bundesliga,Matchweek 23,Home,W 2–1,Werder Bremen,Eint Frankfurt,Y,GK,90,4,1,3,75,0,1,0,0,0,0,9,19,47.4,24,2,58.3,42.4,10,50,40.5,18,0,0,1,9
7/3/21,Jiří Pavlenka,Bundesliga,Matchweek 24,Away,D 1–1,Werder Bremen,Köln,Y,GK,90,4,1,3,75,0,1.5,0,0,0,0,9,22,40.9,16,3,81.3,53.1,14,64.3,49,24,0,0,0,9.5
13/3/21,Jiří Pavlenka,Bundesliga,Matchweek 25,Home,L 1–3,Werder Bremen,Bayern Munich,Y,GK,90,5,3,2,40,0,1.8,0,0,0,0,11,21,52.4,33,7,51.5,39.3,12,33.3,34.1,17,0,0,0,9.6
20/3/21,Jiří Pavlenka,Bundesliga,Matchweek 26,Home,L 1–2,Werder Bremen,Wolfsburg,Y,GK,90,3,2,2,33.3,0,0.4,0,0,0,0,12,19,63.2,27,0,55.6,40.5,9,44.4,39.3,12,3,25,0,21
4/4/21,Jiří Pavlenka,Bundesliga,Matchweek 27,Away,L 0–1,Werder Bremen,Stuttgart,Y,GK,90,3,1,3,66.7,0,0.1,0,0,0,0,7,19,36.8,30,9,43.3,36.4,10,60,41.7,10,1,10,2,14.8
10/4/21,Jiří Pavlenka,Bundesliga,Matchweek 28,Home,L 1–4,Werder Bremen,RB Leipzig,Y,GK,90,4,4,0,0,0,1.9,0,0,0,0,6,12,50,27,3,40.7,38.4,5,20,27.2,3,0,0,1,18.2
18/4/21,Jiří Pavlenka,Bundesliga,Matchweek 29,Away,L 1–4,Werder Bremen,Dortmund,Y,GK,90,7,4,4,57.1,0,3,1,1,0,0,3,9,33.3,22,6,27.3,33.3,9,33.3,40.3,11,1,9.1,0,12.1
21/4/21,Jiří Pavlenka,Bundesliga,Matchweek 30,Home,L 0–1,Werder Bremen,Mainz 05,Y,GK,90,5,1,4,80,0,1.1,0,0,0,0,8,15,53.3,23,4,52.2,39.9,7,42.9,38.9,5,0,0,0,12.8
24/4/21,Jiří Pavlenka,Bundesliga,Matchweek 31,Away,L 1–3,Werder Bremen,Union Berlin,Y,GK,90,6,3,3,50,0,3.3,0,0,0,0,4,15,26.7,18,3,50,41.6,7,85.7,60,10,1,10,0,11
8/5/21,Jiří Pavlenka,Bundesliga,Matchweek 32,Home,D 0–0,Werder Bremen,Leverkusen,Y,GK,90,4,0,4,100,1,0.4,0,0,0,0,8,18,44.4,28,4,42.9,41.3,8,75,59.6,7,0,0,0,13
15/5/21,Jiří Pavlenka,Bundesliga,Matchweek 33,Away,L 0–2,Werder Bremen,Augsburg,Y,GK,90,5,2,4,80,0,2.3,1,1,0,0,4,7,57.1,26,6,19.2,28.6,8,25,31.4,8,1,12.5,1,20.4
19/9/20,Alexander Schwolow,Bundesliga,Matchweek 1,Away,W 4–1,Hertha BSC,Werder Bremen,Y,GK,90,6,1,5,83.3,0,1,0,0,0,0,11,20,55,39,6,28.2,33.2,10,90,67.3,10,2,20,1,10.9
25/9/20,Alexander Schwolow,Bundesliga,Matchweek 2,Home,L 1–3,Hertha BSC,Eint Frankfurt,Y,GK,90,2,3,0,0,0,1.6,1,1,0,0,10,12,83.3,23,2,30.4,31.1,10,50,36.1,6,0,0,1,25.3
4/10/20,Alexander Schwolow,Bundesliga,Matchweek 3,Away,L 3–4,Hertha BSC,Bayern Munich,Y,GK,90,8,4,5,62.5,0,4,1,1,0,0,4,16,25,17,1,52.9,42.2,11,63.6,52.3,16,1,6.3,0,8
17/10/20,Alexander Schwolow,Bundesliga,Matchweek 4,Home,L 0–2,Hertha BSC,Stuttgart,Y,GK,90,2,2,0,0,0,0.8,0,0,0,0,10,17,58.8,40,10,40,35.7,8,12.5,21.6,7,0,0,1,16.3
24/10/20,Alexander Schwolow,Bundesliga,Matchweek 5,Away,L 1–2,Hertha BSC,RB Leipzig,Y,GK,90,7,2,6,85.7,0,2.9,1,1,0,0,8,28,28.6,29,5,48.3,38.9,19,73.7,57.2,14,2,14.3,0,18.3
1/11/20,Alexander Schwolow,Bundesliga,Matchweek 6,Home,D 1–1,Hertha BSC,Wolfsburg,Y,GK,90,4,1,3,75,0,0.6,0,0,0,0,6,14,42.9,26,4,50,37.9,7,14.3,29.1,5,0,0,1,23.5
7/11/20,Alexander Schwolow,Bundesliga,Matchweek 7,Away,W 3–0,Hertha BSC,Augsburg,Y,GK,90,1,0,1,100,1,0.2,0,0,0,0,2,6,33.3,23,5,13,30.8,6,50,45.8,7,2,28.6,1,14.2
21/11/20,Alexander Schwolow,Bundesliga,Matchweek 8,Home,L 2–5,Hertha BSC,Dortmund,Y,GK,90,8,5,3,37.5,0,4,0,0,0,0,6,14,42.9,28,2,42.9,36.4,7,28.6,27.3,4,0,0,0,8.3
29/11/20,Alexander Schwolow,Bundesliga,Matchweek 9,Away,D 0–0,Hertha BSC,Leverkusen,Y,GK,90,2,0,2,100,1,0.2,0,0,0,0,11,22,50,38,3,44.7,39.2,9,55.6,43.8,8,0,0,0,10.6
4/12/20,Alexander Schwolow,Bundesliga,Matchweek 10,Home,W 3–1,Hertha BSC,Union Berlin,Y,GK,90,1,1,0,0,0,0.8,0,0,0,0,4,8,50,22,4,22.7,31.3,4,75,61.5,7,0,0,0,11.5
12/12/20,Alexander Schwolow,Bundesliga,Matchweek 11,Away,D 1–1,Hertha BSC,M'Gladbach,Y,GK,90,3,1,2,66.7,0,1.2,0,0,0,0,12,21,57.1,31,4,41.9,38.2,9,88.9,62.2,10,0,0,1,14
15/12/20,Alexander Schwolow,Bundesliga,Matchweek 12,Home,D 0–0,Hertha BSC,Mainz 05,Y,GK,90,0,0,0,,1,0,0,0,0,0,5,8,62.5,24,2,29.2,31.3,5,20,24.6,7,0,0,2,18.8
20/12/20,Alexander Schwolow,Bundesliga,Matchweek 13,Away,L 1–4,Hertha BSC,Freiburg,Y,GK,90,8,4,5,62.5,0,4.6,1,1,0,0,5,11,45.5,36,9,27.8,27.9,6,16.7,29.8,11,1,9.1,0,10.5
2/1/21,Alexander Schwolow,Bundesliga,Matchweek 14,Home,W 3–0,Hertha BSC,Schalke 04,Y,GK,90,4,0,4,100,1,1.7,0,0,0,0,7,8,87.5,26,4,19.2,31.5,4,75,51.8,7,0,0,0,7.3
10/1/21,Alexander Schwolow,Bundesliga,Matchweek 15,Away,L 0–1,Hertha BSC,Arminia,Y,GK,90,2,1,1,50,0,0.8,0,0,0,0,9,14,64.3,21,2,28.6,33.7,12,66.7,49.1,11,1,9.1,0,15.6
16/1/21,Alexander Schwolow,Bundesliga,Matchweek 16,Away,D 0–0,Hertha BSC,Köln,Y,GK,90,1,0,1,100,1,0,0,0,0,0,7,13,53.8,27,3,25.9,29.9,10,60,44.9,7,0,0,0,9.5
19/1/21,Alexander Schwolow,Bundesliga,Matchweek 17,Home,L 0–3,Hertha BSC,Hoffenheim,Y,GK,90,6,3,3,50,0,1.7,0,0,0,0,5,10,50,28,7,32.1,32,3,33.3,33.7,6,1,16.7,1,12.6
23/1/21,Alexander Schwolow,Bundesliga,Matchweek 18,Home,L 1–4,Hertha BSC,Werder Bremen,Y,GK,90,4,4,1,25,0,1.8,1,1,0,0,2,2,100,8,2,0,21.3,3,66.7,51.3,2,0,0,0,7
4/4/21,Alexander Schwolow,Bundesliga,Matchweek 27,Away,D 1–1,Hertha BSC,Union Berlin,Y,GK,90,3,1,2,66.7,0,0.6,0,0,0,0,8,18,44.4,31,9,35.5,35.6,8,87.5,63.9,13,0,0,0,12.3
10/4/21,Alexander Schwolow,Bundesliga,Matchweek 28,Home,D 2–2,Hertha BSC,M'Gladbach,Y,GK,90,3,2,2,66.7,0,2.1,1,1,0,0,3,3,100,15,4,6.7,23.5,3,66.7,33.3,4,0,0,1,23.7
3/5/21,Alexander Schwolow,Bundesliga,Matchweek 29,Away,D 1–1,Hertha BSC,Mainz 05,Y,GK,90,8,1,7,87.5,0,2.8,0,0,0,0,8,16,50,29,7,41.4,41.1,7,57.1,46.6,13,1,7.7,1,13.8
6/5/21,Alexander Schwolow,Bundesliga,Matchweek 30,Home,W 3–0,Hertha BSC,Freiburg,Y,GK,90,5,0,5,100,1,0.3,0,0,0,0,11,29,37.9,33,3,60.6,43.8,15,60,52.1,14,0,0,0,10.3
12/5/21,Alexander Schwolow,Bundesliga,Matchweek 31,Away,W 2–1,Hertha BSC,Schalke 04,Y,GK,90,1,1,0,0,0,0.8,0,0,0,0,5,10,50,20,3,30,37.4,11,36.4,35.6,6,1,16.7,0,15.2
9/5/21,Alexander Schwolow,Bundesliga,Matchweek 32,Home,D 0–0,Hertha BSC,Arminia,Y,GK,90,6,0,6,100,1,0.2,0,0,0,0,3,7,42.9,25,12,8,22.7,7,71.4,50.1,5,0,0,0,13.8
15/5/21,Alexander Schwolow,Bundesliga,Matchweek 33,Home,D 0–0,Hertha BSC,Köln,Y,GK,90,4,0,4,100,1,0.3,0,0,0,0,8,24,33.3,32,6,37.5,36,13,92.3,67.7,15,1,6.7,1,19
12/12/20,Tobias Sippel,Bundesliga,Matchweek 11,Home,D 1–1,M'Gladbach,Hertha BSC,Y,GK,90,2,1,1,50,0,1.2,0,0,0,0,5,9,55.6,20,2,40,35.5,5,20,20.2,6,1,16.7,2,24
10/4/21,Tobias Sippel,Bundesliga,Matchweek 28,Away,D 2–2,M'Gladbach,Hertha BSC,N,GK,74,7,2,5,71.4,0,1.5,0,0,0,0,9,23,39.1,22,2,59.1,45.9,12,83.3,60.3,20,1,5,0,12.9
17/4/21,Tobias Sippel,Bundesliga,Matchweek 29,Home,W 4–0,M'Gladbach,Eint Frankfurt,Y,GK,90,4,0,3,100,1,1.1,0,0,0,0,9,29,31,29,4,58.6,49.4,14,85.7,68.9,13,1,7.7,1,15.2
21/4/21,Tobias Sippel,Bundesliga,Matchweek 30,Away,L 2–3,M'Gladbach,Hoffenheim,Y,GK,90,6,3,3,50,0,3.3,0,0,0,0,14,25,56,30,4,46.7,39.3,15,73.3,58.6,17,0,0,1,15.5
19/9/20,Rafał Gikiewicz,Bundesliga,Matchweek 1,Away,W 3–1,Augsburg,Union Berlin,Y,GK,90,3,1,2,66.7,0,1.1,0,0,0,0,6,20,30,38,7,39.5,37.1,6,83.3,64.2,19,1,5.3,1,14.8
26/9/20,Rafał Gikiewicz,Bundesliga,Matchweek 2,Home,W 2–0,Augsburg,Dortmund,Y,GK,90,6,0,6,100,1,1.2,0,0,0,0,6,18,33.3,18,6,55.6,45.3,11,72.7,62.5,18,0,0,0,13.2
4/10/20,Rafał Gikiewicz,Bundesliga,Matchweek 3,Away,D 0–0,Augsburg,Wolfsburg,Y,GK,90,5,1,5,80,1,0.7,0,0,0,0,10,24,41.7,29,8,55.2,42.9,10,80,59.3,10,2,20,1,10.8
17/10/20,Rafał Gikiewicz,Bundesliga,Matchweek 4,Home,L 0–2,Augsburg,RB Leipzig,Y,GK,90,6,2,3,66.7,0,2.9,0,0,0,0,6,20,30,38,7,44.7,37.7,8,37.5,34.1,8,1,12.5,0,13.4
26/10/20,Rafał Gikiewicz,Bundesliga,Matchweek 5,Away,L 1–3,Augsburg,Leverkusen,Y,GK,90,6,3,4,66.7,0,2.6,1,1,0,0,5,13,38.5,35,6,31.4,32.7,6,33.3,34,9,1,11.1,3,19.9
31/10/20,Rafał Gikiewicz,Bundesliga,Matchweek 6,Home,W 3–1,Augsburg,Mainz 05,Y,GK,90,4,1,3,75,0,0.4,0,0,0,0,8,18,44.4,47,7,31.9,30.5,10,30,35.5,8,1,12.5,1,18.6
7/11/20,Rafał Gikiewicz,Bundesliga,Matchweek 7,Home,L 0–3,Augsburg,Hertha BSC,Y,GK,90,5,3,3,60,0,3.2,1,1,0,0,3,10,30,28,8,28.6,30.9,8,25,27.1,7,2,28.6,1,15
21/11/20,Rafał Gikiewicz,Bundesliga,Matchweek 8,Away,D 1–1,Augsburg,M'Gladbach,Y,GK,90,6,1,4,83.3,0,1.5,0,0,0,0,7,17,41.2,39,4,25.6,26.9,14,50,51.3,12,0,0,1,18.3
28/11/20,Rafał Gikiewicz,Bundesliga,Matchweek 9,Home,D 1–1,Augsburg,Freiburg,Y,GK,90,5,1,4,80,0,0.4,0,0,0,0,11,18,61.1,58,8,31,30.3,7,0,17.6,17,0,0,2,15.3
7/12/20,Rafał Gikiewicz,Bundesliga,Matchweek 10,Away,L 1–3,Augsburg,Hoffenheim,Y,GK,90,7,3,4,57.1,0,2.8,0,0,0,0,7,11,63.6,34,7,32.4,32.9,3,0,19.7,6,1,16.7,0,14.6
13/12/20,Rafał Gikiewicz,Bundesliga,Matchweek 11,Home,D 2–2,Augsburg,Schalke 04,Y,GK,90,4,2,2,50,0,0.3,0,0,0,0,7,20,35,29,4,58.6,46.9,10,30,33.2,7,0,0,0,14.5
16/12/20,Rafał Gikiewicz,Bundesliga,Matchweek 12,Away,W 1–0,Augsburg,Arminia,Y,GK,90,2,0,2,100,1,0.1,0,0,0,0,8,20,40,28,7,46.4,35.4,9,77.8,57.6,14,0,0,0,11.1
19/12/20,Rafał Gikiewicz,Bundesliga,Matchweek 13,Home,L 0–2,Augsburg,Eint Frankfurt,Y,GK,90,6,2,5,66.7,0,0.9,0,0,0,0,6,21,28.6,31,8,45.2,37.2,9,77.8,48.4,11,1,9.1,0,18.7
2/1/21,Rafał Gikiewicz,Bundesliga,Matchweek 14,Away,W 1–0,Augsburg,Köln,Y,GK,90,2,0,2,100,1,0.2,0,0,0,0,6,14,42.9,19,4,36.8,40.5,7,100,51.4,6,0,0,0,15
10/1/21,Rafał Gikiewicz,Bundesliga,Matchweek 15,Home,L 1–4,Augsburg,Stuttgart,Y,GK,90,9,4,6,66.7,0,2.5,1,1,0,0,4,14,28.6,33,9,36.4,35.4,7,28.6,30.7,10,0,0,0,9.2
16/1/21,Rafał Gikiewicz,Bundesliga,Matchweek 16,Away,L 0–2,Augsburg,Werder Bremen,Y,GK,90,5,2,3,60,0,2,0,0,0,0,6,10,60,29,6,31,31.7,3,33.3,34.7,9,1,11.1,0,16.2
20/1/21,Rafał Gikiewicz,Bundesliga,Matchweek 17,Home,L 0–1,Augsburg,Bayern Munich,Y,GK,90,3,1,3,100,0,1.1,1,1,0,0,20,28,71.4,33,6,54.5,37.5,16,62.5,42.4,10,0,0,0,9.6
23/1/21,Rafał Gikiewicz,Bundesliga,Matchweek 18,Home,W 2–1,Augsburg,Union Berlin,Y,GK,90,4,1,3,75,0,1.9,1,0,1,0,4,23,17.4,30,4,60,43.5,8,62.5,46.6,20,2,10,0,14.7
30/1/21,Rafał Gikiewicz,Bundesliga,Matchweek 19,Away,L 1–3,Augsburg,Dortmund,Y,GK,90,5,3,3,40,0,2.2,1,0,0,1,2,10,20,35,5,25.7,28.5,6,16.7,28.2,12,0,0,0,11.3
6/2/21,Rafał Gikiewicz,Bundesliga,Matchweek 20,Home,L 0–2,Augsburg,Wolfsburg,Y,GK,90,6,2,4,66.7,0,1.7,0,0,0,0,5,15,33.3,42,9,33.3,32.4,5,20,39.4,11,0,0,1,14.8
12/2/21,Rafał Gikiewicz,Bundesliga,Matchweek 21,Away,L 1–2,Augsburg,RB Leipzig,Y,GK,90,5,2,4,80,0,2.7,2,1,1,0,6,17,35.3,44,6,34.1,35.6,9,22.2,30.8,6,1,16.7,1,12.2
21/2/21,Rafał Gikiewicz,Bundesliga,Matchweek 22,Home,D 1–1,Augsburg,Leverkusen,Y,GK,90,3,1,2,66.7,0,0.9,0,0,0,0,15,29,51.7,28,5,75,52.4,9,88.9,57.9,21,1,4.8,0,9.6
28/2/21,Rafał Gikiewicz,Bundesliga,Matchweek 23,Away,W 1–0,Augsburg,Mainz 05,Y,GK,90,6,0,5,100,1,0.9,0,0,0,0,8,29,27.6,32,8,62.5,47,11,81.8,62.5,21,3,14.3,0,13.5
6/3/21,Rafał Gikiewicz,Bundesliga,Matchweek 24,Away,L 1–2,Augsburg,Hertha BSC,Y,GK,90,6,2,5,83.3,0,2.2,1,1,0,0,11,24,45.8,22,9,63.6,43.2,10,100,61.1,13,0,0,0,17.6
12/3/21,Rafał Gikiewicz,Bundesliga,Matchweek 25,Home,W 3–1,Augsburg,M'Gladbach,Y,GK,90,7,1,6,85.7,0,1.3,1,0,0,1,8,27,29.6,46,8,41.3,38.7,16,50,46.3,13,1,7.7,1,14.9
21/3/21,Rafał Gikiewicz,Bundesliga,Matchweek 26,Away,L 0–2,Augsburg,Freiburg,Y,GK,90,5,2,3,60,0,1.8,0,0,0,0,8,17,47.1,24,3,54.2,44.3,8,50,39.1,13,1,7.7,2,21.4
3/4/21,Rafał Gikiewicz,Bundesliga,Matchweek 27,Home,W 2–1,Augsburg,Hoffenheim,Y,GK,90,5,1,4,80,0,1.6,0,0,0,0,12,27,44.4,36,7,52.8,42.4,14,57.1,48.5,16,0,0,0,9.8
11/4/21,Rafał Gikiewicz,Bundesliga,Matchweek 28,Away,L 0–1,Augsburg,Schalke 04,Y,GK,90,2,1,1,50,0,0.6,0,0,0,0,3,6,50,26,4,11.5,25.5,4,75,51.8,4,1,25,1,14.2
17/4/21,Rafał Gikiewicz,Bundesliga,Matchweek 29,Home,D 0–0,Augsburg,Arminia,Y,GK,90,1,0,1,100,1,0.2,0,0,0,0,5,20,25,34,7,47.1,38.4,7,57.1,47.9,7,0,0,2,17.7
20/4/21,Rafał Gikiewicz,Bundesliga,Matchweek 30,Away,L 0–2,Augsburg,Eint Frankfurt,Y,GK,90,4,2,2,50,0,2.1,0,0,0,0,8,20,40,29,8,51.7,40.2,10,50,36.1,15,2,13.3,0,13.9
23/4/21,Rafał Gikiewicz,Bundesliga,Matchweek 31,Home,L 2–3,Augsburg,Köln,Y,GK,90,6,3,3,50,0,2.6,0,0,0,0,6,17,35.3,32,6,28.1,34.3,11,72.7,49.6,13,0,0,4,24
7/5/21,Rafał Gikiewicz,Bundesliga,Matchweek 32,Away,L 1–2,Augsburg,Stuttgart,Y,GK,90,6,2,4,66.7,0,1.9,0,0,0,0,8,23,34.8,28,6,64.3,43.3,6,83.3,55.8,7,2,28.6,2,16
15/5/21,Rafał Gikiewicz,Bundesliga,Matchweek 33,Home,W 2–0,Augsburg,Werder Bremen,Y,GK,90,4,0,4,100,1,0.3,0,0,0,0,9,31,29,29,3,79.3,57.7,8,100,71.1,15,1,6.7,0,12.6
18/9/20,Ralf Fährmann,Bundesliga,Matchweek 1,Away,L 0–8,Schalke 04,Bayern Munich,Y,GK,90,10,8,3,30,0,5.3,1,1,0,0,5,24,20.8,32,5,56.3,42.2,10,60,44.8,12,0,0,1,15
26/9/20,Ralf Fährmann,Bundesliga,Matchweek 2,Home,L 1–3,Schalke 04,Werder Bremen,Y,GK,90,5,3,3,60,0,2.8,1,1,0,0,5,11,45.5,33,7,27.3,31.7,7,28.6,31.9,6,0,0,3,16
3/10/20,Ralf Fährmann,Bundesliga,Matchweek 3,Away,L 0–4,Schalke 04,RB Leipzig,Y,GK,45,3,3,1,0,0,1.3,0,0,0,0,7,15,46.7,17,2,58.8,40.3,7,71.4,48.3,5,0,0,1,13.5
13/12/20,Ralf Fährmann,Bundesliga,Matchweek 11,Away,D 2–2,Schalke 04,Augsburg,Y,GK,90,4,2,3,50,0,0.7,0,0,0,0,3,10,30,31,11,16.1,26.1,7,71.4,50.9,8,0,0,1,13.9
16/12/20,Ralf Fährmann,Bundesliga,Matchweek 12,Home,L 0–2,Schalke 04,Freiburg,Y,GK,90,3,2,1,33.3,0,1.1,0,0,0,0,4,10,40,29,5,31,30.2,5,20,27,9,2,22.2,0,15.3
19/12/20,Ralf Fährmann,Bundesliga,Matchweek 13,Home,L 0–1,Schalke 04,Arminia,Y,GK,90,3,1,2,66.7,0,0.5,0,0,0,0,5,18,27.8,20,4,50,43.3,10,80,58.5,4,0,0,1,17.7
2/1/21,Ralf Fährmann,Bundesliga,Matchweek 14,Away,L 0–3,Schalke 04,Hertha BSC,Y,GK,90,10,3,7,70,0,2.2,0,0,0,0,6,20,30,23,4,69.6,47.7,6,66.7,42.8,14,0,0,0,17
9/1/21,Ralf Fährmann,Bundesliga,Matchweek 15,Home,W 4–0,Schalke 04,Hoffenheim,Y,GK,90,5,0,5,100,1,0.7,0,0,0,0,3,21,14.3,25,2,48,38.4,9,100,66.8,13,1,7.7,1,14.5
17/1/21,Ralf Fährmann,Bundesliga,Matchweek 16,Away,L 1–3,Schalke 04,Eint Frankfurt,Y,GK,90,10,3,7,70,0,3.5,0,0,0,0,12,31,38.7,29,3,69,45.9,11,100,60.4,11,1,9.1,1,13
20/1/21,Ralf Fährmann,Bundesliga,Matchweek 17,Home,L 1–2,Schalke 04,Köln,Y,GK,90,3,2,1,33.3,0,1.5,0,0,0,0,6,14,42.9,40,2,25,32.2,6,66.7,50.2,6,1,16.7,2,24.8
24/1/21,Ralf Fährmann,Bundesliga,Matchweek 18,Home,L 0–4,Schalke 04,Bayern Munich,Y,GK,90,12,4,8,66.7,0,3.1,0,0,0,0,4,18,22.2,24,3,41.7,38.8,18,44.4,37.2,14,1,7.1,0,13
30/1/21,Ralf Fährmann,Bundesliga,Matchweek 19,Away,D 1–1,Schalke 04,Werder Bremen,Y,GK,90,5,1,4,80,0,0.2,0,0,0,0,7,21,33.3,43,8,32.6,35.3,10,70,59.4,13,2,15.4,0,16.8
6/2/21,Ralf Fährmann,Bundesliga,Matchweek 20,Home,L 0–3,Schalke 04,RB Leipzig,Y,GK,90,10,3,7,70,0,3,0,0,0,0,6,13,46.2,31,4,35.5,34.4,10,20,28.6,8,0,0,1,14.8
13/2/21,Ralf Fährmann,Bundesliga,Matchweek 21,Away,D 0–0,Schalke 04,Union Berlin,Y,GK,90,3,0,3,100,1,1.2,0,0,0,0,3,16,18.8,27,6,22.2,28.2,11,90.9,57,9,0,0,0,9.2
20/2/21,Ralf Fährmann,Bundesliga,Matchweek 22,Home,L 0–4,Schalke 04,Dortmund,Y,GK,31,1,0,1,100,0,0.2,0,0,0,0,2,6,33.3,13,3,46.2,43,1,0,13,1,0,0,0,7.2
11/4/21,Ralf Fährmann,Bundesliga,Matchweek 28,Home,W 1–0,Schalke 04,Augsburg,Y,GK,90,4,0,4,100,1,0.3,0,0,0,0,12,21,57.1,42,4,40.5,37.2,8,50,38.3,10,1,10,1,17
17/4/21,Ralf Fährmann,Bundesliga,Matchweek 29,Away,L 0–4,Schalke 04,Freiburg,Y,GK,90,7,4,4,57.1,0,3.7,1,1,0,0,3,8,37.5,28,7,25,26.5,2,50,40,13,1,7.7,1,12.7
20/4/21,Ralf Fährmann,Bundesliga,Matchweek 30,Away,L 0–1,Schalke 04,Arminia,Y,GK,90,4,1,3,75,0,1.7,1,0,1,0,10,20,50,33,7,45.5,37.6,7,71.4,48,5,0,0,1,16.2
12/5/21,Ralf Fährmann,Bundesliga,Matchweek 31,Home,L 1–2,Schalke 04,Hertha BSC,Y,GK,90,6,2,4,66.7,0,1.3,0,0,0,0,3,8,37.5,22,9,22.7,29.6,6,50,35.2,9,1,11.1,1,12.9
8/5/21,Ralf Fährmann,Bundesliga,Matchweek 32,Away,L 2–4,Schalke 04,Hoffenheim,Y,GK,90,12,4,8,66.7,0,2.4,0,0,0,0,1,24,4.2,32,10,56.3,41.5,9,66.7,47.7,15,0,0,0,11.4
15/5/21,Ralf Fährmann,Bundesliga,Matchweek 33,Home,W 4–3,Schalke 04,Eint Frankfurt,Y,GK,90,8,3,5,62.5,0,2.6,0,0,0,0,9,31,29,36,5,55.6,47.9,12,91.7,62.1,24,2,8.3,0,11.4
30/1/21,Rune Jarstein,Bundesliga,Matchweek 19,Away,L 1–3,Hertha BSC,Eint Frankfurt,Y,GK,90,6,3,4,66.7,0,2.3,1,1,0,0,9,26,34.6,29,2,65.5,47.1,8,87.5,57.1,9,1,11.1,1,13.9
5/2/21,Rune Jarstein,Bundesliga,Matchweek 20,Home,L 0–1,Hertha BSC,Bayern Munich,Y,GK,90,5,1,4,80,0,1.5,1,0,1,0,4,16,25,24,4,45.8,39.5,8,62.5,41.8,13,0,0,1,12
13/2/21,Rune Jarstein,Bundesliga,Matchweek 21,Away,D 1–1,Hertha BSC,Stuttgart,Y,GK,90,3,1,2,66.7,0,1.2,0,0,0,0,4,11,36.4,30,2,23.3,31.1,6,66.7,50.3,8,1,12.5,1,18.3
21/2/21,Rune Jarstein,Bundesliga,Matchweek 22,Home,L 0–3,Hertha BSC,RB Leipzig,Y,GK,90,6,3,3,50,0,2,0,0,0,0,8,32,25,44,3,54.5,42.1,9,88.9,63.1,2,0,0,1,13.6
27/2/21,Rune Jarstein,Bundesliga,Matchweek 23,Away,L 0–2,Hertha BSC,Wolfsburg,Y,GK,90,2,2,1,0,0,0.6,0,0,0,0,5,17,29.4,24,4,54.2,42.5,12,33.3,35.8,12,2,16.7,0,6.8
6/3/21,Rune Jarstein,Bundesliga,Matchweek 24,Home,W 2–1,Hertha BSC,Augsburg,Y,GK,90,4,1,3,75,0,0.7,0,0,0,0,7,9,77.8,22,5,40.9,38.2,6,0,25,11,1,9.1,0,12.8
13/3/21,Rune Jarstein,Bundesliga,Matchweek 25,Away,L 0–2,Hertha BSC,Dortmund,Y,GK,90,4,2,2,50,0,1.2,0,0,0,0,6,13,46.2,21,5,38.1,35.9,11,45.5,39.1,6,1,16.7,0,12.1
21/3/21,Rune Jarstein,Bundesliga,Matchweek 26,Home,W 3–0,Hertha BSC,Leverkusen,Y,GK,90,1,0,1,100,1,0.5,0,0,0,0,17,29,58.6,16,0,100,65,14,92.9,62.5,14,1,7.1,0,5.5
3/10/20,Marwin Hitz,Bundesliga,Matchweek 3,Home,W 4–0,Dortmund,Freiburg,Y,GK,90,2,0,2,100,1,0.4,0,0,0,0,5,9,55.6,33,5,24.2,28,3,33.3,29.7,2,1,50,1,17.2
17/10/20,Marwin Hitz,Bundesliga,Matchweek 4,Away,W 1–0,Dortmund,Hoffenheim,Y,GK,90,3,0,3,100,1,0.2,0,0,0,0,9,16,56.3,28,6,39.3,35.6,7,71.4,57.9,7,2,28.6,0,14.8
30/1/21,Marwin Hitz,Bundesliga,Matchweek 19,Home,W 3–1,Dortmund,Augsburg,Y,GK,90,1,1,0,0,0,0.7,0,0,0,0,4,5,80,27,2,11.1,22.1,5,40,39.6,4,1,25,1,19.3
6/2/21,Marwin Hitz,Bundesliga,Matchweek 20,Away,L 1–2,Dortmund,Freiburg,Y,GK,90,3,2,1,33.3,0,0.3,0,0,0,0,5,8,62.5,41,5,17.1,26.3,8,12.5,26.3,4,0,0,0,12
13/2/21,Marwin Hitz,Bundesliga,Matchweek 21,Home,D 2–2,Dortmund,Hoffenheim,Y,GK,90,6,2,4,66.7,0,2.7,0,0,0,0,12,16,75,27,5,48.1,37.8,8,37.5,33.3,7,0,0,1,11.8
20/2/21,Marwin Hitz,Bundesliga,Matchweek 22,Away,W 4–0,Dortmund,Schalke 04,Y,GK,90,2,0,1,100,1,0.4,0,0,0,0,2,7,28.6,19,2,15.8,27.7,10,40,35.6,3,0,0,1,20.5
27/2/21,Marwin Hitz,Bundesliga,Matchweek 23,Home,W 3–0,Dortmund,Arminia,Y,GK,90,2,0,2,100,1,0.1,0,0,0,0,3,6,50,31,3,12.9,27.9,5,40,38.2,1,0,0,0,12.5
6/3/21,Marwin Hitz,Bundesliga,Matchweek 24,Away,L 2–4,Dortmund,Bayern Munich,Y,GK,90,8,4,5,62.5,0,3.8,1,1,0,0,9,18,50,20,5,50,39.3,16,50,39.6,14,0,0,0,10.3
13/3/21,Marwin Hitz,Bundesliga,Matchweek 25,Home,W 2–0,Dortmund,Hertha BSC,Y,GK,90,0,0,0,,1,0,0,0,0,0,5,7,71.4,22,5,22.7,29.3,5,40,37.4,6,1,16.7,0,16
20/3/21,Marwin Hitz,Bundesliga,Matchweek 26,Away,D 2–2,Dortmund,Köln,Y,GK,90,1,2,0,0,0,1.8,1,1,0,0,3,5,60,25,4,16,28.1,5,20,24.6,8,1,12.5,1,14.2
3/4/21,Marwin Hitz,Bundesliga,Matchweek 27,Home,L 1–2,Dortmund,Eint Frankfurt,Y,GK,90,3,2,2,33.3,0,1.5,0,0,0,0,7,15,46.7,31,4,32.3,35.3,10,50,45.3,8,0,0,0,12.7
10/4/21,Marwin Hitz,Bundesliga,Matchweek 28,Away,W 3–2,Dortmund,Stuttgart,Y,GK,90,3,2,1,33.3,0,1.3,0,0,0,0,8,18,44.4,36,11,33.3,33.5,11,54.5,43,7,0,0,0,14.4
18/4/21,Marwin Hitz,Bundesliga,Matchweek 29,Home,W 4–1,Dortmund,Werder Bremen,Y,GK,90,3,1,2,66.7,0,0.8,0,0,0,0,2,3,66.7,19,4,15.8,27.7,3,0,18,3,0,0,0,15.5
21/4/21,Marwin Hitz,Bundesliga,Matchweek 30,Home,W 2–0,Dortmund,Union Berlin,Y,GK,90,1,0,0,100,1,0.7,0,0,0,0,4,14,28.6,29,5,34.5,36.2,7,57.1,53.6,4,1,25,0,13
24/4/21,Marwin Hitz,Bundesliga,Matchweek 31,Away,W 2–0,Dortmund,Wolfsburg,Y,GK,90,2,0,2,100,1,0.2,0,0,0,0,13,27,48.1,24,1,50,42.1,19,78.9,56.7,11,0,0,1,15
8/5/21,Marwin Hitz,Bundesliga,Matchweek 32,Home,W 3–2,Dortmund,RB Leipzig,Y,GK,45,2,0,2,100,0,0.8,0,0,0,0,3,7,42.9,15,2,40,39.6,1,100,43,3,0,0,1,17.3
30/1/21,Loris Karius,Bundesliga,Matchweek 19,Home,D 1–1,Union Berlin,M'Gladbach,N,GK,22,1,0,1,100,0,0.8,0,0,0,0,2,6,33.3,4,0,75,50,3,100,65,1,0,0,0,
13/2/21,Loris Karius,Bundesliga,Matchweek 21,Home,D 0–0,Union Berlin,Schalke 04,Y,GK,90,1,0,1,100,1,0.3,0,0,0,0,3,16,18.8,19,4,63.2,48.5,4,100,67.8,5,1,20,0,9
20/2/21,Loris Karius,Bundesliga,Matchweek 22,Away,W 1–0,Union Berlin,Freiburg,Y,GK,90,1,0,1,100,1,0,0,0,0,0,7,16,43.8,23,2,47.8,43,8,62.5,57.3,15,1,6.7,0,9.5
28/2/21,Loris Karius,Bundesliga,Matchweek 23,Home,D 1–1,Union Berlin,Hoffenheim,Y,GK,90,2,1,2,50,0,0.6,0,0,0,0,9,18,50,29,3,55.2,41.8,5,40,41,9,0,0,0,13
28/2/21,Lennart Grill,Bundesliga,Matchweek 23,Home,L 1–2,Leverkusen,Freiburg,Y,GK,90,3,2,1,33.3,0,1.9,0,0,0,0,3,7,42.9,42,7,16.7,27.9,3,0,22.3,10,1,10,1,14.9
6/3/21,Lennart Grill,Bundesliga,Matchweek 24,Away,W 1–0,Leverkusen,M'Gladbach,Y,GK,90,3,0,3,100,1,0.4,0,0,0,0,5,14,35.7,47,8,25.5,31.7,9,22.2,27.8,5,1,20,0,10.7
14/3/21,Lennart Grill,Bundesliga,Matchweek 25,Home,L 1–2,Leverkusen,Arminia,Y,GK,90,6,2,4,66.7,0,2.1,0,0,0,0,1,2,50,24,6,8.3,21.3,8,0,18.5,6,0,0,1,17.2
21/3/21,Lennart Grill,Bundesliga,Matchweek 26,Away,L 0–3,Leverkusen,Hertha BSC,Y,GK,90,8,3,5,62.5,0,2,0,0,0,0,1,2,50,23,5,8.7,23.5,5,0,18,2,1,50,2,17.9
19/9/20,Timo Horn,Bundesliga,Matchweek 1,Home,L 2–3,Köln,Hoffenheim,Y,GK,90,6,3,4,66.7,0,2.6,1,1,0,0,12,20,60,51,3,37.3,33.9,6,16.7,30.7,5,0,0,1,17.7
26/9/20,Timo Horn,Bundesliga,Matchweek 2,Away,L 0–1,Köln,Arminia,Y,GK,90,3,1,2,66.7,0,0.3,0,0,0,0,5,14,35.7,32,8,37.5,33.6,8,25,24.9,7,1,14.3,3,18.5
3/10/20,Timo Horn,Bundesliga,Matchweek 3,Home,L 1–3,Köln,M'Gladbach,Y*,GK,90,9,3,7,77.8,0,2.2,1,1,0,0,6,17,35.3,32,5,50,40.6,2,50,49,4,0,0,1,14.8
18/10/20,Timo Horn,Bundesliga,Matchweek 4,Home,D 1–1,Köln,Eint Frankfurt,Y*,GK,90,3,1,3,100,0,1.5,1,1,0,0,11,23,47.8,29,1,58.6,44.5,9,66.7,48.7,13,1,7.7,1,13.8
23/10/20,Timo Horn,Bundesliga,Matchweek 5,Away,D 1–1,Köln,Stuttgart,Y*,GK,90,4,1,3,75,0,1.6,0,0,0,0,12,22,54.5,38,3,55.3,40.7,3,33.3,36.7,7,0,0,0,15.7
31/10/20,Timo Horn,Bundesliga,Matchweek 6,Home,L 1–2,Köln,Bayern Munich,Y*,GK,90,3,2,2,66.7,0,1.4,1,1,0,0,13,25,52,33,1,57.6,42.1,11,54.5,45.1,6,0,0,1,11
6/11/20,Timo Horn,Bundesliga,Matchweek 7,Away,D 1–1,Köln,Werder Bremen,Y*,GK,39,1,0,1,100,0,0.7,0,0,0,0,1,1,100,9,3,11.1,23.9,2,0,22.5,2,0,0,0,9
22/11/20,Timo Horn,Bundesliga,Matchweek 8,Home,L 1–2,Köln,Union Berlin,Y*,GK,90,2,2,0,0,0,1.8,1,0,1,0,5,13,38.5,33,8,36.4,36.3,1,100,69,14,0,0,0,9.8
28/11/20,Timo Horn,Bundesliga,Matchweek 9,Away,W 2–1,Köln,Dortmund,Y*,GK,90,4,1,3,75,0,1.3,0,0,0,0,12,30,40,26,2,76.9,53.8,11,90.9,64.5,8,0,0,0,9
5/12/20,Timo Horn,Bundesliga,Matchweek 10,Home,D 2–2,Köln,Wolfsburg,Y*,GK,90,6,2,4,66.7,0,1.3,0,0,0,0,15,27,55.6,25,1,80,55.2,9,77.8,56.8,8,1,12.5,1,11.2
12/12/20,Timo Horn,Bundesliga,Matchweek 11,Away,W 1–0,Köln,Mainz 05,Y*,GK,90,4,0,4,100,1,0.8,0,0,0,0,11,27,40.7,34,4,55.9,46.3,11,72.7,51.1,13,0,0,1,15.1
16/12/20,Timo Horn,Bundesliga,Matchweek 12,Home,L 0–4,Köln,Leverkusen,Y*,GK,90,7,4,3,42.9,0,2.3,0,0,0,0,6,10,60,22,1,45.5,36.7,4,0,27,8,0,0,0,14.5
19/12/20,Timo Horn,Bundesliga,Matchweek 13,Away,D 0–0,Köln,RB Leipzig,Y*,GK,90,6,0,6,100,1,0.7,0,0,0,0,17,35,48.6,52,2,55.8,43,10,60,43.6,9,0,0,0,7.2
2/1/21,Timo Horn,Bundesliga,Matchweek 14,Home,L 0–1,Köln,Augsburg,Y*,GK,90,5,1,4,80,0,1.3,0,0,0,0,11,19,57.9,34,4,52.9,42.1,3,33.3,40.3,7,1,14.3,1,18.8
9/1/21,Timo Horn,Bundesliga,Matchweek 15,Away,L 0–5,Köln,Freiburg,Y,GK,90,6,5,1,16.7,0,4.1,0,0,0,0,13,29,44.8,43,1,53.5,39.5,6,100,72.3,7,0,0,2,23
16/1/21,Timo Horn,Bundesliga,Matchweek 16,Home,D 0–0,Köln,Hertha BSC,Y,GK,90,3,0,3,100,1,0.5,0,0,0,0,11,23,47.8,36,5,47.2,39,8,75,51,8,0,0,0,11
20/1/21,Timo Horn,Bundesliga,Matchweek 17,Away,W 2–1,Köln,Schalke 04,Y,GK,90,6,1,5,83.3,0,0.7,0,0,0,0,5,20,25,30,5,60,45.4,4,50,47.3,5,0,0,1,12.8
24/1/21,Timo Horn,Bundesliga,Matchweek 18,Away,L 0–3,Köln,Hoffenheim,Y,GK,90,2,3,1,50,0,2.3,2,2,0,0,2,4,50,20,6,15,30.6,8,12.5,26.6,5,1,20,0,15.8
31/1/21,Timo Horn,Bundesliga,Matchweek 19,Home,W 3–1,Köln,Arminia,Y*,GK,90,3,1,2,66.7,0,1.4,0,0,0,0,10,25,40,31,4,58.1,44.8,9,77.8,53,10,2,20,0,9.8
6/2/21,Timo Horn,Bundesliga,Matchweek 20,Away,W 2–1,Köln,M'Gladbach,Y*,GK,90,2,1,1,50,0,0.7,0,0,0,0,10,26,38.5,44,2,59.1,44.7,4,0,14.5,17,1,5.9,0,12.2
14/2/21,Timo Horn,Bundesliga,Matchweek 21,Away,L 0–2,Köln,Eint Frankfurt,Y*,GK,90,7,2,5,71.4,0,2.9,0,0,0,0,12,20,60,39,7,46.2,37.8,6,33.3,35.2,11,0,0,0,11.6
20/2/21,Timo Horn,Bundesliga,Matchweek 22,Home,L 0–1,Köln,Stuttgart,Y*,GK,90,3,1,2,66.7,0,0.5,0,0,0,0,3,10,30,47,4,19.1,31.1,5,20,26.6,3,0,0,0,10.4
27/2/21,Timo Horn,Bundesliga,Matchweek 23,Away,L 1–5,Köln,Bayern Munich,Y*,GK,90,7,5,2,28.6,0,3.3,0,0,0,0,7,15,46.7,40,3,35,33.4,8,12.5,24.5,6,0,0,3,16.6
7/3/21,Timo Horn,Bundesliga,Matchweek 24,Home,D 1–1,Köln,Werder Bremen,Y*,GK,90,5,1,4,80,0,1,0,0,0,0,5,12,41.7,29,4,37.9,36.2,4,25,39.5,10,0,0,1,18.8
13/3/21,Timo Horn,Bundesliga,Matchweek 25,Away,L 1–2,Köln,Union Berlin,Y,GK,90,6,2,5,83.3,0,2.4,1,1,0,0,3,10,30,33,2,30.3,34.5,3,0,21.7,10,0,0,0,8
20/3/21,Timo Horn,Bundesliga,Matchweek 26,Home,D 2–2,Köln,Dortmund,Y,GK,90,4,2,2,50,0,1.5,0,0,0,0,8,19,42.1,27,4,51.9,39.5,8,62.5,48.9,10,1,10,0,10.4
3/4/21,Timo Horn,Bundesliga,Matchweek 27,Away,L 0–1,Köln,Wolfsburg,Y,GK,90,5,1,4,80,0,0.9,0,0,0,0,5,15,33.3,32,5,40.6,38.6,8,25,26.1,14,0,0,0,10.2
11/4/21,Timo Horn,Bundesliga,Matchweek 28,Home,L 2–3,Köln,Mainz 05,Y,GK,90,5,3,2,40,0,2.2,0,0,0,0,9,14,64.3,40,5,32.5,36.7,4,25,25.5,5,0,0,4,25.8
17/4/21,Timo Horn,Bundesliga,Matchweek 29,Away,L 0–3,Köln,Leverkusen,Y,GK,90,5,3,2,40,0,2.7,0,0,0,0,2,7,28.6,37,2,18.9,25.3,3,0,17.3,4,0,0,0,17
20/4/21,Timo Horn,Bundesliga,Matchweek 30,Home,W 2–1,Köln,RB Leipzig,Y,GK,90,6,1,5,83.3,0,1.1,0,0,0,0,10,26,38.5,28,0,71.4,53.8,14,42.9,41.6,11,0,0,1,11.6
23/4/21,Timo Horn,Bundesliga,Matchweek 31,Away,W 3–2,Köln,Augsburg,Y,GK,90,3,2,1,33.3,0,1.6,0,0,0,0,7,19,36.8,39,2,46.2,41.6,5,20,23.2,14,0,0,0,10.8
9/5/21,Timo Horn,Bundesliga,Matchweek 32,Home,L 1–4,Köln,Freiburg,Y,GK,90,6,4,2,33.3,0,2.7,0,0,0,0,10,19,52.6,34,4,41.2,37.5,7,71.4,45.4,5,0,0,0,13.8
15/5/21,Timo Horn,Bundesliga,Matchweek 33,Away,D 0–0,Köln,Hertha BSC,Y*,GK,90,1,0,1,100,1,0,0,0,0,0,2,2,100,19,5,5.3,21.1,5,20,24.2,3,0,0,1,11.4
19/9/20,Yann Sommer,Bundesliga,Matchweek 1,Away,L 0–3,M'Gladbach,Dortmund,Y,GK,90,3,3,1,33.3,0,2.3,1,1,0,0,1,2,50,23,2,8.7,24.5,6,0,16.8,4,0,0,0,10
26/9/20,Yann Sommer,Bundesliga,Matchweek 2,Home,D 1–1,M'Gladbach,Union Berlin,Y,GK,90,2,1,1,50,0,0.3,0,0,0,0,4,7,57.1,26,4,23.1,26.4,7,14.3,20.7,7,1,14.3,1,18.5
3/10/20,Yann Sommer,Bundesliga,Matchweek 3,Away,W 3–1,M'Gladbach,Köln,Y,GK,90,2,1,1,50,0,0.1,0,0,0,0,7,17,41.2,57,6,28.1,32.5,6,16.7,24.3,8,1,12.5,2,19.3
17/10/20,Yann Sommer,Bundesliga,Matchweek 4,Home,D 1–1,M'Gladbach,Wolfsburg,Y,GK,90,5,1,4,80,0,1.2,0,0,0,0,5,12,41.7,29,6,37.9,35.3,6,16.7,17.8,8,1,12.5,0,12
24/10/20,Yann Sommer,Bundesliga,Matchweek 5,Away,W 3–2,M'Gladbach,Mainz 05,Y,GK,90,6,2,4,66.7,0,2.2,0,0,0,0,3,10,30,32,4,31.3,34,4,0,14.8,10,0,0,0,13
31/10/20,Yann Sommer,Bundesliga,Matchweek 6,Home,W 1–0,M'Gladbach,RB Leipzig,Y*,GK,90,3,0,3,100,1,0.8,0,0,0,0,8,19,42.1,39,4,35.9,36.1,13,38.5,38.1,9,2,22.2,0,11.8
8/11/20,Yann Sommer,Bundesliga,Matchweek 7,Away,L 3–4,M'Gladbach,Leverkusen,Y,GK,90,4,4,0,0,0,2.5,0,0,0,0,2,10,20,30,2,30,29.9,8,12.5,20.8,8,0,0,0,12.5
21/11/20,Yann Sommer,Bundesliga,Matchweek 8,Home,D 1–1,M'Gladbach,Augsburg,Y,GK,90,5,1,4,80,0,1.4,0,0,0,0,3,12,25,37,4,29.7,31.1,4,25,36.3,9,0,0,0,8
28/11/20,Yann Sommer,Bundesliga,Matchweek 9,Home,W 4–1,M'Gladbach,Schalke 04,Y*,GK,90,2,1,1,50,0,0.9,0,0,0,0,6,12,50,40,2,25,30.4,7,28.6,25.6,4,1,25,0,9.5
5/12/20,Yann Sommer,Bundesliga,Matchweek 10,Away,D 2–2,M'Gladbach,Freiburg,Y,GK,90,6,2,5,83.3,0,1.9,1,1,0,0,10,17,58.8,44,6,34.1,33.6,12,16.7,23.4,7,0,0,0,7.2
15/12/20,Yann Sommer,Bundesliga,Matchweek 12,Away,D 3–3,M'Gladbach,Eint Frankfurt,Y,GK,90,2,3,0,0,0,2.2,1,1,0,0,14,24,58.3,47,6,46.8,35.9,6,33.3,33.8,6,1,16.7,0,11.8
19/12/20,Yann Sommer,Bundesliga,Matchweek 13,Home,L 1–2,M'Gladbach,Hoffenheim,Y,GK,90,5,2,3,60,0,1.5,0,0,0,0,14,29,48.3,41,4,53.7,35.8,11,63.6,43.1,4,1,25,0,15
2/1/21,Yann Sommer,Bundesliga,Matchweek 14,Away,W 1–0,M'Gladbach,Arminia,Y,GK,90,0,0,0,,1,0,0,0,0,0,6,11,54.5,26,2,30.8,31.3,10,30,35.8,7,0,0,0,9
8/1/21,Yann Sommer,Bundesliga,Matchweek 15,Home,W 3–2,M'Gladbach,Bayern Munich,Y,GK,90,2,2,1,50,0,0.8,1,1,0,0,6,10,60,26,1,30.8,32.4,9,22.2,25.1,14,0,0,0,8.7
16/1/21,Yann Sommer,Bundesliga,Matchweek 16,Away,D 2–2,M'Gladbach,Stuttgart,Y,GK,90,5,2,4,80,0,2.2,1,1,0,0,8,22,36.4,37,9,51.4,40.2,5,60,41.8,15,0,0,1,10.6
19/1/21,Yann Sommer,Bundesliga,Matchweek 17,Home,W 1–0,M'Gladbach,Werder Bremen,Y*,GK,90,2,0,2,100,1,0.8,0,0,0,0,3,9,33.3,22,0,31.8,32.5,5,40,36.2,8,0,0,3,15.2
22/1/21,Yann Sommer,Bundesliga,Matchweek 18,Home,W 4–2,M'Gladbach,Dortmund,Y,GK,90,6,2,4,66.7,0,1.9,0,0,0,0,6,13,46.2,22,2,45.5,36.7,10,30,28,10,0,0,0,11.7
30/1/21,Yann Sommer,Bundesliga,Matchweek 19,Away,D 1–1,M'Gladbach,Union Berlin,Y*,GK,90,2,1,1,50,0,0.3,0,0,0,0,6,9,66.7,34,4,20.6,29.1,9,22.2,27.8,7,0,0,0,10.8
6/2/21,Yann Sommer,Bundesliga,Matchweek 20,Home,L 1–2,M'Gladbach,Köln,Y,GK,90,3,2,1,33.3,0,1.2,0,0,0,0,4,4,100,24,3,16.7,26.4,3,0,14,5,0,0,3,22.6
14/2/21,Yann Sommer,Bundesliga,Matchweek 21,Away,D 0–0,M'Gladbach,Wolfsburg,Y,GK,90,6,0,6,100,1,1,0,0,0,0,5,14,35.7,43,3,27.9,31.6,9,22.2,34.3,15,0,0,2,14.9
20/2/21,Yann Sommer,Bundesliga,Matchweek 22,Home,L 1–2,M'Gladbach,Mainz 05,Y,GK,90,6,2,4,66.7,0,0.9,0,0,0,0,5,6,83.3,46,8,10.9,23.3,6,16.7,26.2,5,0,0,1,14.6
27/2/21,Yann Sommer,Bundesliga,Matchweek 23,Away,L 2–3,M'Gladbach,RB Leipzig,Y*,GK,90,9,3,5,66.7,0,2.9,0,0,0,0,10,33,30.3,46,5,58.7,38.6,11,54.5,44.5,17,0,0,1,12.6
6/3/21,Yann Sommer,Bundesliga,Matchweek 24,Home,L 0–1,M'Gladbach,Leverkusen,Y*,GK,90,5,1,4,80,0,1.8,0,0,0,0,2,3,66.7,20,4,5,22.1,3,66.7,59.3,7,1,14.3,1,12.3
12/3/21,Yann Sommer,Bundesliga,Matchweek 25,Away,L 1–3,M'Gladbach,Augsburg,Y,GK,90,3,3,0,0,0,2,0,0,0,0,4,6,66.7,30,5,13.3,26.4,8,25,21.5,2,0,0,0,14.6
20/3/21,Yann Sommer,Bundesliga,Matchweek 26,Away,W 3–0,M'Gladbach,Schalke 04,Y,GK,90,1,0,1,100,1,0,0,0,0,0,9,11,81.8,37,4,29.7,31.2,3,0,16.3,5,2,40,1,25
3/4/21,Yann Sommer,Bundesliga,Matchweek 27,Home,W 2–1,M'Gladbach,Freiburg,Y,GK,90,4,1,3,75,0,1.9,0,0,0,0,7,18,38.9,33,3,45.5,35.6,6,50,42.3,12,1,8.3,0,11.3
10/4/21,Yann Sommer,Bundesliga,Matchweek 28,Away,D 2–2,M'Gladbach,Hertha BSC,Y,"WB,DM,GK",12,1,0,1,100,0,0,0,0,0,0,0,1,0,7,2,14.3,24.9,0,,,1,0,0,1,22
25/4/21,Yann Sommer,Bundesliga,Matchweek 31,Home,W 5–0,M'Gladbach,Arminia,Y*,GK,90,4,0,4,100,1,0.8,0,0,0,0,5,9,55.6,35,6,25.7,26.9,2,0,20.5,3,0,0,0,11.3
8/5/21,Yann Sommer,Bundesliga,Matchweek 32,Away,L 0–6,M'Gladbach,Bayern Munich,Y*,GK,90,6,6,1,16.7,0,3.5,1,1,0,0,8,12,66.7,30,5,30,31.5,11,27.3,25.4,7,0,0,1,12.4
15/5/21,Yann Sommer,Bundesliga,Matchweek 33,Home,L 1–2,M'Gladbach,Stuttgart,Y,GK,90,6,2,4,66.7,0,1,0,0,0,0,3,18,16.7,42,4,40.5,38.8,4,25,26,8,1,12.5,1,15.9
19/9/20,Oliver Baumann,Bundesliga,Matchweek 1,Away,W 3–2,Hoffenheim,Köln,Y*,GK,90,6,2,3,66.7,0,1.6,0,0,0,0,7,23,30.4,43,6,30.2,31.8,12,83.3,60.5,9,0,0,1,18.4
27/9/20,Oliver Baumann,Bundesliga,Matchweek 2,Home,W 4–1,Hoffenheim,Bayern Munich,Y*,GK,90,3,1,1,66.7,0,1.1,0,0,0,0,9,31,29,27,1,74.1,55.6,18,61.1,44.8,19,1,5.3,3,16.7
3/10/20,Oliver Baumann,Bundesliga,Matchweek 3,Away,L 1–2,Hoffenheim,Eint Frankfurt,Y*,GK,90,6,2,4,66.7,0,2.2,0,0,0,0,5,18,27.8,40,7,40,36.1,12,16.7,29.8,8,0,0,0,13.4
17/10/20,Oliver Baumann,Bundesliga,Matchweek 4,Home,L 0–1,Hoffenheim,Dortmund,Y*,GK,90,4,1,3,75,0,1.3,0,0,0,0,5,16,31.3,43,7,34.9,33.1,6,16.7,25.5,8,0,0,2,14.2
2/11/20,Oliver Baumann,Bundesliga,Matchweek 6,Home,L 1–3,Hoffenheim,Union Berlin,Y*,GK,90,5,3,3,60,0,3.4,1,1,0,0,4,9,44.4,39,7,20.5,27.8,9,11.1,22.1,3,0,0,2,22.6
8/11/20,Oliver Baumann,Bundesliga,Matchweek 7,Away,L 1–2,Hoffenheim,Wolfsburg,Y*,GK,90,7,2,5,71.4,0,2.6,1,0,0,1,8,17,47.1,34,3,47.1,36.3,5,20,35,10,0,0,2,17.2
21/11/20,Oliver Baumann,Bundesliga,Matchweek 8,Home,D 3–3,Hoffenheim,Stuttgart,Y*,GK,90,9,3,6,66.7,0,4.1,0,0,0,0,5,16,31.3,28,6,46.4,35.5,7,42.9,40,8,1,12.5,3,18.5
29/11/20,Oliver Baumann,Bundesliga,Matchweek 9,Away,D 1–1,Hoffenheim,Mainz 05,Y*,GK,90,4,1,3,75,0,1,0,0,0,0,6,13,46.2,29,4,44.8,37.9,3,0,15.7,14,0,0,1,10
7/12/20,Oliver Baumann,Bundesliga,Matchweek 10,Home,W 3–1,Hoffenheim,Augsburg,Y*,GK,90,2,1,1,50,0,0.5,0,0,0,0,8,14,57.1,45,7,26.7,28.2,7,28.6,31.9,12,0,0,1,15.9
13/12/20,Oliver Baumann,Bundesliga,Matchweek 11,Away,L 1–4,Hoffenheim,Leverkusen,Y*,GK,90,7,4,4,57.1,0,2.8,1,1,0,0,7,14,50,31,5,38.7,35.5,7,28.6,26.3,4,0,0,1,15.7
16/12/20,Oliver Baumann,Bundesliga,Matchweek 12,Home,L 0–1,Hoffenheim,RB Leipzig,Y*,GK,90,3,1,2,66.7,0,0.6,0,0,0,0,4,7,57.1,39,6,17.9,26.2,4,0,20.8,7,0,0,1,19.5
19/12/20,Oliver Baumann,Bundesliga,Matchweek 13,Away,W 2–1,Hoffenheim,M'Gladbach,Y*,GK,90,4,1,4,100,0,1.1,1,1,0,0,6,8,75,28,6,25,28.1,9,11.1,16.2,3,0,0,0,13.5
2/1/21,Oliver Baumann,Bundesliga,Matchweek 14,Home,L 1–3,Hoffenheim,Freiburg,Y*,GK,90,4,3,3,50,0,2.2,1,1,0,0,5,10,50,42,7,23.8,28.8,5,0,18.4,4,0,0,4,18.8
9/1/21,Oliver Baumann,Bundesliga,Matchweek 15,Away,L 0–4,Hoffenheim,Schalke 04,Y*,GK,90,5,4,1,20,0,1.5,0,0,0,0,2,3,66.7,22,6,13.6,22.2,3,0,27.3,4,0,0,0,15.6
16/1/21,Oliver Baumann,Bundesliga,Matchweek 16,Home,D 0–0,Hoffenheim,Arminia,Y*,GK,90,2,0,2,100,1,0.4,0,0,0,0,7,14,50,29,8,31,29.4,7,71.4,46.4,2,0,0,1,20
19/1/21,Oliver Baumann,Bundesliga,Matchweek 17,Away,W 3–0,Hoffenheim,Hertha BSC,Y*,GK,90,0,0,0,,1,0.8,1,0,1,0,4,18,22.2,32,3,46.9,41.5,8,37.5,28.5,11,0,0,1,15.2
24/1/21,Oliver Baumann,Bundesliga,Matchweek 18,Home,W 3–0,Hoffenheim,Köln,Y*,GK,90,2,0,2,100,1,0.9,1,0,1,0,7,16,43.8,24,4,41.7,40.4,6,100,66,22,3,13.6,0,11.2
30/1/21,Oliver Baumann,Bundesliga,Matchweek 19,Away,L 1–4,Hoffenheim,Bayern Munich,Y*,GK,90,9,4,5,55.6,0,3.8,0,0,0,0,6,16,37.5,30,8,43.3,38.2,5,60,42.8,14,0,0,0,8.3
7/2/21,Oliver Baumann,Bundesliga,Matchweek 20,Home,L 1–3,Hoffenheim,Eint Frankfurt,Y*,GK,90,5,3,2,40,0,1.9,0,0,0,0,8,13,61.5,28,3,35.7,33.4,8,37.5,31,10,0,0,0,11
13/2/21,Oliver Baumann,Bundesliga,Matchweek 21,Away,D 2–2,Hoffenheim,Dortmund,Y*,GK,90,3,2,1,33.3,0,1.6,0,0,0,0,16,28,57.1,41,6,63.4,45.9,2,100,62,11,1,9.1,0,10.1
21/2/21,Oliver Baumann,Bundesliga,Matchweek 22,Home,W 4–0,Hoffenheim,Werder Bremen,Y*,GK,90,1,0,1,100,1,0.3,0,0,0,0,6,17,35.3,36,4,36.1,37.6,5,80,52.4,7,0,0,1,14.3
28/2/21,Oliver Baumann,Bundesliga,Matchweek 23,Away,D 1–1,Hoffenheim,Union Berlin,Y*,GK,90,0,1,0,,0,1,1,1,0,0,7,14,50,40,4,30,28.7,2,100,53.5,7,0,0,2,14.7
6/3/21,Oliver Baumann,Bundesliga,Matchweek 24,Home,W 2–1,Hoffenheim,Wolfsburg,Y*,GK,90,6,1,5,83.3,0,2.2,0,0,0,0,7,23,30.4,29,5,55.2,44.6,9,77.8,50.7,18,1,5.6,0,8
14/3/21,Oliver Baumann,Bundesliga,Matchweek 25,Away,L 0–2,Hoffenheim,Stuttgart,Y*,GK,90,4,2,3,50,0,0.8,0,0,0,0,10,21,47.6,49,10,36.7,31.8,6,50,36.5,7,2,28.6,3,18.2
21/3/21,Oliver Baumann,Bundesliga,Matchweek 26,Home,L 1–2,Hoffenheim,Mainz 05,Y*,GK,90,7,2,5,71.4,0,2.4,0,0,0,0,4,15,26.7,47,7,27.7,33,6,33.3,36.8,9,0,0,1,12.3
3/4/21,Oliver Baumann,Bundesliga,Matchweek 27,Away,L 1–2,Hoffenheim,Augsburg,Y*,GK,90,2,2,0,0,0,1.4,0,0,0,0,3,7,42.9,37,6,16.2,23.6,5,20,25.2,3,0,0,2,19
12/4/21,Oliver Baumann,Bundesliga,Matchweek 28,Home,D 0–0,Hoffenheim,Leverkusen,Y*,GK,90,4,0,4,100,1,0.7,0,0,0,0,5,12,41.7,60,7,20,27.7,2,0,8.5,3,1,33.3,0,13.9
16/4/21,Oliver Baumann,Bundesliga,Matchweek 29,Away,D 0–0,Hoffenheim,RB Leipzig,Y*,GK,90,2,0,2,100,1,0.2,0,0,0,0,12,20,60,42,5,42.9,39.9,11,18.2,23.5,11,1,9.1,2,16
21/4/21,Oliver Baumann,Bundesliga,Matchweek 30,Home,W 3–2,Hoffenheim,M'Gladbach,Y*,GK,90,2,2,0,0,0,1,0,0,0,0,2,9,22.2,49,4,14.3,25.1,3,66.7,50.3,9,0,0,1,11.2
24/4/21,Oliver Baumann,Bundesliga,Matchweek 31,Away,D 1–1,Hoffenheim,Freiburg,Y*,GK,90,5,1,5,100,0,1.6,1,1,0,0,4,15,26.7,53,10,26.4,31,7,14.3,22.6,13,0,0,0,14
8/5/21,Oliver Baumann,Bundesliga,Matchweek 32,Home,W 4–2,Hoffenheim,Schalke 04,Y*,GK,90,3,2,1,33.3,0,1.2,0,0,0,0,1,2,50,32,2,3.1,17.4,5,20,19.6,2,0,0,1,14.8
20/9/20,Robin Zentner,Bundesliga,Matchweek 1,Away,L 1–3,Mainz 05,RB Leipzig,Y,GK,90,8,3,6,75,0,1.4,1,1,0,0,4,9,44.4,23,8,26.1,30.3,11,27.3,30.3,7,0,0,0,11
26/9/20,Robin Zentner,Bundesliga,Matchweek 2,Home,L 1–4,Mainz 05,Stuttgart,Y,GK,90,7,4,3,42.9,0,2.7,0,0,0,0,3,10,30,39,5,23.1,29.9,8,12.5,22.1,10,1,10,1,17.4
2/10/20,Robin Zentner,Bundesliga,Matchweek 3,Away,L 0–4,Mainz 05,Union Berlin,Y,GK,90,7,4,3,42.9,0,2.2,0,0,0,0,3,9,33.3,25,6,28,35.2,5,40,41.6,8,0,0,2,20.6
17/10/20,Robin Zentner,Bundesliga,Matchweek 4,Home,L 0–1,Mainz 05,Leverkusen,Y,GK,90,4,1,3,75,0,0.5,0,0,0,0,10,20,50,28,6,53.6,39.8,8,62.5,48.4,6,1,16.7,1,21.7
24/10/20,Robin Zentner,Bundesliga,Matchweek 5,Home,L 2–3,Mainz 05,M'Gladbach,Y,GK,90,8,3,6,75,0,3.1,1,1,0,0,8,28,28.6,43,6,48.8,39.2,7,100,77.1,10,0,0,2,13.1
31/10/20,Robin Zentner,Bundesliga,Matchweek 6,Away,L 1–3,Mainz 05,Augsburg,Y,GK,90,6,3,3,50,0,2.6,0,0,0,0,3,7,42.9,31,8,16.1,26.6,9,22.2,34.9,7,1,14.3,2,20.5
7/11/20,Robin Zentner,Bundesliga,Matchweek 7,Home,D 2–2,Mainz 05,Schalke 04,Y,GK,90,3,2,2,33.3,0,0.9,0,0,0,0,3,18,16.7,23,7,39.1,37.5,9,100,69.1,12,0,0,1,12.3
22/11/20,Robin Zentner,Bundesliga,Matchweek 8,Away,W 3–1,Mainz 05,Freiburg,Y,GK,90,6,1,5,83.3,0,0.8,0,0,0,0,7,24,29.2,25,8,56,46.6,11,90.9,66.2,18,3,16.7,0,7.5
29/11/20,Robin Zentner,Bundesliga,Matchweek 9,Home,D 1–1,Mainz 05,Hoffenheim,Y,GK,90,4,1,3,75,0,1.3,0,0,0,0,5,16,31.3,23,4,47.8,39.5,9,55.6,42.9,16,0,0,1,10.4
5/12/20,Robin Zentner,Bundesliga,Matchweek 10,Away,L 1–2,Mainz 05,Arminia,Y,GK,90,5,2,3,60,0,1.5,0,0,0,0,4,13,30.8,28,12,28.6,31.4,8,62.5,54.5,8,0,0,0,9.2
12/12/20,Robin Zentner,Bundesliga,Matchweek 11,Home,L 0–1,Mainz 05,Köln,Y,GK,90,6,1,5,83.3,0,1.4,0,0,0,0,3,10,30,29,9,24.1,29.8,4,75,60,9,4,44.4,1,19.6
15/12/20,Robin Zentner,Bundesliga,Matchweek 12,Away,D 0–0,Mainz 05,Hertha BSC,Y,GK,90,0,0,0,,1,0,0,0,0,0,2,13,15.4,21,3,42.9,37.6,11,36.4,33.8,11,0,0,0,13.3
19/12/20,Robin Zentner,Bundesliga,Matchweek 13,Home,L 0–1,Mainz 05,Werder Bremen,Y,GK,90,7,1,6,85.7,0,2.1,0,0,0,0,6,12,50,32,13,28.1,33.1,6,50,44.5,8,0,0,1,13.5
9/1/21,Robin Zentner,Bundesliga,Matchweek 15,Home,L 0–2,Mainz 05,Eint Frankfurt,Y,GK,90,5,2,5,100,0,1.7,2,2,0,0,3,9,33.3,20,5,40,39.6,3,33.3,31.7,14,0,0,1,15.7
16/1/21,Robin Zentner,Bundesliga,Matchweek 16,Away,D 1–1,Mainz 05,Dortmund,Y,GK,90,8,1,7,87.5,0,2,1,0,0,1,10,24,41.7,27,4,59.3,48.3,14,57.1,47,12,1,8.3,1,14.3
19/1/21,Robin Zentner,Bundesliga,Matchweek 17,Home,L 0–2,Mainz 05,Wolfsburg,Y,GK,90,2,2,0,0,0,1.8,0,0,0,0,5,16,31.3,22,5,54.5,45.1,8,50,42.1,7,1,14.3,0,13
23/1/21,Robin Zentner,Bundesliga,Matchweek 18,Home,W 3–2,Mainz 05,RB Leipzig,Y,GK,90,5,2,2,60,0,2.3,0,0,0,0,5,21,23.8,26,6,61.5,50.3,7,71.4,56.7,8,0,0,0,12.6
29/1/21,Robin Zentner,Bundesliga,Matchweek 19,Away,L 0–2,Mainz 05,Stuttgart,Y,GK,90,4,2,2,50,0,1.4,0,0,0,0,4,13,30.8,27,9,25.9,32.9,8,75,57.5,6,1,16.7,0,15.3
6/2/21,Robin Zentner,Bundesliga,Matchweek 20,Home,W 1–0,Mainz 05,Union Berlin,Y,GK,90,4,0,4,100,1,1.3,0,0,0,0,6,22,27.3,32,5,50,44,7,85.7,63.6,7,1,14.3,1,14.7
13/2/21,Robin Zentner,Bundesliga,Matchweek 21,Away,D 2–2,Mainz 05,Leverkusen,Y,GK,90,4,2,2,50,0,0.7,0,0,0,0,5,17,29.4,21,6,47.6,38,9,77.8,60.9,3,1,33.3,0,14.2
20/2/21,Robin Zentner,Bundesliga,Matchweek 22,Away,W 2–1,Mainz 05,M'Gladbach,Y,GK,90,4,1,3,75,0,0.9,0,0,0,0,7,25,28,34,9,58.8,49,7,71.4,52.9,11,2,18.2,0,10.2
28/2/21,Robin Zentner,Bundesliga,Matchweek 23,Home,L 0–1,Mainz 05,Augsburg,Y,GK,90,2,1,1,50,0,1,0,0,0,0,4,6,66.7,28,7,21.4,28,4,0,22.8,5,0,0,1,15.4
5/3/21,Robin Zentner,Bundesliga,Matchweek 24,Away,D 0–0,Mainz 05,Schalke 04,Y,GK,90,2,0,2,100,1,0.2,0,0,0,0,7,14,50,30,1,46.7,39.3,2,0,12,2,1,50,0,25
13/3/21,Robin Zentner,Bundesliga,Matchweek 25,Home,W 1–0,Mainz 05,Freiburg,Y,GK,90,2,0,2,100,1,0.2,0,0,0,0,5,14,35.7,34,7,38.2,39.1,5,20,30,9,3,33.3,0,13.5
21/3/21,Robin Zentner,Bundesliga,Matchweek 26,Away,W 2–1,Mainz 05,Hoffenheim,Y,GK,90,2,1,1,50,0,0.8,0,0,0,0,3,21,14.3,26,7,61.5,47.7,8,62.5,52.8,10,3,30,0,11.2
3/4/21,Robin Zentner,Bundesliga,Matchweek 27,Home,D 1–1,Mainz 05,Arminia,Y,GK,90,2,1,1,50,0,0.5,0,0,0,0,5,10,50,20,8,45,39.8,9,11.1,23.2,7,0,0,1,18.7
11/4/21,Robin Zentner,Bundesliga,Matchweek 28,Away,W 3–2,Mainz 05,Köln,Y,GK,90,3,2,1,66.7,0,1.8,1,1,0,0,8,21,38.1,25,5,52,47.4,10,80,61.8,17,0,0,0,14.7
3/5/21,Robin Zentner,Bundesliga,Matchweek 29,Home,D 1–1,Mainz 05,Hertha BSC,Y,GK,90,5,1,4,80,0,1.2,0,0,0,0,3,6,50,22,5,18.2,29,4,50,35.5,4,2,50,0,11.3
21/4/21,Robin Zentner,Bundesliga,Matchweek 30,Away,W 1–0,Mainz 05,Werder Bremen,Y,GK,90,3,0,3,100,1,0.3,0,0,0,0,12,20,60,17,4,64.7,51.8,11,81.8,65,14,1,7.1,1,13.1
24/4/21,Robin Zentner,Bundesliga,Matchweek 31,Home,W 2–1,Mainz 05,Bayern Munich,Y,GK,90,4,1,3,75,0,0.9,0,0,0,0,4,23,17.4,25,6,72,54,14,35.7,32.4,13,1,7.7,1,13
9/5/21,Robin Zentner,Bundesliga,Matchweek 32,Away,D 1–1,Mainz 05,Eint Frankfurt,Y,GK,90,3,1,2,66.7,0,1.4,0,0,0,0,9,30,30,26,2,80.8,56.2,13,69.2,55.2,15,0,0,0,12.8
19/9/20,Andreas Luthe,Bundesliga,Matchweek 1,Home,L 1–3,Union Berlin,Augsburg,Y,GK,90,5,3,2,40,0,0.9,0,0,0,0,6,13,46.2,37,4,27,30.9,5,60,47,6,0,0,0,12.3
26/9/20,Andreas Luthe,Bundesliga,Matchweek 2,Away,D 1–1,Union Berlin,M'Gladbach,Y,GK,90,6,1,5,83.3,0,1.8,0,0,0,0,8,25,32,33,2,54.5,40.6,8,87.5,55.4,9,1,11.1,0,13.3
2/10/20,Andreas Luthe,Bundesliga,Matchweek 3,Home,W 4–0,Union Berlin,Mainz 05,Y,GK,90,0,0,0,,1,0,0,0,0,0,3,20,15,28,2,53.6,44.1,6,83.3,60.5,9,0,0,0,12.5
18/10/20,Andreas Luthe,Bundesliga,Matchweek 4,Away,D 1–1,Union Berlin,Schalke 04,Y,GK,90,4,1,2,75,0,0.3,0,0,0,0,8,16,50,26,2,53.8,42.3,3,66.7,48.3,5,0,0,0,16.5
24/10/20,Andreas Luthe,Bundesliga,Matchweek 5,Home,D 1–1,Union Berlin,Freiburg,Y,GK,90,4,1,3,75,0,0.9,0,0,0,0,6,18,33.3,29,3,51.7,44,4,75,53.5,8,0,0,0,14.1
2/11/20,Andreas Luthe,Bundesliga,Matchweek 6,Away,W 3–1,Union Berlin,Hoffenheim,Y,GK,90,4,1,3,75,0,1.4,0,0,0,0,4,19,21.1,32,6,43.8,39.4,7,71.4,46.1,6,1,16.7,1,13
7/11/20,Andreas Luthe,Bundesliga,Matchweek 7,Home,W 5–0,Union Berlin,Arminia,Y,GK,90,1,0,1,100,1,0.6,0,0,0,0,9,10,90,34,5,26.5,30.3,2,50,41.5,7,1,14.3,0,10.6
22/11/20,Andreas Luthe,Bundesliga,Matchweek 8,Away,W 2–1,Union Berlin,Köln,Y,GK,90,3,1,2,66.7,0,0.9,0,0,0,0,3,12,25,26,4,26.9,30.5,10,50,39.1,7,0,0,0,7.5
28/11/20,Andreas Luthe,Bundesliga,Matchweek 9,Home,D 3–3,Union Berlin,Eint Frankfurt,Y,GK,90,3,3,0,0,0,1.9,0,0,0,0,2,21,9.5,25,1,56,42.4,9,77.8,52.3,10,0,0,0,7.8
4/12/20,Andreas Luthe,Bundesliga,Matchweek 10,Away,L 1–3,Union Berlin,Hertha BSC,Y,GK,90,7,3,4,57.1,0,2.3,0,0,0,0,8,15,53.3,18,3,55.6,44.9,6,83.3,56.5,10,1,10,0,12
12/12/20,Andreas Luthe,Bundesliga,Matchweek 11,Home,D 1–1,Union Berlin,Bayern Munich,Y,GK,90,5,1,4,80,0,2.1,0,0,0,0,7,17,41.2,18,3,61.1,45.4,9,66.7,43.1,11,0,0,0,10.5
15/12/20,Andreas Luthe,Bundesliga,Matchweek 12,Away,D 2–2,Union Berlin,Stuttgart,Y,GK,90,5,2,3,60,0,1.7,0,0,0,0,9,21,42.9,32,6,50,42.5,7,71.4,50.3,7,0,0,2,16.2
18/12/20,Andreas Luthe,Bundesliga,Matchweek 13,Home,W 2–1,Union Berlin,Dortmund,Y,GK,90,3,1,2,66.7,0,0.5,0,0,0,0,7,19,36.8,24,4,41.7,36.4,11,81.8,53.5,7,0,0,0,12.6
2/1/21,Andreas Luthe,Bundesliga,Matchweek 14,Away,W 2–0,Union Berlin,Werder Bremen,Y,GK,90,2,0,2,100,1,0.8,0,0,0,0,6,25,24,35,5,60,43.5,7,57.1,42.3,8,1,12.5,0,13.8
9/1/21,Andreas Luthe,Bundesliga,Matchweek 15,Home,D 2–2,Union Berlin,Wolfsburg,Y,GK,90,4,2,3,75,0,2.9,1,1,0,0,3,10,30,23,2,34.8,33.8,8,25,27.9,8,2,25,0,10.3
15/1/21,Andreas Luthe,Bundesliga,Matchweek 16,Home,W 1–0,Union Berlin,Leverkusen,Y,GK,90,3,0,3,100,1,1,0,0,0,0,6,12,50,28,1,32.1,32.9,6,50,40.2,14,0,0,0,12.1
20/1/21,Andreas Luthe,Bundesliga,Matchweek 17,Away,L 0–1,Union Berlin,RB Leipzig,Y,GK,90,4,1,3,75,0,1.1,0,0,0,0,8,13,61.5,34,8,17.6,29.6,13,53.8,38.6,10,1,10,0,12
23/1/21,Andreas Luthe,Bundesliga,Matchweek 18,Away,L 1–2,Union Berlin,Augsburg,Y,GK,90,4,2,2,50,0,1.5,0,0,0,0,7,13,53.8,31,4,25.8,31,10,50,41.6,3,0,0,0,13.3
30/1/21,Andreas Luthe,Bundesliga,Matchweek 19,Home,D 1–1,Union Berlin,M'Gladbach,Y,GK,68,3,1,2,66.7,0,0.6,0,0,0,0,10,19,52.6,25,1,56,41.6,7,71.4,47,7,2,28.6,0,14
6/2/21,Andreas Luthe,Bundesliga,Matchweek 20,Away,L 0–1,Union Berlin,Mainz 05,Y,GK,90,4,1,4,100,0,1.2,1,1,0,0,8,24,33.3,39,4,46.2,40.1,7,85.7,53.4,5,0,0,1,13.9
7/3/21,Andreas Luthe,Bundesliga,Matchweek 24,Away,D 0–0,Union Berlin,Arminia,Y,GK,90,2,0,2,100,1,0.2,0,0,0,0,3,8,37.5,34,6,20.6,28.7,1,100,64,7,0,0,1,14.7
13/3/21,Andreas Luthe,Bundesliga,Matchweek 25,Home,W 2–1,Union Berlin,Köln,Y,GK,90,4,1,4,100,0,1.2,1,1,0,0,9,22,40.9,27,4,70.4,49.6,3,100,62.3,10,3,30,0,13
20/3/21,Andreas Luthe,Bundesliga,Matchweek 26,Away,L 2–5,Union Berlin,Eint Frankfurt,Y,GK,90,5,5,1,0,0,2.3,0,0,0,0,5,14,35.7,35,4,28.6,30.2,6,66.7,42,9,2,22.2,2,24.7
4/4/21,Andreas Luthe,Bundesliga,Matchweek 27,Home,D 1–1,Union Berlin,Hertha BSC,Y,GK,90,0,1,0,,0,1,1,1,0,0,3,8,37.5,23,2,26.1,31.1,4,50,38.3,3,0,0,0,17.7
10/4/21,Andreas Luthe,Bundesliga,Matchweek 28,Away,D 1–1,Union Berlin,Bayern Munich,Y,GK,90,2,1,1,50,0,1,0,0,0,0,10,20,50,42,3,35.7,34.1,13,38.5,34,5,0,0,0,11
17/4/21,Andreas Luthe,Bundesliga,Matchweek 29,Home,W 2–1,Union Berlin,Stuttgart,Y,GK,90,2,1,1,50,0,0.9,0,0,0,0,9,24,37.5,43,3,46.5,40.8,5,80,49.8,6,0,0,2,14.9
21/4/21,Andreas Luthe,Bundesliga,Matchweek 30,Away,L 0–2,Union Berlin,Dortmund,Y,GK,90,9,2,7,77.8,0,2.8,1,0,1,0,8,11,72.7,29,3,24.1,32.4,12,33.3,30.8,6,1,16.7,0,10.8
24/4/21,Andreas Luthe,Bundesliga,Matchweek 31,Home,W 3–1,Union Berlin,Werder Bremen,Y,GK,90,5,1,4,80,0,1,0,0,0,0,12,20,60,27,1,63,49.6,5,60,42.8,6,0,0,0,7.3
8/5/21,Andreas Luthe,Bundesliga,Matchweek 32,Away,L 0–3,Union Berlin,Wolfsburg,Y,GK,90,8,3,5,62.5,0,3.3,0,0,0,0,9,11,81.8,21,2,33.3,34.8,8,50,36,8,0,0,1,20
15/5/21,Andreas Luthe,Bundesliga,Matchweek 33,Away,D 1–1,Union Berlin,Leverkusen,Y,GK,90,4,1,2,75,0,1,0,0,0,0,4,8,50,33,4,12.1,28.7,7,57.1,44.6,11,0,0,0,15.5
18/9/20,Manuel Neuer,Bundesliga,Matchweek 1,Home,W 8–0,Bayern Munich,Schalke 04,Y*,GK,90,1,0,1,100,1,0,0,0,0,0,1,2,50,37,6,5.4,24.2,1,0,25,3,0,0,0,15.8
27/9/20,Manuel Neuer,Bundesliga,Matchweek 2,Away,L 1–4,Bayern Munich,Hoffenheim,Y*,GK,90,7,4,3,57.1,0,5.1,1,1,0,0,4,7,57.1,25,6,24,30,6,16.7,30,7,0,0,0,13.3
4/10/20,Manuel Neuer,Bundesliga,Matchweek 3,Home,W 4–3,Bayern Munich,Hertha BSC,Y*,GK,90,5,3,2,40,0,2.3,0,0,0,0,4,4,100,18,2,16.7,26.9,5,20,33,12,0,0,0,12
17/10/20,Manuel Neuer,Bundesliga,Matchweek 4,Away,W 4–1,Bayern Munich,Arminia,Y*,GK,90,5,1,4,80,0,1.9,0,0,0,0,8,10,80,37,7,27,31.5,4,0,27,0,0,,0,8
24/10/20,Manuel Neuer,Bundesliga,Matchweek 5,Home,W 5–0,Bayern Munich,Eint Frankfurt,Y*,GK,90,2,0,2,100,1,0.2,0,0,0,0,12,19,63.2,55,12,32.7,30.7,7,14.3,22.3,10,0,0,0,13.1
31/10/20,Manuel Neuer,Bundesliga,Matchweek 6,Away,W 2–1,Bayern Munich,Köln,Y*,GK,90,2,1,1,50,0,1.4,0,0,0,0,2,5,40,29,7,13.8,29,5,20,37.8,11,0,0,1,18.8
7/11/20,Manuel Neuer,Bundesliga,Matchweek 7,Away,W 3–2,Bayern Munich,Dortmund,Y*,GK,90,5,2,3,60,0,2.5,0,0,0,0,14,25,56,50,7,42,37.3,8,50,40,9,0,0,3,14.9
21/11/20,Manuel Neuer,Bundesliga,Matchweek 8,Home,D 1–1,Bayern Munich,Werder Bremen,Y*,GK,90,4,1,3,75,0,1.9,0,0,0,0,6,7,85.7,16,2,25,30.6,4,75,44,5,0,0,1,18.3
28/11/20,Manuel Neuer,Bundesliga,Matchweek 9,Away,W 3–1,Bayern Munich,Stuttgart,Y*,GK,90,5,1,4,80,0,1.6,0,0,0,0,12,19,63.2,41,6,36.6,34.1,10,40,35.5,9,1,11.1,0,14.3
5/12/20,Manuel Neuer,Bundesliga,Matchweek 10,Home,D 3–3,Bayern Munich,RB Leipzig,Y*,GK,90,4,3,1,25,0,2,0,0,0,0,6,12,50,36,5,30.6,33.2,4,25,26.5,6,0,0,6,23.2
12/12/20,Manuel Neuer,Bundesliga,Matchweek 11,Away,D 1–1,Bayern Munich,Union Berlin,Y*,GK,90,5,1,4,80,0,1.8,0,0,0,0,10,14,71.4,37,6,24.3,30.3,7,71.4,45.9,8,0,0,2,15.9
16/12/20,Manuel Neuer,Bundesliga,Matchweek 12,Home,W 2–1,Bayern Munich,Wolfsburg,Y*,GK,90,6,1,5,83.3,0,1.4,0,0,0,0,15,21,71.4,38,7,52.6,38.4,7,14.3,22.9,9,1,11.1,0,12.2
19/12/20,Manuel Neuer,Bundesliga,Matchweek 13,Away,W 2–1,Bayern Munich,Leverkusen,Y*,GK,90,3,1,2,66.7,0,0.2,0,0,0,0,10,22,45.5,62,9,33.9,31,8,12.5,27,10,0,0,4,18.1
3/1/21,Manuel Neuer,Bundesliga,Matchweek 14,Home,W 5–2,Bayern Munich,Mainz 05,Y*,GK,90,6,2,4,66.7,0,0.8,0,0,0,0,12,15,80,43,6,32.6,31.9,3,33.3,38.7,2,0,0,3,20.3
8/1/21,Manuel Neuer,Bundesliga,Matchweek 15,Away,L 2–3,Bayern Munich,M'Gladbach,Y*,GK,90,4,3,1,25,0,2.1,0,0,0,0,8,13,61.5,45,4,28.9,30.4,3,0,18.3,3,0,0,2,18.2
17/1/21,Manuel Neuer,Bundesliga,Matchweek 16,Home,W 2–1,Bayern Munich,Freiburg,Y*,GK,90,3,1,2,66.7,0,0.6,0,0,0,0,10,16,62.5,33,4,42.4,34.4,4,50,37.8,11,0,0,0,7.7
20/1/21,Manuel Neuer,Bundesliga,Matchweek 17,Away,W 1–0,Bayern Munich,Augsburg,Y*,GK,90,0,0,0,,1,0,1,0,0,1,6,9,66.7,19,5,36.8,30.2,10,20,25,4,1,25,2,16.4
24/1/21,Manuel Neuer,Bundesliga,Matchweek 18,Away,W 4–0,Bayern Munich,Schalke 04,Y*,GK,90,4,0,4,100,1,1,0,0,0,0,5,6,83.3,17,5,23.5,29.4,10,20,27.4,5,0,0,1,15.3
30/1/21,Manuel Neuer,Bundesliga,Matchweek 19,Home,W 4–1,Bayern Munich,Hoffenheim,Y*,GK,90,5,1,4,80,0,1.9,0,0,0,0,8,11,72.7,31,4,35.5,33.9,5,0,25.2,8,0,0,0,14.5
5/2/21,Manuel Neuer,Bundesliga,Matchweek 20,Away,W 1–0,Bayern Munich,Hertha BSC,Y*,GK,90,7,0,7,100,1,1.3,0,0,0,0,6,8,75,30,6,26.7,30.4,6,0,17.5,4,0,0,2,32
15/2/21,Manuel Neuer,Bundesliga,Matchweek 21,Home,D 3–3,Bayern Munich,Arminia,Y*,GK,90,3,3,0,0,0,2.1,0,0,0,0,4,5,80,29,3,17.2,25,3,0,16.3,1,0,0,1,15
20/2/21,Manuel Neuer,Bundesliga,Matchweek 22,Away,L 1–2,Bayern Munich,Eint Frankfurt,Y*,GK,90,4,2,2,50,0,1.5,0,0,0,0,6,13,46.2,39,8,30.8,31.5,7,14.3,27.3,8,0,0,1,12.3
27/2/21,Manuel Neuer,Bundesliga,Matchweek 23,Home,W 5–1,Bayern Munich,Köln,Y*,GK,90,3,1,2,66.7,0,1.2,0,0,0,0,7,10,70,33,4,27.3,29.2,4,25,23.3,5,0,0,5,24.7
6/3/21,Manuel Neuer,Bundesliga,Matchweek 24,Home,W 4–2,Bayern Munich,Dortmund,Y*,GK,90,3,2,1,33.3,0,0.9,0,0,0,0,3,4,75,27,3,14.8,25.8,1,0,13,2,0,0,0,11.5
13/3/21,Manuel Neuer,Bundesliga,Matchweek 25,Away,W 3–1,Bayern Munich,Werder Bremen,Y*,GK,90,4,1,3,75,0,0.9,0,0,0,0,5,6,83.3,21,5,28.6,30.8,3,0,30,4,0,0,0,8
20/3/21,Manuel Neuer,Bundesliga,Matchweek 26,Home,W 4–0,Bayern Munich,Stuttgart,Y*,GK,90,5,0,5,100,1,0.7,0,0,0,0,9,27,33.3,45,8,55.6,42.3,6,33.3,36.3,14,1,7.1,1,20.2
3/4/21,Manuel Neuer,Bundesliga,Matchweek 27,Away,W 1–0,Bayern Munich,RB Leipzig,Y*,GK,90,2,0,2,100,1,0.1,0,0,0,0,12,22,54.5,47,4,38.3,38.4,11,36.4,36.5,11,1,9.1,0,9.7
10/4/21,Manuel Neuer,Bundesliga,Matchweek 28,Home,D 1–1,Bayern Munich,Union Berlin,Y*,GK,90,2,1,1,50,0,1.1,0,0,0,0,4,8,50,28,5,28.6,31.2,5,0,13.4,10,0,0,1,22.3
17/4/21,Manuel Neuer,Bundesliga,Matchweek 29,Away,W 3–2,Bayern Munich,Wolfsburg,Y*,GK,90,3,2,1,33.3,0,2,0,0,0,0,10,22,45.5,42,6,47.6,38.9,9,22.2,30.7,8,0,0,0,14.8
20/4/21,Manuel Neuer,Bundesliga,Matchweek 30,Home,W 2–0,Bayern Munich,Leverkusen,Y*,GK,90,4,0,4,100,1,0.5,0,0,0,0,7,8,87.5,29,7,27.6,29.9,5,0,20.6,7,0,0,1,15.7
24/4/21,Manuel Neuer,Bundesliga,Matchweek 31,Away,L 1–2,Bayern Munich,Mainz 05,Y*,GK,90,4,2,1,50,0,0.6,0,0,0,0,7,12,58.3,35,6,31.4,31.9,2,50,38,5,0,0,1,16.4
8/5/21,Manuel Neuer,Bundesliga,Matchweek 32,Home,W 6–0,Bayern Munich,M'Gladbach,Y*,GK,90,3,0,3,100,1,0.7,0,0,0,0,2,5,40,30,9,16.7,28.6,9,0,19.4,10,1,10,1,11.7
13/2/21,Niklas Lomb,Bundesliga,Matchweek 21,Home,D 2–2,Leverkusen,Mainz 05,N,GK,45,5,2,3,60,0,1.7,0,0,0,0,1,10,10,22,3,36.4,36.9,2,100,63.5,11,1,9.1,0,10
21/2/21,Niklas Lomb,Bundesliga,Matchweek 22,Away,D 1–1,Leverkusen,Augsburg,Y,GK,90,3,1,2,66.7,0,1.4,0,0,0,0,4,7,57.1,31,10,19.4,25.9,5,20,27.6,1,0,0,1,15.3
19/9/20,Roman Bürki,Bundesliga,Matchweek 1,Home,W 3–0,Dortmund,M'Gladbach,Y,GK,90,2,0,2,100,1,0.4,0,0,0,0,3,10,30,23,5,34.8,31.5,6,33.3,36.5,7,0,0,0,9.6
26/9/20,Roman Bürki,Bundesliga,Matchweek 2,Away,L 0–2,Dortmund,Augsburg,Y,GK,90,4,2,2,50,0,1.5,0,0,0,0,3,5,60,23,5,21.7,29,5,0,22.4,5,0,0,0,18
24/10/20,Roman Bürki,Bundesliga,Matchweek 5,Home,W 3–0,Dortmund,Schalke 04,Y,GK,90,0,0,0,,1,0,0,0,0,0,1,6,16.7,24,1,25,31.4,2,0,17.5,0,0,,0,13
31/10/20,Roman Bürki,Bundesliga,Matchweek 6,Away,W 2–0,Dortmund,Arminia,Y,GK,90,2,0,2,100,1,0.3,0,0,0,0,5,11,45.5,29,3,31,35.7,4,50,45.5,2,0,0,0,17
7/11/20,Roman Bürki,Bundesliga,Matchweek 7,Home,L 2–3,Dortmund,Bayern Munich,Y,GK,90,7,3,4,57.1,0,1.9,0,0,0,0,3,11,27.3,23,6,43.5,35.9,6,16.7,22.7,13,2,15.4,0,9.5
21/11/20,Roman Bürki,Bundesliga,Matchweek 8,Away,W 5–2,Dortmund,Hertha BSC,Y,GK,90,2,2,1,50,0,1,1,1,0,0,2,7,28.6,18,5,38.9,38.5,3,0,13.7,5,0,0,0,6.8
28/11/20,Roman Bürki,Bundesliga,Matchweek 9,Home,L 1–2,Dortmund,Köln,Y,GK,90,5,2,3,60,0,2,0,0,0,0,2,3,66.7,19,8,15.8,22.2,2,0,24.5,4,1,25,0,16.8
5/12/20,Roman Bürki,Bundesliga,Matchweek 10,Away,D 1–1,Dortmund,Eint Frankfurt,Y,GK,90,1,1,0,0,0,0.3,0,0,0,0,4,14,28.6,32,4,34.4,31.3,7,42.9,35.6,7,0,0,0,13
12/12/20,Roman Bürki,Bundesliga,Matchweek 11,Home,L 1–5,Dortmund,Stuttgart,Y,GK,90,9,5,5,55.6,0,4.1,1,1,0,0,7,11,63.6,28,4,32.1,32.3,4,50,44.3,7,0,0,2,18.3
15/12/20,Roman Bürki,Bundesliga,Matchweek 12,Away,W 2–1,Dortmund,Werder Bremen,Y,GK,90,3,1,2,66.7,0,0.8,0,0,0,0,1,10,10,23,5,34.8,35.3,7,28.6,31,8,0,0,1,23.8
18/12/20,Roman Bürki,Bundesliga,Matchweek 13,Away,L 1–2,Dortmund,Union Berlin,Y,GK,90,5,2,3,60,0,1.9,0,0,0,0,3,9,33.3,31,7,16.1,25.8,6,66.7,44.2,3,0,0,1,13.3
3/1/21,Roman Bürki,Bundesliga,Matchweek 14,Home,W 2–0,Dortmund,Wolfsburg,Y,GK,90,5,0,5,100,1,0.4,0,0,0,0,12,18,66.7,34,7,38.2,36,12,41.7,36.4,14,0,0,0,5
9/1/21,Roman Bürki,Bundesliga,Matchweek 15,Away,W 3–1,Dortmund,RB Leipzig,Y,GK,90,4,1,3,75,0,1.2,0,0,0,0,12,18,66.7,27,4,40.7,34.6,11,63.6,46,8,1,12.5,0,14
16/1/21,Roman Bürki,Bundesliga,Matchweek 16,Home,D 1–1,Dortmund,Mainz 05,Y,GK,90,3,1,2,66.7,0,0.8,0,0,0,0,6,7,85.7,27,7,25.9,30.9,4,0,24.8,5,3,60,0,12.8
19/1/21,Roman Bürki,Bundesliga,Matchweek 17,Away,L 1–2,Dortmund,Leverkusen,Y,GK,90,13,2,11,84.6,0,1.7,0,0,0,0,5,15,33.3,47,11,27.7,32.1,5,40,45.8,6,0,0,0,11.4
22/1/21,Roman Bürki,Bundesliga,Matchweek 18,Away,L 2–4,Dortmund,M'Gladbach,Y,GK,90,7,4,3,42.9,0,2.2,0,0,0,0,3,7,42.9,34,4,14.7,25.4,3,66.7,52,0,0,,1,13
8/5/21,Roman Bürki,Bundesliga,Matchweek 32,Home,W 3–2,Dortmund,RB Leipzig,N,GK,45,6,2,4,66.7,0,1.5,0,0,0,0,3,10,30,16,9,37.5,38.1,5,80,52.8,7,2,28.6,0,6.3
16/5/21,Roman Bürki,Bundesliga,Matchweek 33,Away,W 3–1,Dortmund,Mainz 05,Y,GK,90,5,1,5,100,0,1.9,1,1,0,0,9,14,64.3,23,4,47.8,42.7,8,37.5,44.8,11,0,0,1,16.7
6/11/20,Ron-Robert Zieler,Bundesliga,Matchweek 7,Away,D 1–1,Köln,Werder Bremen,N,GK,51,2,1,2,100,0,0.7,1,1,0,0,6,11,54.5,17,4,35.3,35,6,83.3,49.7,10,0,0,0,11.8
9/5/21,Mark Flekken,Bundesliga,Matchweek 32,Away,W 4–1,Freiburg,Köln,Y,GK,90,2,1,1,50,0,0.9,1,0,0,1,11,27,40.7,35,2,51.4,47.8,9,100,78.2,11,0,0,0,13.5
15/5/21,Mark Flekken,Bundesliga,Matchweek 33,Home,D 2–2,Freiburg,Bayern Munich,Y,GK,90,5,2,4,80,0,2.8,1,1,0,0,9,15,60,32,4,34.4,37.3,7,57.1,52,9,0,0,0,6.3
20/9/20,Lukáš Hrádecký,Bundesliga,Matchweek 1,Away,D 0–0,Leverkusen,Wolfsburg,Y,GK,90,1,0,1,100,1,0.6,0,0,0,0,4,11,36.4,39,7,23.1,29.4,6,33.3,34.8,7,0,0,1,18.8
26/9/20,Lukáš Hrádecký,Bundesliga,Matchweek 2,Home,D 1–1,Leverkusen,RB Leipzig,Y,GK,90,2,1,1,50,0,0.7,0,0,0,0,8,15,53.3,36,3,38.9,35,4,25,27,7,1,14.3,2,20
3/10/20,Lukáš Hrádecký,Bundesliga,Matchweek 3,Away,D 1–1,Leverkusen,Stuttgart,Y,GK,90,2,1,1,50,0,0.8,0,0,0,0,10,24,41.7,39,3,41,35.5,11,72.7,43.5,8,0,0,2,19.1
17/10/20,Lukáš Hrádecký,Bundesliga,Matchweek 4,Away,W 1–0,Leverkusen,Mainz 05,Y,GK,90,0,0,0,,1,0,0,0,0,0,9,18,50,44,6,36.4,35.9,7,28.6,29.3,8,1,12.5,2,18.6
26/10/20,Lukáš Hrádecký,Bundesliga,Matchweek 5,Home,W 3–1,Leverkusen,Augsburg,Y,GK,90,3,1,2,66.7,0,0.2,0,0,0,0,6,18,33.3,40,7,40,36.7,5,40,33.8,5,0,0,1,20
1/11/20,Lukáš Hrádecký,Bundesliga,Matchweek 6,Away,W 4–2,Leverkusen,Freiburg,Y,GK,90,5,2,3,60,0,1.3,0,0,0,0,5,27,18.5,61,5,41,40,5,40,44.4,5,0,0,1,14.8
8/11/20,Lukáš Hrádecký,Bundesliga,Matchweek 7,Home,W 4–3,Leverkusen,M'Gladbach,Y,GK,90,5,3,3,60,0,3.2,1,1,0,0,5,19,26.3,59,5,27.1,31,5,60,40.6,4,1,25,1,17.1
21/11/20,Lukáš Hrádecký,Bundesliga,Matchweek 8,Away,W 2–1,Leverkusen,Arminia,Y,GK,90,0,1,0,,0,0,0,0,0,0,8,19,42.1,45,3,42.2,38.4,2,0,24,5,1,20,2,19.5
29/11/20,Lukáš Hrádecký,Bundesliga,Matchweek 9,Home,D 0–0,Leverkusen,Hertha BSC,Y,GK,90,3,0,3,100,1,0.7,0,0,0,0,9,20,45,46,4,41.3,34.8,4,25,21,6,1,16.7,2,25.7
6/12/20,Lukáš Hrádecký,Bundesliga,Matchweek 10,Away,W 3–0,Leverkusen,Schalke 04,Y,GK,90,3,0,3,100,1,1.1,1,0,1,0,13,24,54.2,47,6,44.7,39.4,4,75,55.8,7,0,0,1,16.7
13/12/20,Lukáš Hrádecký,Bundesliga,Matchweek 11,Home,W 4–1,Leverkusen,Hoffenheim,Y,GK,90,4,1,3,75,0,1.5,0,0,0,0,5,20,25,46,3,32.6,32.3,7,71.4,42.7,7,0,0,0,16
16/12/20,Lukáš Hrádecký,Bundesliga,Matchweek 12,Away,W 4–0,Leverkusen,Köln,Y,GK,90,1,0,1,100,1,0.8,0,0,0,0,4,9,44.4,39,6,17.9,24.9,5,40,41.4,8,0,0,0,14.3
19/12/20,Lukáš Hrádecký,Bundesliga,Matchweek 13,Home,L 1–2,Leverkusen,Bayern Munich,Y,GK,90,3,2,1,33.3,0,1.1,0,0,0,0,8,22,36.4,50,9,42,36.3,7,14.3,23.6,9,1,11.1,2,15.3
2/1/21,Lukáš Hrádecký,Bundesliga,Matchweek 14,Away,L 1–2,Leverkusen,Eint Frankfurt,Y,GK,90,4,2,3,50,0,1.1,0,0,0,0,6,16,37.5,42,5,38.1,35.9,6,0,16.2,11,1,9.1,1,15.5
9/1/21,Lukáš Hrádecký,Bundesliga,Matchweek 15,Home,D 1–1,Leverkusen,Werder Bremen,Y,GK,90,1,1,0,0,0,0.8,0,0,0,0,1,4,25,27,2,11.1,27.1,4,25,33,3,0,0,1,25
15/1/21,Lukáš Hrádecký,Bundesliga,Matchweek 16,Away,L 0–1,Leverkusen,Union Berlin,Y,GK,90,3,1,2,66.7,0,0.4,0,0,0,0,8,15,53.3,41,8,31.7,32,7,28.6,38.9,4,0,0,0,5
19/1/21,Lukáš Hrádecký,Bundesliga,Matchweek 17,Home,W 2–1,Leverkusen,Dortmund,Y,GK,90,2,1,1,50,0,0.4,0,0,0,0,6,24,25,51,7,41.2,35.9,6,50,33.2,5,0,0,2,18.1
23/1/21,Lukáš Hrádecký,Bundesliga,Matchweek 18,Home,L 0–1,Leverkusen,Wolfsburg,Y,GK,90,4,1,3,75,0,0.9,0,0,0,0,5,9,55.6,40,7,20,27,7,14.3,33.4,5,1,20,0,15.3
30/1/21,Lukáš Hrádecký,Bundesliga,Matchweek 19,Away,L 0–1,Leverkusen,RB Leipzig,Y,GK,90,2,1,1,50,0,0.7,0,0,0,0,9,23,39.1,58,10,39.7,34.6,7,0,21,6,1,16.7,1,15.8
6/2/21,Lukáš Hrádecký,Bundesliga,Matchweek 20,Home,W 5–2,Leverkusen,Stuttgart,Y,GK,90,7,2,5,71.4,0,2.4,0,0,0,0,16,27,59.3,49,5,49,39.7,3,100,66.3,2,0,0,2,22.3
13/2/21,Lukáš Hrádecký,Bundesliga,Matchweek 21,Home,D 2–2,Leverkusen,Mainz 05,Y,GK,45,0,0,0,,0,0,0,0,0,0,2,6,33.3,23,6,21.7,31.4,4,25,30.8,2,0,0,0,10.6
3/4/21,Lukáš Hrádecký,Bundesliga,Matchweek 27,Home,W 2–1,Leverkusen,Schalke 04,Y,GK,90,2,1,1,50,0,0.4,0,0,0,0,9,20,45,48,7,37.5,37.3,5,40,37.2,10,1,10,2,15.3
12/4/21,Lukáš Hrádecký,Bundesliga,Matchweek 28,Away,D 0–0,Leverkusen,Hoffenheim,Y,GK,90,0,0,0,,1,0,0,0,0,0,9,13,69.2,37,5,35.1,35.8,3,0,14,12,2,16.7,2,16.8
17/4/21,Lukáš Hrádecký,Bundesliga,Matchweek 29,Home,W 3–0,Leverkusen,Köln,Y,GK,90,2,0,2,100,1,0.7,0,0,0,0,9,18,50,34,5,41.2,36.8,11,36.4,32.3,15,1,6.7,1,15
20/4/21,Lukáš Hrádecký,Bundesliga,Matchweek 30,Away,L 0–2,Leverkusen,Bayern Munich,Y,GK,90,9,2,7,77.8,0,3,0,0,0,0,6,11,54.5,32,11,34.4,33.6,10,0,15.5,9,3,33.3,0,12.6
24/4/21,Lukáš Hrádecký,Bundesliga,Matchweek 31,Home,W 3–1,Leverkusen,Eint Frankfurt,Y,GK,90,4,1,3,75,0,2,0,0,0,0,10,21,47.6,45,7,37.8,36.4,6,66.7,44.2,10,1,10,0,13.8
8/5/21,Lukáš Hrádecký,Bundesliga,Matchweek 32,Away,D 0–0,Leverkusen,Werder Bremen,Y,GK,90,1,0,1,100,1,0,0,0,0,0,6,14,42.9,30,10,30,32.3,11,45.5,35.1,12,3,25,1,15
15/5/21,Lukáš Hrádecký,Bundesliga,Matchweek 33,Home,D 1–1,Leverkusen,Union Berlin,Y,GK,90,6,1,5,83.3,0,0.8,0,0,0,0,9,30,30,44,11,54.5,42.8,8,75,50.8,15,1,6.7,1,11
15/5/21,Alexander Nübel,Bundesliga,Matchweek 33,Away,D 2–2,Bayern Munich,Freiburg,Y,GK,90,4,2,2,50,0,1.9,0,0,0,0,1,3,33.3,27,2,11.1,26.7,8,0,28.1,10,0,0,0,9.5
20/9/20,Péter Gulácsi,Bundesliga,Matchweek 1,Home,W 3–1,RB Leipzig,Mainz 05,Y*,GK,90,1,1,0,0,0,0.5,0,0,0,0,3,4,75,34,2,11.8,25.9,4,0,17,5,0,0,1,12.4
26/9/20,Péter Gulácsi,Bundesliga,Matchweek 2,Away,D 1–1,RB Leipzig,Leverkusen,Y*,GK,90,4,1,3,75,0,0.4,0,0,0,0,10,19,52.6,33,3,48.5,39.7,9,33.3,34,11,1,9.1,0,9
3/10/20,Péter Gulácsi,Bundesliga,Matchweek 3,Home,W 4–0,RB Leipzig,Schalke 04,Y*,GK,90,1,0,1,100,1,0,0,0,0,0,1,2,50,21,4,9.5,27.7,4,0,16.3,1,0,0,0,13
17/10/20,Péter Gulácsi,Bundesliga,Matchweek 4,Away,W 2–0,RB Leipzig,Augsburg,Y*,GK,90,2,0,2,100,1,0.8,0,0,0,0,2,3,66.7,30,7,6.7,23.6,2,50,44.5,5,0,0,1,23.8
24/10/20,Péter Gulácsi,Bundesliga,Matchweek 5,Home,W 2–1,RB Leipzig,Hertha BSC,Y*,GK,90,2,1,1,50,0,0.9,0,0,0,0,4,7,57.1,17,1,35.3,34.4,7,14.3,29.3,2,0,0,4,22.1
31/10/20,Péter Gulácsi,Bundesliga,Matchweek 6,Away,L 0–1,RB Leipzig,M'Gladbach,Y,GK,90,3,1,2,66.7,0,1,0,0,0,0,4,10,40,37,8,24.3,30.1,1,100,41,9,1,11.1,1,16.2
7/11/20,Péter Gulácsi,Bundesliga,Matchweek 7,Home,W 3–0,RB Leipzig,Freiburg,Y,GK,90,3,0,3,100,1,0.3,0,0,0,0,5,12,41.7,36,6,25,30.3,6,50,46,7,0,0,2,20.8
21/11/20,Péter Gulácsi,Bundesliga,Matchweek 8,Away,D 1–1,RB Leipzig,Eint Frankfurt,Y,GK,90,3,1,1,66.7,0,1,0,0,0,0,9,17,52.9,33,4,33.3,34,12,50,40.9,7,2,28.6,3,28.3
28/11/20,Péter Gulácsi,Bundesliga,Matchweek 9,Home,W 2–1,RB Leipzig,Arminia,Y*,GK,90,3,1,2,66.7,0,0.5,0,0,0,0,2,7,28.6,24,1,29.2,29.7,5,0,24.8,6,0,0,1,18.3
5/12/20,Péter Gulácsi,Bundesliga,Matchweek 10,Away,D 3–3,RB Leipzig,Bayern Munich,Y,GK,90,5,3,2,40,0,1.1,0,0,0,0,6,11,54.5,30,12,36.7,36,8,0,22.9,11,1,9.1,0,14.5
12/12/20,Péter Gulácsi,Bundesliga,Matchweek 11,Home,W 2–0,RB Leipzig,Werder Bremen,Y,GK,90,2,0,2,100,1,0.1,0,0,0,0,3,7,42.9,25,6,28,33.6,3,0,15,10,1,10,2,18
16/12/20,Péter Gulácsi,Bundesliga,Matchweek 12,Away,W 1–0,RB Leipzig,Hoffenheim,Y,GK,90,3,0,3,100,1,0.5,0,0,0,0,6,13,46.2,41,6,29.3,30.6,5,20,21.2,8,0,0,2,17.2
19/12/20,Péter Gulácsi,Bundesliga,Matchweek 13,Home,D 0–0,RB Leipzig,Köln,Y,GK,90,1,0,1,100,1,0,0,0,0,0,7,9,77.8,30,3,26.7,27.9,2,50,37.5,2,0,0,3,27.8
2/1/21,Péter Gulácsi,Bundesliga,Matchweek 14,Away,W 1–0,RB Leipzig,Stuttgart,Y,GK,90,1,0,1,100,1,0.3,0,0,0,0,9,19,47.4,37,6,37.8,35.9,8,62.5,48.6,7,0,0,0,13.5
9/1/21,Péter Gulácsi,Bundesliga,Matchweek 15,Home,L 1–3,RB Leipzig,Dortmund,Y,GK,90,6,3,2,50,0,2.2,0,0,0,0,1,5,20,28,7,17.9,29.1,8,0,16.1,4,0,0,2,19.3
16/1/21,Péter Gulácsi,Bundesliga,Matchweek 16,Away,D 2–2,RB Leipzig,Wolfsburg,Y,GK,90,2,2,0,0,0,1.5,0,0,0,0,4,12,33.3,32,7,31.3,33.4,4,50,40.5,7,0,0,1,16.3
20/1/21,Péter Gulácsi,Bundesliga,Matchweek 17,Home,W 1–0,RB Leipzig,Union Berlin,Y,GK,90,1,0,1,100,1,0.2,0,0,0,0,4,7,57.1,29,6,20.7,30.5,4,25,35.8,4,0,0,1,17.7
23/1/21,Péter Gulácsi,Bundesliga,Matchweek 18,Away,L 2–3,RB Leipzig,Mainz 05,Y,GK,90,4,3,1,25,0,1.8,0,0,0,0,2,6,33.3,42,10,14.3,25.7,5,0,21.8,10,0,0,4,22.8
30/1/21,Péter Gulácsi,Bundesliga,Matchweek 19,Home,W 1–0,RB Leipzig,Leverkusen,Y,GK,90,3,0,3,100,1,0.9,0,0,0,0,10,18,55.6,35,5,51.4,40.1,3,0,17,7,1,14.3,0,12.3
6/2/21,Péter Gulácsi,Bundesliga,Matchweek 20,Away,W 3–0,RB Leipzig,Schalke 04,Y,GK,90,1,0,1,100,1,0,0,0,0,0,1,2,50,30,10,6.7,24.8,2,0,17,1,0,0,0,12.1
12/2/21,Péter Gulácsi,Bundesliga,Matchweek 21,Home,W 2–1,RB Leipzig,Augsburg,Y*,GK,90,1,1,1,100,0,1.6,1,1,0,0,4,11,36.4,37,4,27,31.5,2,50,51.5,6,1,16.7,0,10.3
21/2/21,Péter Gulácsi,Bundesliga,Matchweek 22,Away,W 3–0,RB Leipzig,Hertha BSC,Y,GK,90,4,0,4,100,1,1.1,0,0,0,0,5,6,83.3,27,7,18.5,30.9,7,14.3,20,4,0,0,3,23
27/2/21,Péter Gulácsi,Bundesliga,Matchweek 23,Home,W 3–2,RB Leipzig,M'Gladbach,Y,GK,90,1,2,0,0,0,1.4,1,1,0,0,1,1,100,14,4,7.1,21.2,1,0,34,1,0,0,0,10.7
6/3/21,Péter Gulácsi,Bundesliga,Matchweek 24,Away,W 3–0,RB Leipzig,Freiburg,Y*,GK,90,1,0,1,100,1,0,0,0,0,0,2,6,33.3,24,3,25,34.7,4,0,17.3,7,2,28.6,2,25
14/3/21,Péter Gulácsi,Bundesliga,Matchweek 25,Home,D 1–1,RB Leipzig,Eint Frankfurt,Y,GK,90,2,1,1,50,0,1.8,0,0,0,0,2,8,25,29,3,24.1,33.1,6,16.7,24.7,7,0,0,1,26.7
19/3/21,Péter Gulácsi,Bundesliga,Matchweek 26,Away,W 1–0,RB Leipzig,Arminia,Y,GK,90,0,0,0,,1,0,0,0,0,0,3,3,100,27,6,11.1,24.3,4,0,26.8,4,0,0,3,20.1
3/4/21,Péter Gulácsi,Bundesliga,Matchweek 27,Home,L 0–1,RB Leipzig,Bayern Munich,Y,GK,90,5,1,4,80,0,0.7,0,0,0,0,4,8,50,32,4,25,31.9,8,0,19.9,2,0,0,3,21.2
10/4/21,Péter Gulácsi,Bundesliga,Matchweek 28,Away,W 4–1,RB Leipzig,Werder Bremen,Y,GK,90,1,1,1,100,0,0.5,1,1,0,0,5,8,62.5,38,6,15.8,26.4,11,18.2,27,7,1,14.3,1,17.2
16/4/21,Péter Gulácsi,Bundesliga,Matchweek 29,Home,D 0–0,RB Leipzig,Hoffenheim,Y,GK,90,0,0,0,,1,0,0,0,0,0,6,12,50,40,5,27.5,27,6,16.7,26.7,6,1,16.7,3,22.3
20/4/21,Péter Gulácsi,Bundesliga,Matchweek 30,Away,L 1–2,RB Leipzig,Köln,Y*,GK,90,3,2,1,33.3,0,1.2,0,0,0,0,6,7,85.7,32,6,21.9,28.7,2,0,13,10,0,0,3,19.3
25/4/21,Péter Gulácsi,Bundesliga,Matchweek 31,Home,W 2–0,RB Leipzig,Stuttgart,Y*,GK,90,0,0,0,,1,0,0,0,0,0,0,0,,20,2,0,20.6,0,,,0,0,,4,31.8
8/5/21,Péter Gulácsi,Bundesliga,Matchweek 32,Away,L 2–3,RB Leipzig,Dortmund,Y,GK,90,4,3,1,25,0,1.1,0,0,0,0,5,8,62.5,27,3,25.9,31.8,9,11.1,22.1,8,0,0,1,18
16/5/21,Péter Gulácsi,Bundesliga,Matchweek 33,Home,D 2–2,RB Leipzig,Wolfsburg,Y,GK,90,4,2,2,50,0,1.2,0,0,0,0,1,7,14.3,32,4,21.9,28.8,4,0,9.8,0,0,,1,18.2
19/9/20,Stefan Ortega,Bundesliga,Matchweek 1,Away,D 1–1,Arminia,Eint Frankfurt,Y,GK,90,6,1,5,83.3,0,1.2,0,0,0,0,13,36,36.1,46,4,63,47.6,9,77.8,62.9,15,1,6.7,0,10.9
26/9/20,Stefan Ortega,Bundesliga,Matchweek 2,Home,W 1–0,Arminia,Köln,Y,GK,90,2,0,2,100,1,0.8,0,0,0,0,18,27,66.7,60,2,43.3,37.4,5,20,30,9,1,11.1,2,18
3/10/20,Stefan Ortega,Bundesliga,Matchweek 3,Away,L 0–1,Arminia,Werder Bremen,Y,GK,90,2,1,1,50,0,0.9,0,0,0,0,17,24,70.8,67,7,32.8,35.5,8,25,33.8,5,0,0,2,17.3
17/10/20,Stefan Ortega,Bundesliga,Matchweek 4,Home,L 1–4,Arminia,Bayern Munich,Y,GK,90,10,4,6,60,0,3.3,0,0,0,0,8,21,38.1,45,4,44.4,42.9,8,12.5,22.9,16,2,12.5,0,10
25/10/20,Stefan Ortega,Bundesliga,Matchweek 5,Away,L 1–2,Arminia,Wolfsburg,Y,GK,90,4,2,2,50,0,1.9,0,0,0,0,11,28,39.3,54,2,48.1,38.7,4,50,46.8,12,0,0,2,14
31/10/20,Stefan Ortega,Bundesliga,Matchweek 6,Home,L 0–2,Arminia,Dortmund,Y,GK,90,10,2,8,80,0,2.4,0,0,0,0,13,33,39.4,40,5,62.5,46.7,10,80,55.6,11,0,0,0,13.4
7/11/20,Stefan Ortega,Bundesliga,Matchweek 7,Away,L 0–5,Arminia,Union Berlin,Y,GK,90,8,5,4,50,0,2.8,1,1,0,0,2,6,33.3,35,4,11.4,30.5,3,66.7,40,3,0,0,0,14.7
21/11/20,Stefan Ortega,Bundesliga,Matchweek 8,Home,L 1–2,Arminia,Leverkusen,Y,GK,90,4,2,2,50,0,1.4,0,0,0,0,12,28,42.9,44,4,52.3,43.3,5,100,63.4,20,0,0,1,17.5
28/11/20,Stefan Ortega,Bundesliga,Matchweek 9,Away,L 1–2,Arminia,RB Leipzig,Y,GK,90,5,2,3,60,0,2,1,0,1,0,20,37,54.1,57,3,61.4,43.8,5,40,32.6,5,0,0,0,12.4
5/12/20,Stefan Ortega,Bundesliga,Matchweek 10,Home,W 2–1,Arminia,Mainz 05,Y,GK,90,5,1,4,80,0,1.5,0,0,0,0,15,27,55.6,36,2,52.8,43.3,9,88.9,61.4,11,0,0,0,8.3
12/12/20,Stefan Ortega,Bundesliga,Matchweek 11,Away,L 0–2,Arminia,Freiburg,Y,GK,90,6,2,5,83.3,0,2.8,1,1,0,0,13,32,40.6,71,5,36.6,37.8,8,75,58.4,8,1,12.5,3,19.8
16/12/20,Stefan Ortega,Bundesliga,Matchweek 12,Home,L 0–1,Arminia,Augsburg,Y,GK,90,2,1,1,50,0,0.9,0,0,0,0,14,41,34.1,56,4,67.9,49.1,8,37.5,34.4,8,1,12.5,1,14.2
19/12/20,Stefan Ortega,Bundesliga,Matchweek 13,Away,W 1–0,Arminia,Schalke 04,Y,GK,90,2,0,2,100,1,0.6,0,0,0,0,10,33,30.3,47,3,63.8,48.9,5,60,40.2,8,0,0,0,10
2/1/21,Stefan Ortega,Bundesliga,Matchweek 14,Home,L 0–1,Arminia,M'Gladbach,Y,GK,90,7,1,6,85.7,0,2,0,0,0,0,21,45,46.7,54,3,66.7,49.6,10,90,65.8,9,0,0,1,14.4
10/1/21,Stefan Ortega,Bundesliga,Matchweek 15,Home,W 1–0,Arminia,Hertha BSC,Y,GK,90,5,0,5,100,1,2.1,0,0,0,0,23,34,67.6,47,2,70.2,49.5,6,16.7,27.5,8,0,0,1,14
16/1/21,Stefan Ortega,Bundesliga,Matchweek 16,Away,D 0–0,Arminia,Hoffenheim,Y,GK,90,5,0,5,100,1,0.4,0,0,0,0,21,29,72.4,52,6,50,43.4,8,37.5,36,15,1,6.7,1,12.2
20/1/21,Stefan Ortega,Bundesliga,Matchweek 17,Home,W 3–0,Arminia,Stuttgart,Y,GK,90,3,0,3,100,1,0.7,0,0,0,0,20,36,55.6,45,2,68.9,53.4,8,62.5,49.9,12,1,8.3,0,13.3
23/1/21,Stefan Ortega,Bundesliga,Matchweek 18,Home,L 1–5,Arminia,Eint Frankfurt,Y,GK,90,8,5,4,37.5,0,2.6,0,0,0,0,11,26,42.3,52,1,44.2,40,4,75,55.8,8,0,0,0,14.3
31/1/21,Stefan Ortega,Bundesliga,Matchweek 19,Away,L 1–3,Arminia,Köln,Y,GK,90,5,3,2,40,0,1.8,0,0,0,0,20,39,51.3,58,3,55.2,44.3,11,63.6,53.7,11,1,9.1,1,17.5
10/3/21,Stefan Ortega,Bundesliga,Matchweek 20,Home,L 0–2,Arminia,Werder Bremen,Y*,GK,90,2,2,0,0,0,1.6,0,0,0,0,13,25,52,60,5,41.7,39.6,4,0,21.5,6,1,16.7,1,19
15/2/21,Stefan Ortega,Bundesliga,Matchweek 21,Away,D 3–3,Arminia,Bayern Munich,Y,GK,90,12,3,9,75,0,2.6,0,0,0,0,10,26,38.5,53,10,41.5,42.6,5,80,58.8,15,1,6.7,1,12.5
19/2/21,Stefan Ortega,Bundesliga,Matchweek 22,Home,L 0–3,Arminia,Wolfsburg,Y,GK,90,6,3,3,50,0,1.6,0,0,0,0,8,20,40,65,4,30.8,35,3,0,26.3,7,1,14.3,1,15.7
27/2/21,Stefan Ortega,Bundesliga,Matchweek 23,Away,L 0–3,Arminia,Dortmund,Y,GK,90,8,3,6,75,0,2.1,1,1,0,0,17,25,68,55,2,38.2,37.6,8,50,38.4,7,0,0,2,22.9
7/3/21,Stefan Ortega,Bundesliga,Matchweek 24,Home,D 0–0,Arminia,Union Berlin,Y,GK,90,3,0,3,100,1,0.9,0,0,0,0,14,28,50,54,6,42.6,40.2,6,83.3,62.2,10,1,10,1,12.9
14/3/21,Stefan Ortega,Bundesliga,Matchweek 25,Away,W 2–1,Arminia,Leverkusen,Y,GK,90,5,1,4,80,0,1.2,0,0,0,0,24,40,60,39,2,71.8,51.9,12,100,67.2,16,3,18.8,1,10.9
19/3/21,Stefan Ortega,Bundesliga,Matchweek 26,Home,L 0–1,Arminia,RB Leipzig,Y,GK,90,7,1,5,85.7,0,1.5,0,0,0,0,18,37,48.6,30,1,90,59.7,11,90.9,65.1,5,0,0,0,11.9
3/4/21,Stefan Ortega,Bundesliga,Matchweek 27,Away,D 1–1,Arminia,Mainz 05,Y*,GK,90,3,1,3,100,0,1.2,1,1,0,0,16,41,39,58,2,62.1,52.3,8,62.5,53.3,8,2,25,3,19.2
9/4/21,Stefan Ortega,Bundesliga,Matchweek 28,Home,W 1–0,Arminia,Freiburg,Y,GK,90,1,0,1,100,1,0.1,0,0,0,0,11,25,44,45,1,40,39.6,8,87.5,64.1,7,0,0,2,23
17/4/21,Stefan Ortega,Bundesliga,Matchweek 29,Away,D 0–0,Arminia,Augsburg,Y,GK,90,2,0,2,100,1,0.4,0,0,0,0,13,33,39.4,84,5,39.3,36.6,5,0,18.6,13,3,23.1,2,17.6
20/4/21,Stefan Ortega,Bundesliga,Matchweek 30,Home,W 1–0,Arminia,Schalke 04,Y,GK,90,0,0,0,,1,0,0,0,0,0,11,31,35.5,32,4,71.9,50.7,9,88.9,66.2,10,1,10,0,14.1
25/4/21,Stefan Ortega,Bundesliga,Matchweek 31,Away,L 0–5,Arminia,M'Gladbach,Y,GK,90,11,5,7,63.6,0,4.5,1,1,0,0,6,27,22.2,58,1,39.7,39.8,6,66.7,62.3,8,1,12.5,2,18
9/5/21,Stefan Ortega,Bundesliga,Matchweek 32,Away,D 0–0,Arminia,Hertha BSC,Y,GK,90,4,0,4,100,1,1,0,0,0,0,13,36,36.1,41,2,68.3,54.6,9,88.9,68,9,0,0,1,20.4
15/5/21,Stefan Ortega,Bundesliga,Matchweek 33,Home,D 1–1,Arminia,Hoffenheim,Y,GK,90,3,1,2,66.7,0,1.4,0,0,0,0,13,25,52,47,3,38.3,37,9,77.8,59.9,12,2,16.7,2,21
25/10/20,Philipp Pentke,Bundesliga,Matchweek 5,Away,D 1–1,Hoffenheim,Werder Bremen,Y,GK,90,2,1,1,50,0,0.4,0,0,0,0,2,6,33.3,25,5,20,29.8,4,25,31.5,2,0,0,1,20.3
15/5/21,Philipp Pentke,Bundesliga,Matchweek 33,Away,D 1–1,Hoffenheim,Arminia,Y,GK,90,6,1,5,83.3,0,2.8,0,0,0,0,7,13,53.8,37,10,35.1,32.7,8,0,13.8,4,0,0,0,15.2
27/9/20,Pavao Pervan,Bundesliga,Matchweek 2,Away,D 1–1,Wolfsburg,Freiburg,Y,GK,90,7,1,5,85.7,0,2.7,0,0,0,0,8,19,42.1,23,1,56.5,43.2,9,66.7,53.4,13,1,7.7,0,11.3
19/9/20,Florian Müller,Bundesliga,Matchweek 1,Away,W 3–2,Freiburg,Stuttgart,Y,GK,90,6,2,4,66.7,0,1.8,0,0,0,0,8,22,36.4,28,2,35.7,35.4,12,100,71,11,1,9.1,0,11
27/9/20,Florian Müller,Bundesliga,Matchweek 2,Home,D 1–1,Freiburg,Wolfsburg,Y,GK,90,2,1,1,50,0,1,0,0,0,0,4,12,33.3,25,2,24,28.4,10,60,48.7,3,0,0,0,8.3
3/10/20,Florian Müller,Bundesliga,Matchweek 3,Away,L 0–4,Freiburg,Dortmund,Y,GK,90,6,4,2,33.3,0,2.7,0,0,0,0,6,20,30,30,3,43.3,38.6,10,70,52,4,0,0,0,11
17/10/20,Florian Müller,Bundesliga,Matchweek 4,Home,D 1–1,Freiburg,Werder Bremen,Y,GK,90,3,1,3,100,0,1.7,1,1,0,0,3,8,37.5,18,2,22.2,29.7,9,44.4,46.6,6,0,0,0,10
24/10/20,Florian Müller,Bundesliga,Matchweek 5,Away,D 1–1,Freiburg,Union Berlin,Y,GK,90,7,1,6,85.7,0,1.5,0,0,0,0,10,26,38.5,31,3,48.4,45.2,12,91.7,70.3,15,1,6.7,1,17.3
1/11/20,Florian Müller,Bundesliga,Matchweek 6,Home,L 2–4,Freiburg,Leverkusen,Y,GK,90,7,4,3,42.9,0,2.2,0,0,0,0,5,18,27.8,36,4,44.4,42.2,5,40,45.4,10,0,0,0,9.3
7/11/20,Florian Müller,Bundesliga,Matchweek 7,Away,L 0–3,Freiburg,RB Leipzig,Y,GK,90,6,3,4,66.7,0,2.4,1,1,0,0,2,16,12.5,33,3,42.4,40.3,5,40,39,8,1,12.5,1,16.7
22/11/20,Florian Müller,Bundesliga,Matchweek 8,Home,L 1–3,Freiburg,Mainz 05,Y,GK,90,8,3,5,62.5,0,2.5,0,0,0,0,1,7,14.3,35,1,5.7,21.7,9,55.6,44,3,0,0,1,45
28/11/20,Florian Müller,Bundesliga,Matchweek 9,Away,D 1–1,Freiburg,Augsburg,Y,GK,90,2,1,1,50,0,0.3,0,0,0,0,12,25,48,36,3,41.7,43.6,11,90.9,64,8,0,0,0,17.3
5/12/20,Florian Müller,Bundesliga,Matchweek 10,Home,D 2–2,Freiburg,M'Gladbach,Y,GK,90,4,2,2,50,0,1.4,0,0,0,0,10,22,45.5,29,6,48.3,43.8,8,100,71.9,5,1,20,1,19
12/12/20,Florian Müller,Bundesliga,Matchweek 11,Home,W 2–0,Freiburg,Arminia,Y,GK,90,3,0,3,100,1,1.2,0,0,0,0,7,20,35,35,9,51.4,43.4,4,50,43.3,9,0,0,1,11.2
16/12/20,Florian Müller,Bundesliga,Matchweek 12,Away,W 2–0,Freiburg,Schalke 04,Y,GK,90,2,0,2,100,1,0,0,0,0,0,3,18,16.7,28,6,42.9,40.5,7,85.7,62.1,6,1,16.7,0,11.4
20/12/20,Florian Müller,Bundesliga,Matchweek 13,Home,W 4–1,Freiburg,Hertha BSC,Y,GK,90,3,1,2,66.7,0,1.2,0,0,0,0,8,33,24.2,33,3,75.8,57.2,8,100,74.4,8,0,0,0,12.4
2/1/21,Florian Müller,Bundesliga,Matchweek 14,Away,W 3–1,Freiburg,Hoffenheim,Y,GK,90,6,1,5,83.3,0,1.8,0,0,0,0,8,20,40,22,4,59.1,45,7,100,67.9,8,0,0,0,9.8
9/1/21,Florian Müller,Bundesliga,Matchweek 15,Home,W 5–0,Freiburg,Köln,Y,GK,90,2,0,2,100,1,0.1,0,0,0,0,12,23,52.2,38,5,47.4,39.8,5,100,70,10,1,10,1,15.3
17/1/21,Florian Müller,Bundesliga,Matchweek 16,Away,L 1–2,Freiburg,Bayern Munich,Y,GK,90,9,2,7,77.8,0,3.5,0,0,0,0,8,20,40,31,4,41.9,38.2,10,70,48.1,9,0,0,0,9
20/1/21,Florian Müller,Bundesliga,Matchweek 17,Home,D 2–2,Freiburg,Eint Frankfurt,Y,GK,90,3,2,2,33.3,0,0.6,0,0,0,0,4,31,12.9,33,4,63.6,48.2,10,100,71.3,11,0,0,3,18.4
23/1/21,Florian Müller,Bundesliga,Matchweek 18,Home,W 2–1,Freiburg,Stuttgart,Y,GK,90,8,1,7,87.5,0,2.3,1,0,1,0,9,34,26.5,32,3,65.6,54.8,14,92.9,72,14,1,7.1,1,14.4
31/1/21,Florian Müller,Bundesliga,Matchweek 19,Away,L 0–3,Freiburg,Wolfsburg,Y,GK,90,5,3,2,40,0,2.9,0,0,0,0,7,19,36.8,34,4,47.1,38,6,50,41.2,12,1,8.3,0,15.8
6/2/21,Florian Müller,Bundesliga,Matchweek 20,Home,W 2–1,Freiburg,Dortmund,Y,GK,90,5,1,4,80,0,1.8,0,0,0,0,1,18,5.6,34,8,38.2,40.4,10,50,46,8,2,25,1,13.1
13/2/21,Florian Müller,Bundesliga,Matchweek 21,Away,D 0–0,Freiburg,Werder Bremen,Y,GK,90,4,0,4,100,1,0.3,0,0,0,0,4,8,50,28,8,21.4,32.6,7,28.6,35.4,7,0,0,1,17.3
20/2/21,Florian Müller,Bundesliga,Matchweek 22,Home,L 0–1,Freiburg,Union Berlin,Y,GK,90,4,1,3,75,0,1.5,0,0,0,0,3,15,20,42,8,19,24.7,9,77.8,63.8,6,0,0,2,14.6
28/2/21,Florian Müller,Bundesliga,Matchweek 23,Away,W 2–1,Freiburg,Leverkusen,Y,GK,90,5,1,4,80,0,0.3,0,0,0,0,5,25,20,30,4,26.7,34.1,18,94.4,68.2,11,0,0,0,10.2
6/3/21,Florian Müller,Bundesliga,Matchweek 24,Home,L 0–3,Freiburg,RB Leipzig,Y,GK,90,7,3,4,57.1,0,1.8,0,0,0,0,5,16,31.3,52,8,13.5,28.8,11,81.8,61.8,7,0,0,1,17.4
13/3/21,Florian Müller,Bundesliga,Matchweek 25,Away,L 0–1,Freiburg,Mainz 05,Y,GK,90,7,1,6,85.7,0,1.8,0,0,0,0,4,20,20,51,6,29.4,32.8,6,83.3,62.7,7,0,0,3,17.8
21/3/21,Florian Müller,Bundesliga,Matchweek 26,Home,W 2–0,Freiburg,Augsburg,Y,GK,90,7,0,7,100,1,1.9,0,0,0,0,14,28,50,42,4,42.9,39.7,11,90.9,69.9,9,1,11.1,1,26.3
3/4/21,Florian Müller,Bundesliga,Matchweek 27,Away,L 1–2,Freiburg,M'Gladbach,Y,GK,90,6,2,4,66.7,0,1.7,0,0,0,0,5,13,38.5,46,11,21.7,30.9,7,42.9,40.7,7,0,0,1,15.4
9/4/21,Florian Müller,Bundesliga,Matchweek 28,Away,L 0–1,Freiburg,Arminia,Y,GK,90,3,1,3,66.7,0,0.2,0,0,0,0,8,21,38.1,49,7,38.8,36.1,10,20,30.1,11,1,9.1,0,10.5
17/4/21,Florian Müller,Bundesliga,Matchweek 29,Home,W 4–0,Freiburg,Schalke 04,Y,GK,90,2,0,2,100,1,0.8,0,0,0,0,1,7,14.3,47,5,8.5,25,4,75,57.3,4,0,0,1,18.8
6/5/21,Florian Müller,Bundesliga,Matchweek 30,Away,L 0–3,Freiburg,Hertha BSC,Y,GK,90,6,3,3,50,0,2.4,0,0,0,0,7,9,77.8,32,4,18.8,26,9,33.3,31.3,2,0,0,1,19
24/4/21,Florian Müller,Bundesliga,Matchweek 31,Home,D 1–1,Freiburg,Hoffenheim,Y,GK,90,4,1,3,75,0,1.3,0,0,0,0,5,13,38.5,26,5,26.9,33,8,75,56.9,6,0,0,1,19.6
19/9/20,Gregor Kobel,Bundesliga,Matchweek 1,Home,L 2–3,Stuttgart,Freiburg,Y,GK,90,5,3,2,40,0,1.3,0,0,0,0,4,5,80,36,4,13.9,21.8,3,0,14,3,0,0,1,19.5
26/9/20,Gregor Kobel,Bundesliga,Matchweek 2,Away,W 4–1,Stuttgart,Mainz 05,Y,GK,90,2,1,1,50,0,1,0,0,0,0,9,13,69.2,24,4,41.7,35,8,37.5,40,9,0,0,2,18.5
3/10/20,Gregor Kobel,Bundesliga,Matchweek 3,Home,D 1–1,Stuttgart,Leverkusen,Y,GK,90,7,1,6,85.7,0,1.4,0,0,0,0,8,18,44.4,34,7,44.1,37.3,13,23.1,29.3,6,0,0,1,15.8
17/10/20,Gregor Kobel,Bundesliga,Matchweek 4,Away,W 2–0,Stuttgart,Hertha BSC,Y,GK,90,4,0,4,100,1,0.6,0,0,0,0,2,14,14.3,23,6,56.5,42.1,11,9.1,17.9,12,0,0,0,10.7
23/10/20,Gregor Kobel,Bundesliga,Matchweek 5,Home,D 1–1,Stuttgart,Köln,Y,GK,90,3,1,3,100,0,1.1,1,1,0,0,7,12,58.3,24,4,37.5,31.5,8,37.5,36.5,19,1,5.3,1,12.2
30/10/20,Gregor Kobel,Bundesliga,Matchweek 6,Away,D 1–1,Stuttgart,Schalke 04,Y,GK,90,2,1,1,50,0,0.9,0,0,0,0,5,8,62.5,25,6,24,29.4,5,40,25.6,2,0,0,1,14.2
7/11/20,Gregor Kobel,Bundesliga,Matchweek 7,Home,D 2–2,Stuttgart,Eint Frankfurt,Y,GK,90,7,2,5,71.4,0,2.5,0,0,0,0,4,13,30.8,26,6,38.5,32.7,9,33.3,19.4,13,1,7.7,0,12.8
21/11/20,Gregor Kobel,Bundesliga,Matchweek 8,Away,D 3–3,Stuttgart,Hoffenheim,Y,GK,90,7,3,5,71.4,0,2.2,1,1,0,0,4,8,50,38,11,21.1,26.1,6,0,8.8,10,0,0,1,16.4
28/11/20,Gregor Kobel,Bundesliga,Matchweek 9,Home,L 1–3,Stuttgart,Bayern Munich,Y,GK,90,6,3,3,50,0,0.7,0,0,0,0,3,6,50,28,11,17.9,21.8,7,14.3,19,12,0,0,0,12.8
6/12/20,Gregor Kobel,Bundesliga,Matchweek 10,Away,W 2–1,Stuttgart,Werder Bremen,Y,GK,90,3,1,2,66.7,0,0.6,0,0,0,0,4,11,36.4,35,8,31.4,31.4,9,0,9,12,0,0,2,15.1
12/12/20,Gregor Kobel,Bundesliga,Matchweek 11,Away,W 5–1,Stuttgart,Dortmund,Y,GK,90,4,1,3,75,0,1,0,0,0,0,2,11,18.2,21,5,47.6,44,5,20,16.6,10,0,0,0,11.1
15/12/20,Gregor Kobel,Bundesliga,Matchweek 12,Home,D 2–2,Stuttgart,Union Berlin,Y,GK,90,5,2,3,60,0,1.2,0,0,0,0,4,10,40,27,4,25.9,31.7,9,33.3,27.4,8,1,12.5,1,16
20/12/20,Gregor Kobel,Bundesliga,Matchweek 13,Away,L 0–1,Stuttgart,Wolfsburg,Y,GK,90,5,1,4,80,0,2.2,0,0,0,0,3,7,42.9,33,6,21.2,27.2,11,0,16.1,9,0,0,0,13.9
2/1/21,Gregor Kobel,Bundesliga,Matchweek 14,Home,L 0–1,Stuttgart,RB Leipzig,Y,GK,90,7,1,6,85.7,0,2.8,1,0,1,0,3,10,30,27,6,29.6,33.3,15,13.3,21.4,14,1,7.1,0,
10/1/21,Gregor Kobel,Bundesliga,Matchweek 15,Away,W 4–1,Stuttgart,Augsburg,Y,GK,90,3,1,1,66.7,0,1,0,0,0,0,0,6,0,27,5,22.2,25.5,9,0,14.6,5,1,20,0,15
16/1/21,Gregor Kobel,Bundesliga,Matchweek 16,Home,D 2–2,Stuttgart,M'Gladbach,Y,GK,90,4,2,3,75,0,2.2,1,1,0,0,3,4,75,29,3,13.8,23.6,4,0,12,2,0,0,1,22
20/1/21,Gregor Kobel,Bundesliga,Matchweek 17,Away,L 0–3,Stuttgart,Arminia,Y,GK,90,4,3,2,25,0,2.1,0,0,0,0,2,6,33.3,31,6,19.4,26.3,8,0,16.6,2,1,50,0,10
23/1/21,Gregor Kobel,Bundesliga,Matchweek 18,Away,L 1–2,Stuttgart,Freiburg,Y,GK,90,5,2,3,60,0,1.7,0,0,0,0,6,13,46.2,35,8,25.7,29.4,8,50,42.1,9,0,0,0,13.3
29/1/21,Gregor Kobel,Bundesliga,Matchweek 19,Home,W 2–0,Stuttgart,Mainz 05,Y,GK,90,2,0,2,100,1,0.1,0,0,0,0,6,13,46.2,28,7,32.1,31.3,11,36.4,34.7,11,2,18.2,0,8.2
6/2/21,Gregor Kobel,Bundesliga,Matchweek 20,Away,L 2–5,Stuttgart,Leverkusen,Y,GK,90,13,5,7,61.5,0,3.5,0,0,0,0,8,14,57.1,28,4,42.9,35,7,28.6,31.4,7,1,14.3,1,16.2
13/2/21,Gregor Kobel,Bundesliga,Matchweek 21,Home,D 1–1,Stuttgart,Hertha BSC,Y,GK,90,1,1,0,0,0,0.7,0,0,0,0,2,13,15.4,24,4,54.2,40.7,8,0,18.9,6,0,0,0,9
20/2/21,Gregor Kobel,Bundesliga,Matchweek 22,Away,W 1–0,Stuttgart,Köln,Y,GK,90,0,0,0,,1,0,0,0,0,0,4,16,25,27,8,29.6,29,12,66.7,51.1,5,3,60,1,17.3
27/2/21,Gregor Kobel,Bundesliga,Matchweek 23,Home,W 5–1,Stuttgart,Schalke 04,Y,GK,90,4,1,3,75,0,2.2,1,0,1,0,6,12,50,25,3,44,34.5,7,14.3,22.6,5,1,20,0,13.5
6/3/21,Gregor Kobel,Bundesliga,Matchweek 24,Away,D 1–1,Stuttgart,Eint Frankfurt,Y,GK,90,7,1,6,85.7,0,1.8,0,0,0,0,4,11,36.4,27,7,33.3,34.8,5,40,29.8,11,0,0,1,17.3
14/3/21,Gregor Kobel,Bundesliga,Matchweek 25,Home,W 2–0,Stuttgart,Hoffenheim,Y,GK,90,5,0,5,100,1,0.4,0,0,0,0,9,11,81.8,30,9,33.3,30.9,11,9.1,19.7,17,2,11.8,0,14
20/3/21,Gregor Kobel,Bundesliga,Matchweek 26,Away,L 0–4,Stuttgart,Bayern Munich,Y,GK,90,7,4,3,42.9,0,2.8,0,0,0,0,1,2,50,20,7,10,22,7,0,15.7,6,0,0,2,17
4/4/21,Gregor Kobel,Bundesliga,Matchweek 27,Home,W 1–0,Stuttgart,Werder Bremen,Y,GK,90,2,0,2,100,1,0,0,0,0,0,3,7,42.9,30,9,16.7,26.3,10,20,27.8,7,1,14.3,1,12.9
10/4/21,Gregor Kobel,Bundesliga,Matchweek 28,Home,L 2–3,Stuttgart,Dortmund,Y,GK,90,7,3,4,57.1,0,1.7,0,0,0,0,5,12,41.7,30,8,30,28.9,9,33.3,28.3,6,0,0,0,13
17/4/21,Gregor Kobel,Bundesliga,Matchweek 29,Away,L 1–2,Stuttgart,Union Berlin,Y,GK,90,4,2,2,50,0,1.2,0,0,0,0,5,9,55.6,27,6,25.9,27.6,5,40,35,7,1,14.3,0,10.3
21/4/21,Gregor Kobel,Bundesliga,Matchweek 30,Home,L 1–3,Stuttgart,Wolfsburg,Y,GK,90,4,3,1,25,0,1.9,0,0,0,0,4,9,44.4,26,3,30.8,27.9,10,10,15.7,5,1,20,0,4.5
25/4/21,Gregor Kobel,Bundesliga,Matchweek 31,Away,L 0–2,Stuttgart,RB Leipzig,Y,GK,90,10,2,9,90,0,2.9,1,1,0,0,6,20,30,44,6,31.8,31.5,14,42.9,35.2,18,0,0,0,9.6
15/5/21,Gregor Kobel,Bundesliga,Matchweek 33,Away,W 2–1,Stuttgart,M'Gladbach,Y,GK,90,4,1,3,75,0,1.6,0,0,0,0,2,10,20,31,5,25.8,28.2,5,40,38.2,6,1,16.7,0,7.8
19/9/20,Kevin Trapp,Bundesliga,Matchweek 1,Home,D 1–1,Eint Frankfurt,Arminia,Y,GK,90,4,1,3,75,0,1.3,0,0,0,0,6,13,46.2,32,5,31.3,30.1,7,42.9,34.6,7,1,14.3,0,9.5
25/9/20,Kevin Trapp,Bundesliga,Matchweek 2,Away,W 3–1,Eint Frankfurt,Hertha BSC,Y,GK,90,6,1,6,83.3,0,0.7,0,0,0,0,10,19,52.6,34,7,47.1,42.1,5,60,49.2,16,1,6.3,1,17.5
3/10/20,Kevin Trapp,Bundesliga,Matchweek 3,Home,W 2–1,Eint Frankfurt,Hoffenheim,Y,GK,90,3,1,2,66.7,0,1.3,0,0,0,0,12,23,52.2,38,7,50,39.3,7,57.1,49.9,6,2,33.3,2,18.4
18/10/20,Kevin Trapp,Bundesliga,Matchweek 4,Away,D 1–1,Eint Frankfurt,Köln,Y,GK,90,5,1,4,80,0,1.3,0,0,0,0,21,33,63.6,50,1,56,38.9,5,100,74.6,9,1,11.1,0,21
24/10/20,Kevin Trapp,Bundesliga,Matchweek 5,Away,L 0–5,Eint Frankfurt,Bayern Munich,Y,GK,90,9,5,4,44.4,0,4.1,0,0,0,0,8,18,44.4,24,5,58.3,44.3,9,44.4,38.6,10,1,10,0,11.5
31/10/20,Kevin Trapp,Bundesliga,Matchweek 6,Home,D 1–1,Eint Frankfurt,Werder Bremen,Y,GK,90,4,1,3,75,0,0.4,0,0,0,0,3,5,60,30,6,16.7,25.7,5,0,17.2,7,1,14.3,1,18.7
7/11/20,Kevin Trapp,Bundesliga,Matchweek 7,Away,D 2–2,Eint Frankfurt,Stuttgart,Y,GK,90,4,2,3,75,0,1.2,1,1,0,0,4,11,36.4,24,3,33.3,32.1,8,37.5,41.6,5,0,0,0,13
21/11/20,Kevin Trapp,Bundesliga,Matchweek 8,Home,D 1–1,Eint Frankfurt,RB Leipzig,Y,GK,90,2,1,1,50,0,1,0,0,0,0,11,32,34.4,45,8,57.8,40.6,7,85.7,55.6,12,0,0,1,12.9
28/11/20,Kevin Trapp,Bundesliga,Matchweek 9,Away,D 3–3,Eint Frankfurt,Union Berlin,Y,GK,90,6,3,4,66.7,0,3.4,1,1,0,0,6,14,42.9,35,5,31.4,32.5,7,42.9,39.4,11,1,9.1,1,16.2
5/12/20,Kevin Trapp,Bundesliga,Matchweek 10,Home,D 1–1,Eint Frankfurt,Dortmund,Y,GK,90,5,1,4,80,0,0.5,0,0,0,0,8,30,26.7,31,3,80.6,49.2,9,55.6,41.9,6,0,0,0,11.8
11/12/20,Kevin Trapp,Bundesliga,Matchweek 11,Away,L 1–2,Eint Frankfurt,Wolfsburg,Y,GK,90,8,2,7,87.5,0,3,1,1,0,0,9,26,34.6,40,8,57.5,42.8,9,33.3,33,11,2,18.2,2,13.5
15/12/20,Kevin Trapp,Bundesliga,Matchweek 12,Home,D 3–3,Eint Frankfurt,M'Gladbach,Y,GK,90,3,3,1,33.3,0,2.1,1,1,0,0,7,27,25.9,30,2,70,48,6,100,63.8,8,0,0,0,16.9
19/12/20,Kevin Trapp,Bundesliga,Matchweek 13,Away,W 2–0,Eint Frankfurt,Augsburg,Y,GK,90,4,0,4,100,1,1,0,0,0,0,10,22,45.5,33,8,45.5,38.7,13,53.8,43.6,11,2,18.2,1,15.5
2/1/21,Kevin Trapp,Bundesliga,Matchweek 14,Home,W 2–1,Eint Frankfurt,Leverkusen,Y,GK,90,2,1,1,50,0,0.2,0,0,0,0,11,25,44,23,2,69.6,50,9,100,67.6,10,0,0,1,12.4
9/1/21,Kevin Trapp,Bundesliga,Matchweek 15,Away,W 2–0,Eint Frankfurt,Mainz 05,Y,GK,90,1,0,1,100,1,0.2,0,0,0,0,13,28,46.4,40,4,57.5,39.6,8,62.5,48.9,10,0,0,0,8
17/1/21,Kevin Trapp,Bundesliga,Matchweek 16,Home,W 3–1,Eint Frankfurt,Schalke 04,Y,GK,90,1,1,0,0,0,0.2,0,0,0,0,6,12,50,30,4,23.3,29.7,7,71.4,43.6,7,1,14.3,1,21
20/1/21,Kevin Trapp,Bundesliga,Matchweek 17,Away,D 2–2,Eint Frankfurt,Freiburg,Y,GK,90,4,2,2,50,0,1.5,0,0,0,0,7,19,36.8,33,4,45.5,37.3,9,44.4,40.7,8,0,0,0,14.6
23/1/21,Kevin Trapp,Bundesliga,Matchweek 18,Away,W 5–1,Eint Frankfurt,Arminia,Y,GK,90,4,1,3,75,0,0.7,0,0,0,0,3,8,37.5,29,5,27.6,30.1,2,0,34,9,2,22.2,0,5
30/1/21,Kevin Trapp,Bundesliga,Matchweek 19,Home,W 3–1,Eint Frankfurt,Hertha BSC,Y,GK,90,3,1,2,66.7,0,0.9,0,0,0,0,8,19,42.1,38,8,39.5,36.8,9,44.4,38.2,6,2,33.3,2,21.6
7/2/21,Kevin Trapp,Bundesliga,Matchweek 20,Away,W 3–1,Eint Frankfurt,Hoffenheim,Y,GK,90,1,1,0,0,0,0.9,0,0,0,0,6,17,35.3,29,3,48.3,39.1,9,33.3,34.2,3,0,0,0,6.3
14/2/21,Kevin Trapp,Bundesliga,Matchweek 21,Home,W 2–0,Eint Frankfurt,Köln,Y,GK,90,1,0,1,100,1,0,0,0,0,0,4,14,28.6,34,3,35.3,35.3,5,40,37.4,4,0,0,1,16.6
20/2/21,Kevin Trapp,Bundesliga,Matchweek 22,Home,W 2–1,Eint Frankfurt,Bayern Munich,Y,GK,90,6,1,5,83.3,0,1.7,0,0,0,0,15,35,42.9,32,5,71.9,51.8,18,66.7,55.1,15,1,6.7,1,15.4
26/2/21,Kevin Trapp,Bundesliga,Matchweek 23,Away,L 1–2,Eint Frankfurt,Werder Bremen,Y,GK,90,5,2,3,60,0,1.8,0,0,0,0,4,10,40,26,6,38.5,34,3,0,24.7,2,1,50,0,14.8
6/3/21,Kevin Trapp,Bundesliga,Matchweek 24,Home,D 1–1,Eint Frankfurt,Stuttgart,Y,GK,90,1,1,0,0,0,0.2,0,0,0,0,5,17,29.4,31,4,51.6,38.8,8,12.5,23.5,9,2,22.2,0,10.3
14/3/21,Kevin Trapp,Bundesliga,Matchweek 25,Away,D 1–1,Eint Frankfurt,RB Leipzig,Y,GK,90,8,1,7,87.5,0,1.5,0,0,0,0,11,32,34.4,45,9,60,42.6,6,83.3,65.5,10,1,10,3,15.8
20/3/21,Kevin Trapp,Bundesliga,Matchweek 26,Home,W 5–2,Eint Frankfurt,Union Berlin,Y,GK,90,6,2,4,66.7,0,2.2,0,0,0,0,7,22,31.8,32,6,43.8,38.4,10,80,63.8,17,1,5.9,0,17.2
3/4/21,Kevin Trapp,Bundesliga,Matchweek 27,Away,W 2–1,Eint Frankfurt,Dortmund,Y,GK,90,5,1,4,80,0,1.2,0,0,0,0,7,23,30.4,30,6,56.7,40.5,13,46.2,39.1,10,0,0,1,15.5
10/4/21,Kevin Trapp,Bundesliga,Matchweek 28,Home,W 4–3,Eint Frankfurt,Wolfsburg,Y,GK,90,7,3,5,57.1,0,1.3,0,0,0,0,13,25,52,25,1,72,48,12,58.3,42.6,10,0,0,0,12
17/4/21,Kevin Trapp,Bundesliga,Matchweek 29,Away,L 0–4,Eint Frankfurt,M'Gladbach,Y,GK,90,4,4,0,0,0,1.6,0,0,0,0,5,14,35.7,25,4,32,30.2,10,60,44.8,10,0,0,0,14.8
20/4/21,Kevin Trapp,Bundesliga,Matchweek 30,Home,W 2–0,Eint Frankfurt,Augsburg,Y,GK,90,4,0,4,100,1,0,1,0,0,1,3,15,20,32,5,40.6,37,8,25,32.3,9,0,0,2,18.1
24/4/21,Kevin Trapp,Bundesliga,Matchweek 31,Away,L 1–3,Eint Frankfurt,Leverkusen,Y,GK,90,9,3,6,66.7,0,3.4,0,0,0,0,12,25,48,60,6,33.3,34.1,9,55.6,45.9,8,0,0,2,14.7
9/5/21,Kevin Trapp,Bundesliga,Matchweek 32,Home,D 1–1,Eint Frankfurt,Mainz 05,Y,GK,90,3,1,2,66.7,0,0.6,0,0,0,0,1,5,20,34,6,11.8,22.5,5,20,26.4,9,1,11.1,0,14
15/5/21,Kevin Trapp,Bundesliga,Matchweek 33,Away,L 3–4,Eint Frankfurt,Schalke 04,Y,GK,90,5,4,1,20,0,3.2,1,0,1,0,1,2,50,15,2,6.7,29.6,6,16.7,26.5,1,0,0,0,20.5
6/12/20,Michael Langer,Bundesliga,Matchweek 10,Home,L 0–3,Schalke 04,Leverkusen,Y,GK,90,9,3,7,66.7,0,3.1,0,0,0,0,8,14,57.1,13,1,53.8,40.8,15,46.7,36.6,9,0,0,0,6
20/2/21,Michael Langer,Bundesliga,Matchweek 22,Home,L 0–4,Schalke 04,Dortmund,N,GK,59,5,4,1,20,0,2.7,0,0,0,0,2,8,25,12,1,41.7,38.3,3,100,65.3,3,0,0,0,9
27/2/21,Michael Langer,Bundesliga,Matchweek 23,Away,L 1–5,Schalke 04,Stuttgart,Y,GK,90,10,5,5,50,0,2.9,0,0,0,0,1,13,7.7,25,5,40,36.9,8,37.5,34.6,11,0,0,3,20.7
7/5/21,Fabian Bredlow,Bundesliga,Matchweek 32,Home,W 2–1,Stuttgart,Augsburg,Y,GK,90,9,1,8,88.9,0,2.4,0,0,0,0,2,11,18.2,27,5,37,33.1,9,11.1,27.6,17,1,5.9,0,10.3
20/9/20,Koen Casteels,Bundesliga,Matchweek 1,Home,D 0–0,Wolfsburg,Leverkusen,Y*,GK,90,3,0,3,100,1,0.5,0,0,0,0,10,27,37,41,3,56.1,43.9,5,80,59.2,11,1,9.1,0,13.7
4/10/20,Koen Casteels,Bundesliga,Matchweek 3,Home,D 0–0,Wolfsburg,Augsburg,Y,GK,90,1,0,1,100,1,0.1,0,0,0,0,4,9,44.4,28,5,25,34.1,4,50,41.5,6,2,33.3,1,17
17/10/20,Koen Casteels,Bundesliga,Matchweek 4,Away,D 1–1,Wolfsburg,M'Gladbach,Y,GK,90,1,1,1,100,0,0.4,1,1,0,0,9,23,39.1,39,6,41,36.9,9,77.8,52.7,8,2,25,0,10.7
25/10/20,Koen Casteels,Bundesliga,Matchweek 5,Home,W 2–1,Wolfsburg,Arminia,Y,GK,90,1,1,0,0,0,0.8,0,0,0,0,11,22,50,35,7,48.6,39,5,100,68.8,9,0,0,0,14.8
1/11/20,Koen Casteels,Bundesliga,Matchweek 6,Away,D 1–1,Wolfsburg,Hertha BSC,Y*,GK,90,5,1,4,80,0,1,0,0,0,0,5,13,38.5,18,5,50,37.6,9,44.4,40.8,7,0,0,0,12.2
8/11/20,Koen Casteels,Bundesliga,Matchweek 7,Home,W 2–1,Wolfsburg,Hoffenheim,Y*,GK,90,4,1,3,75,0,1.7,1,0,1,0,12,24,50,24,6,62.5,44.7,10,90,63.1,16,1,6.3,1,16.4
21/11/20,Koen Casteels,Bundesliga,Matchweek 8,Away,W 2–0,Wolfsburg,Schalke 04,Y*,GK,90,6,0,6,100,1,0.7,0,0,0,0,8,21,38.1,39,6,38.5,36.6,7,85.7,61.4,10,0,0,0,12.2
27/11/20,Koen Casteels,Bundesliga,Matchweek 9,Home,W 5–3,Wolfsburg,Werder Bremen,Y*,GK,90,4,3,2,25,0,1.5,0,0,0,0,6,7,85.7,21,5,28.6,29.2,4,25,29,6,3,50,0,17
5/12/20,Koen Casteels,Bundesliga,Matchweek 10,Away,D 2–2,Wolfsburg,Köln,Y*,GK,90,3,2,1,33.3,0,2.3,0,0,0,0,3,8,37.5,28,5,17.9,28.5,4,75,65,8,1,12.5,1,14.7
11/12/20,Koen Casteels,Bundesliga,Matchweek 11,Home,W 2–1,Wolfsburg,Eint Frankfurt,Y*,GK,90,3,1,3,100,0,1.2,1,1,0,0,8,21,38.1,41,3,43.9,39.1,3,100,66.7,8,1,12.5,1,15.8
16/12/20,Koen Casteels,Bundesliga,Matchweek 12,Away,L 1–2,Wolfsburg,Bayern Munich,Y*,GK,90,2,2,0,0,0,1.4,0,0,0,0,8,13,61.5,22,3,45.5,41.7,5,60,43.2,8,0,0,3,18.6
20/12/20,Koen Casteels,Bundesliga,Matchweek 13,Home,W 1–0,Wolfsburg,Stuttgart,Y*,GK,90,2,0,2,100,1,0.1,0,0,0,0,12,22,54.5,41,12,43.9,38.3,5,80,62.4,7,1,14.3,2,13.9
3/1/21,Koen Casteels,Bundesliga,Matchweek 14,Away,L 0–2,Wolfsburg,Dortmund,Y*,GK,90,7,2,5,71.4,0,1.9,0,0,0,0,6,11,54.5,28,3,32.1,32.8,7,28.6,40,9,1,11.1,2,24.8
9/1/21,Koen Casteels,Bundesliga,Matchweek 15,Away,D 2–2,Wolfsburg,Union Berlin,Y*,GK,90,6,2,4,66.7,0,2,0,0,0,0,5,22,22.7,29,7,41.4,37.7,11,90.9,65.2,14,2,14.3,1,12
16/1/21,Koen Casteels,Bundesliga,Matchweek 16,Home,D 2–2,Wolfsburg,RB Leipzig,Y,GK,90,8,2,6,75,0,2.8,0,0,0,0,8,11,72.7,26,4,26.9,29.3,6,66.7,50,5,0,0,2,24
19/1/21,Koen Casteels,Bundesliga,Matchweek 17,Away,W 2–0,Wolfsburg,Mainz 05,Y*,GK,90,0,0,0,,1,0,0,0,0,0,14,24,58.3,37,4,51.4,40.6,7,71.4,46.3,4,0,0,3,18.6
23/1/21,Koen Casteels,Bundesliga,Matchweek 18,Away,W 1–0,Wolfsburg,Leverkusen,Y*,GK,90,3,0,3,100,1,1.1,0,0,0,0,11,25,44,40,5,50,42.6,7,71.4,53,11,2,18.2,1,12.8
31/1/21,Koen Casteels,Bundesliga,Matchweek 19,Home,W 3–0,Wolfsburg,Freiburg,Y*,GK,90,2,0,2,100,1,0.3,0,0,0,0,12,18,66.7,30,5,36.7,34.2,7,100,62.9,11,0,0,0,12.2
6/2/21,Koen Casteels,Bundesliga,Matchweek 20,Away,W 2–0,Wolfsburg,Augsburg,Y*,GK,90,1,0,1,100,1,0.1,0,0,0,0,5,12,41.7,40,8,30,30.4,5,0,15.8,5,0,0,1,15.3
14/2/21,Koen Casteels,Bundesliga,Matchweek 21,Home,D 0–0,Wolfsburg,M'Gladbach,Y*,GK,90,3,0,3,100,1,0.2,0,0,0,0,9,16,56.3,44,4,31.8,33.3,7,28.6,33.1,5,1,20,1,14.3
19/2/21,Koen Casteels,Bundesliga,Matchweek 22,Away,W 3–0,Wolfsburg,Arminia,Y*,GK,90,2,0,2,100,1,0,0,0,0,0,8,13,61.5,37,4,29.7,32.2,6,33.3,40.2,3,0,0,0,15.3
27/2/21,Koen Casteels,Bundesliga,Matchweek 23,Home,W 2–0,Wolfsburg,Hertha BSC,Y*,GK,90,2,0,2,100,1,0.7,0,0,0,0,2,13,15.4,29,4,34.5,36.8,3,100,74.3,11,0,0,0,11.6
6/3/21,Koen Casteels,Bundesliga,Matchweek 24,Away,L 1–2,Wolfsburg,Hoffenheim,Y*,GK,90,4,2,2,50,0,1.7,0,0,0,0,2,9,22.2,27,2,29.6,34.1,5,20,26.8,10,0,0,2,25.2
13/3/21,Koen Casteels,Bundesliga,Matchweek 25,Home,W 5–0,Wolfsburg,Schalke 04,Y,GK,90,1,0,1,100,1,0.1,0,0,0,0,7,16,43.8,40,5,32.5,36.5,5,60,44,5,0,0,2,19.8
20/3/21,Koen Casteels,Bundesliga,Matchweek 26,Away,W 2–1,Wolfsburg,Werder Bremen,Y*,GK,90,4,1,3,75,0,1.6,0,0,0,0,8,23,34.8,36,4,50,39,6,83.3,57.8,6,0,0,0,11.7
3/4/21,Koen Casteels,Bundesliga,Matchweek 27,Home,W 1–0,Wolfsburg,Köln,Y*,GK,90,1,0,1,100,1,0,0,0,0,0,8,15,53.3,30,3,23.3,30.6,10,80,57.4,11,0,0,1,19.5
10/4/21,Koen Casteels,Bundesliga,Matchweek 28,Away,L 3–4,Wolfsburg,Eint Frankfurt,Y*,GK,90,5,4,1,20,0,2.9,0,0,0,0,5,18,27.8,37,10,40.5,40.4,4,75,64.3,10,2,20,2,15.2
17/4/21,Koen Casteels,Bundesliga,Matchweek 29,Home,L 2–3,Wolfsburg,Bayern Munich,Y*,GK,90,7,3,4,57.1,0,1.5,0,0,0,0,7,15,46.7,38,6,28.9,31.1,8,50,45.8,6,0,0,2,18.2
21/4/21,Koen Casteels,Bundesliga,Matchweek 30,Away,W 3–1,Wolfsburg,Stuttgart,Y*,GK,90,3,1,2,66.7,0,1.7,1,0,1,0,10,27,37,32,2,68.8,51,5,100,70.4,5,1,20,3,15.9
24/4/21,Koen Casteels,Bundesliga,Matchweek 31,Home,L 0–2,Wolfsburg,Dortmund,Y*,GK,90,3,2,1,33.3,0,1.1,0,0,0,0,2,2,100,16,5,6.3,24.2,5,20,32.8,5,0,0,0,10.6
8/5/21,Koen Casteels,Bundesliga,Matchweek 32,Home,W 3–0,Wolfsburg,Union Berlin,Y*,GK,90,1,0,1,100,1,0.1,0,0,0,0,5,16,31.3,37,3,24.3,34.1,10,70,61.4,12,0,0,1,15.8
16/5/21,Koen Casteels,Bundesliga,Matchweek 33,Away,D 2–2,Wolfsburg,RB Leipzig,Y*,GK,90,3,2,2,66.7,0,2,1,1,0,0,6,19,31.6,34,2,35.3,35.5,9,77.8,59.8,5,0,0,1,17.5
3/1/21,Finn Dahmen,Bundesliga,Matchweek 14,Away,L 2–5,Mainz 05,Bayern Munich,Y,GK,90,11,5,7,63.6,0,5.5,1,1,0,0,0,5,0,18,8,27.8,32.3,5,0,16,16,1,6.3,0,8.4
16/5/21,Finn Dahmen,Bundesliga,Matchweek 33,Home,L 1–3,Mainz 05,Dortmund,Y,GK,90,4,3,1,25,0,2.1,0,0,0,0,5,8,62.5,15,3,33.3,30.3,13,23.1,21.2,6,0,0,1,11.9